user_id,first_name,last_name,age,city,reg_date,plan,churn_date,cant_mensajes,cant_llamadas,cant_minutos_llamada,grupo_uso,grupo_edad
10000,Carlos,Garcia,38.0,Medellín,2022-01-01 00:00:00.000000000,Basico,,7.0,3.0,23.700000000000003,Uso medio,Adulto
10001,Mateo,Torres,53.0,,2022-01-01 06:34:17.914478619,Basico,,5.0,10.0,33.18000000000001,Alto uso,Adulto
10002,Sofia,Ramirez,57.0,CDMX,2022-01-01 13:08:35.828957239,Basico,,5.0,2.0,10.74,Uso medio,Adulto
10003,Mateo,Ramirez,69.0,Bogotá,2022-01-01 19:42:53.743435858,Premium,,11.0,3.0,8.99,Alto uso,Adulto Mayor
10004,Mateo,Torres,63.0,GDL,2022-01-02 02:17:11.657914478,Basico,,4.0,3.0,8.01,Bajo uso,Adulto Mayor
10005,Luis,Garcia,61.0,MTY,2022-01-02 08:51:29.572393098,Basico,,5.0,7.0,44.97,Uso medio,Adulto Mayor
10006,Sofia,Lopez,39.0,Bogotá,2022-01-02 15:25:47.486871717,Basico,,3.0,5.0,28.389999999999997,Uso medio,Adulto
10007,Sofia,Gomez,70.0,Medellín,2022-01-02 22:00:05.401350337,Premium,,3.0,5.0,30.23,Uso medio,Adulto Mayor
10008,Sofia,Garcia,76.0,CDMX,2022-01-03 04:34:23.315828957,Basico,,5.0,5.0,28.85,Uso medio,Adulto Mayor
10009,Mateo,Torres,47.0,Bogotá,2022-01-03 11:08:41.230307576,Basico,,5.0,3.0,5.99,Uso medio,Adulto
10010,Carlos,Gomez,67.0,Bogotá,2022-01-03 17:42:59.144786196,Basico,,7.0,7.0,24.12,Uso medio,Adulto Mayor
10011,Sofia,Ramirez,60.0,Bogotá,2022-01-04 00:17:17.059264816,Premium,,10.0,3.0,6.51,Alto uso,Adulto Mayor
10012,Mariana,Lopez,48.0,Medellín,2022-01-04 06:51:34.973743435,Premium,,6.0,1.0,3.33,Uso medio,Adulto
10013,Mateo,Ramirez,78.0,MTY,2022-01-04 13:25:52.888222055,Premium,,9.0,5.0,23.93,Uso medio,Adulto Mayor
10014,Luis,Torres,77.0,,2022-01-04 20:00:10.802700675,Basico,,8.0,6.0,14.369999999999997,Uso medio,Adulto Mayor
10015,Carlos,Gomez,47.0,Bogotá,2022-01-05 02:34:28.717179294,Basico,,4.0,5.0,27.270000000000003,Uso medio,Adulto
10016,Mariana,Torres,25.0,Bogotá,2022-01-05 09:08:46.631657914,Basico,,3.0,2.0,18.310000000000002,Bajo uso,Joven
10017,Mariana,Gomez,51.0,Cali,2022-01-05 15:43:04.546136534,Basico,,4.0,4.0,10.74,Bajo uso,Adulto
10018,Luis,Garcia,74.0,GDL,2022-01-05 22:17:22.460615153,Basico,,6.0,4.0,12.969999999999999,Uso medio,Adulto Mayor
10019,Carlos,Lopez,64.0,CDMX,2022-01-06 04:51:40.375093773,Basico,,5.0,5.0,28.41,Uso medio,Adulto Mayor
10020,Mateo,Garcia,26.0,Medellín,2022-01-06 11:25:58.289572393,Premium,,6.0,4.0,9.12,Uso medio,Joven
10021,Ana,Garcia,68.0,Bogotá,2022-01-06 18:00:16.204051012,Basico,,7.0,7.0,46.459999999999994,Uso medio,Adulto Mayor
10022,Carlos,Torres,37.0,,2022-01-07 00:34:34.118529632,Basico,,6.0,6.0,24.47,Uso medio,Adulto
10023,Luis,Lopez,57.0,,2022-01-07 07:08:52.033008252,Basico,,6.0,2.0,3.37,Uso medio,Adulto
10024,Mariana,Gomez,42.0,MTY,2022-01-07 13:43:09.947486871,Basico,,5.0,7.0,30.93,Uso medio,Adulto
10025,Mateo,Gomez,36.0,Bogotá,2022-01-07 20:17:27.861965491,Premium,,3.0,5.0,25.46,Uso medio,Adulto
10026,Carlos,Ramirez,22.0,Bogotá,2022-01-08 02:51:45.776444111,Premium,,3.0,3.0,6.470000000000001,Bajo uso,Joven
10027,Ana,Gomez,28.0,MTY,2022-01-08 09:26:03.690922730,Premium,,8.0,7.0,84.77000000000001,Uso medio,Joven
10028,Ana,Torres,32.0,Cali,2022-01-08 16:00:21.605401350,Basico,,5.0,1.0,2.94,Uso medio,Adulto
10029,Sofia,Garcia,25.0,Cali,2022-01-08 22:34:39.519879970,Basico,,8.0,2.0,5.7299999999999995,Uso medio,Joven
10030,Sofia,Garcia,36.0,Bogotá,2022-01-09 05:08:57.434358589,Basico,,7.0,4.0,16.03,Uso medio,Adulto
10031,Luis,Garcia,40.0,CDMX,2022-01-09 11:43:15.348837209,Premium,,8.0,2.0,6.45,Uso medio,Adulto
10032,Carlos,Lopez,44.0,MTY,2022-01-09 18:17:33.263315829,Premium,"1,71832E+18",8.0,2.0,19.119999999999997,Uso medio,Adulto
10033,Carlos,Gomez,57.0,GDL,2022-01-10 00:51:51.177794448,Premium,,2.0,5.0,42.5,Uso medio,Adulto
10034,Mariana,Torres,49.0,Cali,2022-01-10 07:26:09.092273068,Basico,,11.0,5.0,17.57,Alto uso,Adulto
10035,Mariana,Lopez,43.0,CDMX,2022-01-10 14:00:27.006751688,Basico,,2.0,2.0,3.8299999999999996,Bajo uso,Adulto
10036,Mariana,Ramirez,44.0,Cali,2022-01-10 20:34:44.921230307,Basico,,10.0,2.0,2.99,Alto uso,Adulto
10037,Sofia,Torres,79.0,Medellín,2022-01-11 03:09:02.835708927,Premium,,5.0,2.0,4.12,Uso medio,Adulto Mayor
10038,Carlos,Torres,36.0,Medellín,2022-01-11 09:43:20.750187547,Premium,"1,7261E+18",4.0,4.0,11.75,Bajo uso,Adulto
10039,Carlos,Torres,67.0,Bogotá,2022-01-11 16:17:38.664666166,Premium,,9.0,5.0,27.21,Uso medio,Adulto Mayor
10040,Ana,Garcia,59.0,Medellín,,Basico,,3.0,4.0,32.339999999999996,Bajo uso,Adulto
10041,Sofia,Torres,46.0,Medellín,2022-01-12 05:26:14.493623405,Basico,,4.0,3.0,14.4,Bajo uso,Adulto
10042,Mateo,Gomez,56.0,Cali,2022-01-12 12:00:32.408102025,Basico,"1,72169E+18",4.0,4.0,32.25,Bajo uso,Adulto
10043,Sofia,Torres,77.0,Bogotá,2022-01-12 18:34:50.322580645,Basico,,2.0,5.0,34.93,Uso medio,Adulto Mayor
10044,Mateo,Garcia,58.0,Bogotá,2022-01-13 01:09:08.237059264,Basico,"1,7312E+18",8.0,1.0,6.3,Uso medio,Adulto
10045,Ana,Torres,50.0,Medellín,2022-01-13 07:43:26.151537884,Basico,,7.0,5.0,26.43,Uso medio,Adulto
10046,Luis,Ramirez,36.0,CDMX,2022-01-13 14:17:44.066016504,Premium,,6.0,6.0,32.39,Uso medio,Adulto
10047,Carlos,Ramirez,54.0,Bogotá,2022-01-13 20:52:01.980495123,Premium,"1,72843E+18",4.0,2.0,7.3,Bajo uso,Adulto
10048,Ana,Garcia,36.0,,2022-01-14 03:26:19.894973743,Basico,,3.0,1.0,6.58,Bajo uso,Adulto
10049,Carlos,Gomez,50.0,CDMX,2022-01-14 10:00:37.809452363,Basico,,7.0,4.0,20.18,Uso medio,Adulto
10050,Mariana,Gomez,64.0,MTY,2022-01-14 16:34:55.723930982,Basico,,4.0,1.0,14.52,Bajo uso,Adulto Mayor
10051,Luis,Lopez,33.0,MTY,2022-01-14 23:09:13.638409602,Premium,,6.0,2.0,9.35,Uso medio,Adulto
10052,Luis,Garcia,40.0,Medellín,2022-01-15 05:43:31.552888222,Basico,,4.0,3.0,27.990000000000002,Bajo uso,Adulto
10053,Ana,Torres,24.0,CDMX,2022-01-15 12:17:49.467366841,Basico,,4.0,7.0,32.2,Uso medio,Joven
10054,Luis,Garcia,43.0,Medellín,2022-01-15 18:52:07.381845461,Premium,"1,72351E+18",6.0,2.0,1.19,Uso medio,Adulto
10055,Mateo,Lopez,49.0,CDMX,2022-01-16 01:26:25.296324081,Basico,,8.0,5.0,30.38,Uso medio,Adulto
10056,Luis,Garcia,29.0,CDMX,,Basico,"1,72187E+18",6.0,3.0,27.34,Uso medio,Joven
10057,Carlos,Garcia,25.0,Medellín,2022-01-16 14:35:01.125281320,Premium,,5.0,5.0,13.729999999999999,Uso medio,Joven
10058,Carlos,Lopez,22.0,MTY,2022-01-16 21:09:19.039759940,Premium,,2.0,9.0,37.73,Uso medio,Joven
10059,Carlos,Gomez,59.0,,2022-01-17 03:43:36.954238559,Premium,,6.0,3.0,38.79,Uso medio,Adulto
10060,Carlos,Torres,45.0,CDMX,,Basico,,6.0,7.0,39.2,Uso medio,Adulto
10061,Mateo,Lopez,70.0,Bogotá,2022-01-17 16:52:12.783195799,Basico,,9.0,7.0,26.01,Uso medio,Adulto Mayor
10062,Sofia,Ramirez,22.0,CDMX,2022-01-17 23:26:30.697674418,Premium,,6.0,2.0,3.62,Uso medio,Joven
10063,Mariana,Gomez,66.0,MTY,2022-01-18 06:00:48.612153038,Basico,,8.0,4.0,11.700000000000001,Uso medio,Adulto Mayor
10064,Ana,Ramirez,43.0,,2022-01-18 12:35:06.526631658,Premium,,9.0,2.0,8.559999999999999,Uso medio,Adulto
10065,Carlos,Gomez,22.0,,2022-01-18 19:09:24.441110277,Premium,,5.0,3.0,34.480000000000004,Uso medio,Joven
10066,Luis,Torres,39.0,CDMX,2022-01-19 01:43:42.355588897,Premium,,6.0,3.0,14.350000000000001,Uso medio,Adulto
10067,Carlos,Torres,32.0,Bogotá,2022-01-19 08:18:00.270067517,Basico,,5.0,5.0,19.48,Uso medio,Adulto
10068,Luis,Garcia,30.0,Medellín,2022-01-19 14:52:18.184546136,Basico,,4.0,3.0,13.96,Bajo uso,Adulto
10069,Mariana,Ramirez,45.0,GDL,2022-01-19 21:26:36.099024756,Basico,"1,72264E+18",3.0,7.0,38.120000000000005,Uso medio,Adulto
10070,Mariana,Gomez,50.0,CDMX,,Premium,,6.0,3.0,17.41,Uso medio,Adulto
10071,Mariana,Torres,60.0,,2022-01-20 10:35:11.927981995,Basico,,11.0,4.0,12.68,Alto uso,Adulto Mayor
10072,Luis,Lopez,40.0,,2022-01-20 17:09:29.842460615,Basico,,6.0,5.0,29.389999999999997,Uso medio,Adulto
10073,Carlos,Torres,50.0,,2022-01-20 23:43:47.756939235,Basico,"1,72817E+18",6.0,10.0,53.199999999999996,Alto uso,Adulto
10074,Mariana,Lopez,60.0,Cali,2022-01-21 06:18:05.671417854,Basico,,3.0,6.0,28.779999999999998,Uso medio,Adulto Mayor
10075,Mateo,Gomez,35.0,Medellín,2022-01-21 12:52:23.585896474,Basico,,5.0,6.0,17.369999999999997,Uso medio,Adulto
10076,Luis,Torres,67.0,MTY,2022-01-21 19:26:41.500375094,Basico,"1,73405E+18",9.0,0.0,0.0,Uso medio,Adulto Mayor
10077,Luis,Torres,70.0,CDMX,2022-01-22 02:00:59.414853713,Premium,,5.0,4.0,15.540000000000001,Uso medio,Adulto Mayor
10078,Carlos,Gomez,47.0,CDMX,2022-01-22 08:35:17.329332333,Basico,,7.0,4.0,8.99,Uso medio,Adulto
10079,Luis,Torres,43.0,Medellín,2022-01-22 15:09:35.243810952,Basico,,5.0,5.0,36.25,Uso medio,Adulto
10080,Luis,Lopez,33.0,Cali,2022-01-22 21:43:53.158289572,Premium,,5.0,5.0,50.74000000000001,Uso medio,Adulto
10081,Mariana,Torres,30.0,Cali,2022-01-23 04:18:11.072768192,Premium,,5.0,5.0,28.879999999999995,Uso medio,Adulto
10082,Carlos,Ramirez,56.0,,2022-01-23 10:52:28.987246811,Basico,"1,72463E+18",4.0,5.0,38.849999999999994,Uso medio,Adulto
10083,Mariana,Garcia,50.0,,2022-01-23 17:26:46.901725431,Basico,,4.0,7.0,35.77,Uso medio,Adulto
10084,Mariana,Lopez,43.0,,2022-01-24 00:01:04.816204051,Premium,"1,73534E+18",5.0,2.0,5.05,Uso medio,Adulto
10085,Carlos,Ramirez,65.0,GDL,2022-01-24 06:35:22.730682670,Basico,,6.0,5.0,152.35999999999999,Uso medio,Adulto Mayor
10086,Ana,Gomez,18.0,Cali,2022-01-24 13:09:40.645161290,Basico,,7.0,5.0,17.52,Uso medio,Joven
10087,Mariana,Lopez,66.0,Bogotá,2022-01-24 19:43:58.559639910,Basico,,4.0,4.0,18.490000000000002,Bajo uso,Adulto Mayor
10088,Mateo,Garcia,55.0,GDL,2022-01-25 02:18:16.474118529,Basico,,6.0,3.0,9.7,Uso medio,Adulto
10089,Mateo,Garcia,19.0,,2022-01-25 08:52:34.388597149,Basico,,5.0,3.0,14.260000000000002,Uso medio,Joven
10090,Luis,Gomez,66.0,,2022-01-25 15:26:52.303075769,Premium,,7.0,8.0,32.63,Uso medio,Adulto Mayor
10091,Mateo,Gomez,23.0,CDMX,2022-01-25 22:01:10.217554388,Premium,,3.0,3.0,17.3,Bajo uso,Joven
10092,Luis,Lopez,63.0,CDMX,2022-01-26 04:35:28.132033008,Basico,,7.0,1.0,11.26,Uso medio,Adulto Mayor
10093,Ana,Torres,67.0,Medellín,2022-01-26 11:09:46.046511628,Basico,,2.0,7.0,71.57,Uso medio,Adulto Mayor
10094,Carlos,Gomez,55.0,Medellín,2022-01-26 17:44:03.960990247,Basico,,4.0,2.0,15.84,Bajo uso,Adulto
10095,Carlos,Torres,59.0,,2022-01-27 00:18:21.875468867,Basico,,9.0,9.0,28.24,Uso medio,Adulto
10096,Carlos,Ramirez,41.0,GDL,2022-01-27 06:52:39.789947487,Basico,,9.0,4.0,29.81,Uso medio,Adulto
10097,Mateo,Garcia,35.0,CDMX,2022-01-27 13:26:57.704426106,Premium,,5.0,5.0,11.2,Uso medio,Adulto
10098,Ana,Torres,44.0,GDL,2022-01-27 20:01:15.618904726,Premium,,5.0,3.0,17.869999999999997,Uso medio,Adulto
10099,Mateo,Garcia,58.0,CDMX,2022-01-28 02:35:33.533383346,Basico,"1,71763E+18",3.0,4.0,22.779999999999998,Bajo uso,Adulto
10100,Mateo,Torres,25.0,CDMX,2022-01-28 09:09:51.447861965,Premium,,9.0,2.0,12.34,Uso medio,Joven
10101,Ana,Ramirez,45.0,,2022-01-28 15:44:09.362340585,Basico,,7.0,5.0,17.08,Uso medio,Adulto
10102,Ana,Gomez,27.0,MTY,2022-01-28 22:18:27.276819205,Basico,,5.0,6.0,36.51,Uso medio,Joven
10103,Ana,Ramirez,34.0,Bogotá,2022-01-29 04:52:45.191297824,Basico,,7.0,3.0,15.03,Uso medio,Adulto
10104,Ana,Gomez,72.0,CDMX,2022-01-29 11:27:03.105776444,Premium,"1,72109E+18",5.0,4.0,11.09,Uso medio,Adulto Mayor
10105,Carlos,Gomez,79.0,GDL,2022-01-29 18:01:21.020255064,Premium,,5.0,3.0,9.15,Uso medio,Adulto Mayor
10106,Sofia,Garcia,46.0,Cali,2022-01-30 00:35:38.934733683,Premium,,11.0,5.0,19.07,Alto uso,Adulto
10107,Sofia,Ramirez,75.0,Medellín,2022-01-30 07:09:56.849212303,Basico,,6.0,4.0,14.08,Uso medio,Adulto Mayor
10108,Ana,Torres,23.0,Cali,2022-01-30 13:44:14.763690923,Basico,,6.0,6.0,30.22,Uso medio,Joven
10109,Sofia,Ramirez,31.0,Bogotá,2022-01-30 20:18:32.678169542,Basico,,7.0,4.0,15.440000000000001,Uso medio,Adulto
10110,Sofia,Garcia,39.0,MTY,2022-01-31 02:52:50.592648162,Basico,,7.0,3.0,14.81,Uso medio,Adulto
10111,Ana,Gomez,71.0,Bogotá,2022-01-31 09:27:08.507126782,Basico,,6.0,2.0,11.68,Uso medio,Adulto Mayor
10112,Sofia,Garcia,23.0,MTY,2022-01-31 16:01:26.421605401,Premium,,2.0,8.0,25.58,Uso medio,Joven
10113,Mateo,Lopez,43.0,Cali,2022-01-31 22:35:44.336084021,Premium,,4.0,3.0,16.240000000000002,Bajo uso,Adulto
10114,Luis,Lopez,56.0,GDL,2022-02-01 05:10:02.250562641,Basico,,3.0,5.0,27.91,Uso medio,Adulto
10115,Luis,Torres,29.0,Medellín,2022-02-01 11:44:20.165041260,Basico,,7.0,2.0,12.78,Uso medio,Joven
10116,Ana,Garcia,52.0,CDMX,2022-02-01 18:18:38.079519880,Basico,,3.0,11.0,44.32,Alto uso,Adulto
10117,Carlos,Torres,31.0,Medellín,2022-02-02 00:52:55.993998500,Premium,"1,73405E+18",5.0,3.0,7.68,Uso medio,Adulto
10118,Ana,Torres,39.0,,2022-02-02 07:27:13.908477119,Premium,,4.0,4.0,7.44,Bajo uso,Adulto
10119,Carlos,Lopez,68.0,Medellín,2022-02-02 14:01:31.822955739,Premium,,4.0,4.0,18.78,Bajo uso,Adulto Mayor
10120,Luis,Torres,40.0,Bogotá,2022-02-02 20:35:49.737434359,Basico,,7.0,3.0,24.38,Uso medio,Adulto
10121,Ana,Lopez,65.0,,2022-02-03 03:10:07.651912978,Basico,"1,72299E+18",2.0,6.0,28.109999999999996,Uso medio,Adulto Mayor
10122,Mariana,Gomez,24.0,Medellín,2022-02-03 09:44:25.566391598,Premium,,2.0,9.0,34.84,Uso medio,Joven
10123,Mateo,Garcia,57.0,GDL,2022-02-03 16:18:43.480870217,Premium,,10.0,2.0,9.4,Alto uso,Adulto
10124,Sofia,Torres,67.0,GDL,2022-02-03 22:53:01.395348837,Basico,,8.0,7.0,27.310000000000002,Uso medio,Adulto Mayor
10125,Carlos,Lopez,42.0,Medellín,2022-02-04 05:27:19.309827457,Basico,,5.0,6.0,28.409999999999997,Uso medio,Adulto
10126,Mariana,Ramirez,30.0,Medellín,2022-02-04 12:01:37.224306076,Basico,,6.0,6.0,25.020000000000003,Uso medio,Adulto
10127,Sofia,Torres,38.0,MTY,2022-02-04 18:35:55.138784696,Premium,,2.0,1.0,3.97,Bajo uso,Adulto
10128,Sofia,Gomez,58.0,MTY,2022-02-05 01:10:13.053263316,Premium,,3.0,3.0,3.0100000000000002,Bajo uso,Adulto
10129,Ana,Gomez,27.0,,2022-02-05 07:44:30.967741935,Premium,,8.0,4.0,11.34,Uso medio,Joven
10130,Sofia,Ramirez,70.0,CDMX,2022-02-05 14:18:48.882220555,Basico,,6.0,5.0,13.16,Uso medio,Adulto Mayor
10131,Mateo,Lopez,72.0,Bogotá,2022-02-05 20:53:06.796699175,Basico,,1.0,4.0,13.77,Bajo uso,Adulto Mayor
10132,Mariana,Torres,76.0,CDMX,2022-02-06 03:27:24.711177794,Basico,,10.0,3.0,17.08,Alto uso,Adulto Mayor
10133,Sofia,Lopez,26.0,Cali,2022-02-06 10:01:42.625656414,Premium,"1,7331E+18",6.0,0.0,0.0,Uso medio,Joven
10134,Ana,Gomez,32.0,CDMX,2022-02-06 16:36:00.540135034,Basico,,7.0,1.0,0.6,Uso medio,Adulto
10135,Mateo,Lopez,69.0,Medellín,2022-02-06 23:10:18.454613653,Premium,,6.0,6.0,21.91,Uso medio,Adulto Mayor
10136,Luis,Gomez,19.0,CDMX,2022-02-07 05:44:36.369092273,Basico,,3.0,1.0,3.44,Bajo uso,Joven
10137,Mariana,Lopez,42.0,Medellín,2022-02-07 12:18:54.283570893,Premium,,5.0,8.0,34.519999999999996,Uso medio,Adulto
10138,Sofia,Ramirez,30.0,Cali,2022-02-07 18:53:12.198049512,Premium,,4.0,4.0,19.42,Bajo uso,Adulto
10139,Ana,Garcia,51.0,MTY,2022-02-08 01:27:30.112528132,Basico,,6.0,1.0,7.93,Uso medio,Adulto
10140,Luis,Ramirez,68.0,Bogotá,2022-02-08 08:01:48.027006752,Premium,,9.0,1.0,4.37,Uso medio,Adulto Mayor
10141,Luis,Ramirez,75.0,Bogotá,2022-02-08 14:36:05.941485371,Basico,,4.0,4.0,3.92,Bajo uso,Adulto Mayor
10142,Carlos,Garcia,51.0,MTY,2022-02-08 21:10:23.855963991,Basico,,7.0,1.0,2.08,Uso medio,Adulto
10143,Mateo,Garcia,52.0,Cali,2022-02-09 03:44:41.770442611,Basico,,3.0,2.0,6.67,Bajo uso,Adulto
10144,Sofia,Torres,55.0,GDL,2022-02-09 10:18:59.684921230,Premium,,10.0,4.0,4.79,Alto uso,Adulto
10145,Ana,Torres,20.0,Medellín,2022-02-09 16:53:17.599399850,Premium,"1,7299E+18",4.0,3.0,8.299999999999999,Bajo uso,Joven
10146,Carlos,Ramirez,48.0,GDL,2022-02-09 23:27:35.513878470,Basico,,8.0,9.0,28.21,Uso medio,Adulto
10147,Mateo,Ramirez,59.0,GDL,2022-02-10 06:01:53.428357089,Premium,"1,71798E+18",2.0,5.0,26.63,Uso medio,Adulto
10148,Carlos,Gomez,73.0,MTY,2022-02-10 12:36:11.342835709,Premium,,3.0,4.0,23.599999999999998,Bajo uso,Adulto Mayor
10149,Mariana,Gomez,76.0,Bogotá,2022-02-10 19:10:29.257314329,Premium,,3.0,4.0,22.659999999999997,Bajo uso,Adulto Mayor
10150,Mateo,Torres,23.0,Bogotá,2022-02-11 01:44:47.171792948,Basico,"1,71936E+18",7.0,2.0,14.57,Uso medio,Joven
10151,Mateo,Torres,72.0,Medellín,2022-02-11 08:19:05.086271568,Basico,,10.0,1.0,4.62,Alto uso,Adulto Mayor
10152,Sofia,Gomez,65.0,GDL,2022-02-11 14:53:23.000750188,Premium,,6.0,8.0,50.010000000000005,Uso medio,Adulto Mayor
10153,Mateo,Gomez,66.0,CDMX,2022-02-11 21:27:40.915228807,Basico,,3.0,7.0,21.89,Uso medio,Adulto Mayor
10154,Carlos,Lopez,36.0,Cali,2022-02-12 04:01:58.829707427,Basico,,6.0,1.0,0.34,Uso medio,Adulto
10155,Mateo,Lopez,20.0,Cali,2022-02-12 10:36:16.744186046,Premium,,8.0,3.0,9.67,Uso medio,Joven
10156,Sofia,Gomez,35.0,CDMX,2022-02-12 17:10:34.658664666,Basico,,4.0,3.0,3.1899999999999995,Bajo uso,Adulto
10157,Sofia,Lopez,56.0,Medellín,2022-02-12 23:44:52.573143286,Premium,,6.0,4.0,6.9399999999999995,Uso medio,Adulto
10158,Mariana,Garcia,26.0,MTY,2022-02-13 06:19:10.487621905,Basico,"1,72506E+18",8.0,7.0,32.81,Uso medio,Joven
10159,Carlos,Torres,69.0,Cali,2022-02-13 12:53:28.402100525,Premium,,11.0,3.0,19.729999999999997,Alto uso,Adulto Mayor
10160,Luis,Torres,29.0,,2022-02-13 19:27:46.316579145,Basico,,8.0,2.0,9.3,Uso medio,Joven
10161,Luis,Gomez,22.0,,2022-02-14 02:02:04.231057764,Basico,,4.0,6.0,15.86,Uso medio,Joven
10162,Mateo,Ramirez,20.0,Cali,2022-02-14 08:36:22.145536384,Basico,,7.0,6.0,19.17,Uso medio,Joven
10163,Mariana,Gomez,28.0,GDL,2022-02-14 15:10:40.060015004,Premium,,7.0,6.0,42.559999999999995,Uso medio,Joven
10164,Ana,Lopez,74.0,Cali,2022-02-14 21:44:57.974493623,Premium,,4.0,5.0,23.59,Uso medio,Adulto Mayor
10165,Mateo,Ramirez,47.0,Bogotá,2022-02-15 04:19:15.888972243,Basico,,6.0,4.0,9.430000000000001,Uso medio,Adulto
10166,Mariana,Lopez,21.0,CDMX,2022-02-15 10:53:33.803450863,Basico,"1,71936E+18",9.0,4.0,15.12,Uso medio,Joven
10167,Carlos,Garcia,22.0,Bogotá,2022-02-15 17:27:51.717929482,Basico,,5.0,4.0,23.53,Uso medio,Joven
10168,Carlos,Lopez,18.0,,2022-02-16 00:02:09.632408102,Basico,,7.0,4.0,8.030000000000001,Uso medio,Joven
10169,Carlos,Garcia,44.0,,2022-02-16 06:36:27.546886722,Premium,,4.0,4.0,8.07,Bajo uso,Adulto
10170,Carlos,Garcia,45.0,CDMX,2022-02-16 13:10:45.461365341,Basico,,4.0,5.0,19.17,Uso medio,Adulto
10171,Carlos,Lopez,48.0,Medellín,2022-02-16 19:45:03.375843961,Basico,"1,72368E+18",3.0,8.0,38.72,Uso medio,Adulto
10172,Mariana,Lopez,46.0,Cali,2022-02-17 02:19:21.290322581,Premium,,8.0,7.0,42.15,Uso medio,Adulto
10173,Mariana,Garcia,35.0,GDL,2022-02-17 08:53:39.204801200,Premium,,4.0,8.0,41.67,Uso medio,Adulto
10174,Sofia,Ramirez,29.0,Bogotá,2022-02-17 15:27:57.119279820,Premium,,5.0,0.0,0.0,Uso medio,Joven
10175,Luis,Garcia,30.0,Medellín,2022-02-17 22:02:15.033758440,Basico,,2.0,5.0,30.94,Uso medio,Adulto
10176,Carlos,Torres,58.0,Bogotá,2022-02-18 04:36:32.948237059,Basico,,8.0,2.0,7.75,Uso medio,Adulto
10177,Ana,Garcia,19.0,CDMX,2022-02-18 11:10:50.862715679,Basico,,6.0,2.0,6.119999999999999,Uso medio,Joven
10178,Mariana,Ramirez,54.0,Medellín,2022-02-18 17:45:08.777194299,Basico,,7.0,6.0,30.57,Uso medio,Adulto
10179,Ana,Torres,62.0,,2022-02-19 00:19:26.691672918,Premium,,4.0,6.0,31.93,Uso medio,Adulto Mayor
10180,Ana,Gomez,33.0,Medellín,2022-02-19 06:53:44.606151538,Premium,"1,72895E+18",7.0,4.0,12.21,Uso medio,Adulto
10181,Ana,Gomez,65.0,Cali,2022-02-19 13:28:02.520630158,Basico,,2.0,2.0,26.08,Bajo uso,Adulto Mayor
10182,Sofia,Ramirez,41.0,MTY,2022-02-19 20:02:20.435108777,Basico,"1,72022E+18",5.0,5.0,20.159999999999997,Uso medio,Adulto
10183,Mariana,Garcia,52.0,GDL,2022-02-20 02:36:38.349587397,Basico,,5.0,5.0,11.739999999999998,Uso medio,Adulto
10184,Ana,Lopez,39.0,Medellín,2022-02-20 09:10:56.264066017,Basico,,6.0,6.0,57.31,Uso medio,Adulto
10185,Carlos,Ramirez,53.0,MTY,2022-02-20 15:45:14.178544636,Basico,,5.0,7.0,40.739999999999995,Uso medio,Adulto
10186,Mateo,Torres,28.0,,2022-02-20 22:19:32.093023256,Basico,,2.0,3.0,22.2,Bajo uso,Joven
10187,Ana,Torres,72.0,CDMX,2022-02-21 04:53:50.007501875,Basico,,7.0,2.0,10.620000000000001,Uso medio,Adulto Mayor
10188,Sofia,Gomez,75.0,Bogotá,2022-02-21 11:28:07.921980495,Basico,,2.0,9.0,49.860000000000014,Uso medio,Adulto Mayor
10189,Mariana,Torres,63.0,MTY,2022-02-21 18:02:25.836459115,Basico,,9.0,4.0,155.42000000000002,Uso medio,Adulto Mayor
10190,Sofia,Ramirez,46.0,,2022-02-22 00:36:43.750937734,Basico,,2.0,6.0,22.810000000000002,Uso medio,Adulto
10191,Ana,Torres,52.0,CDMX,2022-02-22 07:11:01.665416354,Basico,,5.0,5.0,34.89,Uso medio,Adulto
10192,Mariana,Ramirez,65.0,CDMX,2022-02-22 13:45:19.579894974,Premium,,11.0,5.0,40.24,Alto uso,Adulto Mayor
10193,Mateo,Lopez,71.0,GDL,2022-02-22 20:19:37.494373594,Basico,,3.0,7.0,26.880000000000003,Uso medio,Adulto Mayor
10194,Ana,Gomez,32.0,Cali,2022-02-23 02:53:55.408852213,Basico,,5.0,5.0,6.66,Uso medio,Adulto
10195,Sofia,Torres,77.0,GDL,2022-02-23 09:28:13.323330833,Basico,,6.0,2.0,11.35,Uso medio,Adulto Mayor
10196,Luis,Ramirez,48.0,GDL,2022-02-23 16:02:31.237809453,Premium,,8.0,7.0,28.45,Uso medio,Adulto
10197,Carlos,Garcia,59.0,CDMX,2022-02-23 22:36:49.152288072,Basico,,3.0,2.0,3.56,Bajo uso,Adulto
10198,Sofia,Gomez,58.0,Medellín,2022-02-24 05:11:07.066766692,Basico,"1,73033E+18",8.0,9.0,78.77,Uso medio,Adulto
10199,Mariana,Lopez,60.0,CDMX,2022-02-24 11:45:24.981245312,Basico,,8.0,7.0,37.82000000000001,Uso medio,Adulto Mayor
10200,Ana,Ramirez,33.0,MTY,2022-02-24 18:19:42.895723931,Basico,,7.0,6.0,38.38999999999999,Uso medio,Adulto
10201,Carlos,Lopez,27.0,GDL,2022-02-25 00:54:00.810202551,Premium,,5.0,5.0,11.08,Uso medio,Joven
10202,Ana,Lopez,66.0,Bogotá,2022-02-25 07:28:18.724681171,Premium,,5.0,2.0,8.02,Uso medio,Adulto Mayor
10203,Mariana,Torres,49.0,Medellín,2022-02-25 14:02:36.639159790,Premium,,6.0,1.0,3.49,Uso medio,Adulto
10204,Ana,Torres,68.0,Bogotá,2022-02-25 20:36:54.553638410,Basico,,7.0,2.0,2.05,Uso medio,Adulto Mayor
10205,Luis,Ramirez,19.0,,2022-02-26 03:11:12.468117030,Premium,,4.0,10.0,52.470000000000006,Alto uso,Joven
10206,Carlos,Garcia,41.0,,2022-02-26 09:45:30.382595649,Basico,,1.0,2.0,8.67,Bajo uso,Adulto
10207,Carlos,Ramirez,40.0,MTY,2022-02-26 16:19:48.297074269,Basico,,4.0,4.0,22.689999999999998,Bajo uso,Adulto
10208,Mariana,Garcia,19.0,Cali,2022-02-26 22:54:06.211552888,Basico,,5.0,4.0,19.06,Uso medio,Joven
10209,Luis,Lopez,55.0,Medellín,2022-02-27 05:28:24.126031508,Basico,,2.0,3.0,13.19,Bajo uso,Adulto
10210,Sofia,Gomez,48.0,,2022-02-27 12:02:42.040510128,Basico,,2.0,4.0,27.880000000000003,Bajo uso,Adulto
10211,Ana,Ramirez,68.0,Bogotá,2022-02-27 18:36:59.954988747,Premium,,5.0,4.0,21.8,Uso medio,Adulto Mayor
10212,Mateo,Ramirez,57.0,Bogotá,2022-02-28 01:11:17.869467367,Basico,,3.0,7.0,20.03,Uso medio,Adulto
10213,Ana,Garcia,43.0,Bogotá,2022-02-28 07:45:35.783945987,Basico,,9.0,3.0,16.15,Uso medio,Adulto
10214,Ana,Lopez,46.0,,2022-02-28 14:19:53.698424606,Basico,,9.0,4.0,7.47,Uso medio,Adulto
10215,Sofia,Lopez,20.0,GDL,2022-02-28 20:54:11.612903226,Basico,,11.0,6.0,20.700000000000003,Alto uso,Joven
10216,Ana,Garcia,75.0,GDL,2022-03-01 03:28:29.527381846,Premium,,4.0,6.0,148.76,Uso medio,Adulto Mayor
10217,Luis,Lopez,31.0,MTY,2022-03-01 10:02:47.441860465,Basico,,6.0,4.0,16.51,Uso medio,Adulto
10218,Luis,Torres,42.0,GDL,2022-03-01 16:37:05.356339085,Premium,,5.0,3.0,2.29,Uso medio,Adulto
10219,Carlos,Gomez,65.0,Bogotá,2022-03-01 23:11:23.270817705,Basico,,8.0,1.0,2.44,Uso medio,Adulto Mayor
10220,Mariana,Ramirez,18.0,CDMX,2022-03-02 05:45:41.185296324,Premium,,5.0,7.0,22.75,Uso medio,Joven
10221,Mateo,Gomez,70.0,MTY,2022-03-02 12:19:59.099774944,Premium,,6.0,3.0,12.01,Uso medio,Adulto Mayor
10222,Ana,Ramirez,20.0,,2022-03-02 18:54:17.014253564,Basico,,7.0,8.0,49.370000000000005,Uso medio,Joven
10223,Ana,Torres,71.0,Bogotá,2022-03-03 01:28:34.928732183,Basico,,3.0,1.0,3.13,Bajo uso,Adulto Mayor
10224,Sofia,Lopez,43.0,Medellín,2022-03-03 08:02:52.843210803,Premium,,5.0,6.0,36.93000000000001,Uso medio,Adulto
10225,Mariana,Garcia,35.0,CDMX,2022-03-03 14:37:10.757689423,Basico,,2.0,3.0,19.650000000000002,Bajo uso,Adulto
10226,Luis,Torres,26.0,GDL,2022-03-03 21:11:28.672168042,Basico,,1.0,1.0,120.0,Bajo uso,Joven
10227,Mateo,Gomez,55.0,Cali,2022-03-04 03:45:46.586646662,Basico,,4.0,1.0,24.7,Bajo uso,Adulto
10228,Carlos,Garcia,40.0,Cali,2022-03-04 10:20:04.501125282,Basico,"1,73301E+18",5.0,5.0,24.19,Uso medio,Adulto
10229,Luis,Lopez,38.0,MTY,2022-03-04 16:54:22.415603901,Basico,,6.0,3.0,6.11,Uso medio,Adulto
10230,Mariana,Torres,74.0,,2022-03-04 23:28:40.330082521,Basico,,3.0,7.0,34.92,Uso medio,Adulto Mayor
10231,Carlos,Garcia,18.0,,2022-03-05 06:02:58.244561141,Premium,,2.0,2.0,3.77,Bajo uso,Joven
10232,Sofia,Torres,38.0,,2022-03-05 12:37:16.159039760,Basico,,9.0,8.0,35.81,Uso medio,Adulto
10233,Sofia,Torres,44.0,Bogotá,2022-03-05 19:11:34.073518380,Premium,,5.0,2.0,12.649999999999999,Uso medio,Adulto
10234,Ana,Lopez,59.0,GDL,2022-03-06 01:45:51.987997000,Basico,,5.0,5.0,19.34,Uso medio,Adulto
10235,Mariana,Ramirez,76.0,Medellín,2022-03-06 08:20:09.902475619,Premium,,7.0,3.0,12.600000000000001,Uso medio,Adulto Mayor
10236,Mateo,Garcia,23.0,Medellín,2022-03-06 14:54:27.816954239,Premium,,6.0,5.0,31.56,Uso medio,Joven
10237,Carlos,Lopez,72.0,CDMX,2022-03-06 21:28:45.731432859,Premium,,5.0,5.0,9.34,Uso medio,Adulto Mayor
10238,Luis,Torres,61.0,Cali,2022-03-07 04:03:03.645911478,Premium,"1,72264E+18",6.0,4.0,3.76,Uso medio,Adulto Mayor
10239,Mariana,Lopez,53.0,CDMX,2022-03-07 10:37:21.560390098,Premium,,6.0,5.0,15.74,Uso medio,Adulto
10240,Mariana,Ramirez,45.0,Bogotá,2022-03-07 17:11:39.474868718,Premium,,6.0,5.0,28.49,Uso medio,Adulto
10241,Sofia,Garcia,62.0,MTY,2022-03-07 23:45:57.389347337,Basico,,6.0,5.0,33.379999999999995,Uso medio,Adulto Mayor
10242,Ana,Ramirez,34.0,Medellín,2022-03-08 06:20:15.303825957,Basico,,6.0,2.0,4.07,Uso medio,Adulto
10243,Ana,Gomez,48.0,MTY,2022-03-08 12:54:33.218304576,Premium,,2.0,5.0,20.75,Uso medio,Adulto
10244,Carlos,Garcia,76.0,Cali,2022-03-08 19:28:51.132783196,Basico,,7.0,4.0,45.38,Uso medio,Adulto Mayor
10245,Sofia,Ramirez,57.0,Bogotá,2022-03-09 02:03:09.047261816,Premium,,10.0,1.0,3.04,Alto uso,Adulto
10246,Mariana,Torres,75.0,Cali,2022-03-09 08:37:26.961740435,Premium,,2.0,5.0,19.97,Uso medio,Adulto Mayor
10247,Mateo,Garcia,69.0,,2022-03-09 15:11:44.876219055,Basico,,7.0,7.0,39.92,Uso medio,Adulto Mayor
10248,Sofia,Garcia,20.0,Medellín,,Premium,"1,72506E+18",1.0,1.0,4.74,Bajo uso,Joven
10249,Carlos,Lopez,29.0,,2022-03-10 04:20:20.705176294,Basico,,6.0,3.0,27.24,Uso medio,Joven
10250,Carlos,Torres,56.0,CDMX,2022-03-10 10:54:38.619654914,Basico,,0.0,7.0,28.270000000000003,Uso medio,Adulto
10251,Sofia,Gomez,29.0,MTY,2022-03-10 17:28:56.534133534,Basico,,3.0,5.0,21.28,Uso medio,Joven
10252,Carlos,Ramirez,19.0,CDMX,2022-03-11 00:03:14.448612153,Basico,,4.0,3.0,10.34,Bajo uso,Joven
10253,Sofia,Lopez,73.0,GDL,2022-03-11 06:37:32.363090773,Basico,,6.0,4.0,21.54,Uso medio,Adulto Mayor
10254,Luis,Ramirez,63.0,Cali,2022-03-11 13:11:50.277569393,Basico,,6.0,1.0,0.86,Uso medio,Adulto Mayor
10255,Sofia,Gomez,39.0,CDMX,2022-03-11 19:46:08.192048012,Basico,,9.0,5.0,41.65,Uso medio,Adulto
10256,Sofia,Gomez,40.0,Bogotá,2022-03-12 02:20:26.106526632,Premium,,10.0,4.0,19.770000000000003,Alto uso,Adulto
10257,Carlos,Garcia,47.0,Bogotá,2022-03-12 08:54:44.021005252,Basico,,3.0,5.0,25.38,Uso medio,Adulto
10258,Carlos,Gomez,22.0,Bogotá,2022-03-12 15:29:01.935483871,Basico,,10.0,5.0,21.85,Alto uso,Joven
10259,Ana,Ramirez,26.0,Bogotá,2022-03-12 22:03:19.849962491,Basico,,5.0,5.0,35.790000000000006,Uso medio,Joven
10260,Ana,Torres,38.0,Cali,2022-03-13 04:37:37.764441111,Premium,,2.0,5.0,24.5,Uso medio,Adulto
10261,Luis,Torres,28.0,CDMX,2022-03-13 11:11:55.678919730,Premium,"1,72619E+18",6.0,7.0,33.040000000000006,Uso medio,Joven
10262,Ana,Garcia,22.0,MTY,2022-03-13 17:46:13.593398350,Basico,,6.0,8.0,66.81,Uso medio,Joven
10263,Sofia,Ramirez,52.0,Medellín,2022-03-14 00:20:31.507876970,Basico,,4.0,3.0,34.99,Bajo uso,Adulto
10264,Carlos,Ramirez,44.0,Medellín,2022-03-14 06:54:49.422355589,Premium,,2.0,2.0,24.46,Bajo uso,Adulto
10265,Ana,Gomez,66.0,Bogotá,2022-03-14 13:29:07.336834209,Basico,,5.0,7.0,30.830000000000002,Uso medio,Adulto Mayor
10266,Ana,Ramirez,19.0,,2022-03-14 20:03:25.251312829,Basico,,5.0,4.0,16.14,Uso medio,Joven
10267,Luis,Lopez,41.0,Bogotá,2022-03-15 02:37:43.165791448,Basico,,6.0,5.0,26.86,Uso medio,Adulto
10268,Mariana,Gomez,48.0,Bogotá,2022-03-15 09:12:01.080270068,Basico,,5.0,4.0,20.509999999999998,Uso medio,Adulto
10269,Luis,Lopez,50.0,CDMX,2022-03-15 15:46:18.994748688,Premium,,6.0,3.0,31.85,Uso medio,Adulto
10270,Sofia,Garcia,56.0,Bogotá,2022-03-15 22:20:36.909227307,Basico,"1,72938E+18",3.0,2.0,7.01,Bajo uso,Adulto
10271,Carlos,Torres,47.0,Medellín,2022-03-16 04:54:54.823705927,Basico,,3.0,6.0,26.740000000000002,Uso medio,Adulto
10272,Luis,Garcia,63.0,CDMX,2022-03-16 11:29:12.738184546,Basico,,3.0,2.0,4.15,Bajo uso,Adulto Mayor
10273,Ana,Torres,54.0,MTY,2022-03-16 18:03:30.652663166,Premium,,4.0,8.0,32.38,Uso medio,Adulto
10274,Carlos,Garcia,68.0,Cali,2022-03-17 00:37:48.567141786,Premium,,2.0,7.0,56.02,Uso medio,Adulto Mayor
10275,Carlos,Ramirez,45.0,MTY,2022-03-17 07:12:06.481620405,Premium,,5.0,5.0,40.1,Uso medio,Adulto
10276,Ana,Lopez,77.0,GDL,2022-03-17 13:46:24.396099025,Premium,,8.0,3.0,16.439999999999998,Uso medio,Adulto Mayor
10277,Luis,Torres,48.0,Medellín,2022-03-17 20:20:42.310577645,Basico,,5.0,2.0,21.58,Uso medio,Adulto
10278,Ana,Gomez,28.0,GDL,2022-03-18 02:55:00.225056264,Premium,,2.0,2.0,4.55,Bajo uso,Joven
10279,Mariana,Lopez,40.0,,2022-03-18 09:29:18.139534884,Basico,,8.0,1.0,4.13,Uso medio,Adulto
10280,Carlos,Gomez,74.0,CDMX,2022-03-18 16:03:36.054013504,Premium,,10.0,5.0,22.39,Alto uso,Adulto Mayor
10281,Mateo,Lopez,19.0,Medellín,2022-03-18 22:37:53.968492123,Basico,,4.0,6.0,20.240000000000002,Uso medio,Joven
10282,Mateo,Lopez,57.0,Bogotá,2022-03-19 05:12:11.882970743,Basico,,9.0,5.0,23.61,Uso medio,Adulto
10283,Sofia,Garcia,58.0,,2022-03-19 11:46:29.797449363,Basico,"1,71901E+18",6.0,1.0,7.35,Uso medio,Adulto
10284,Ana,Torres,44.0,CDMX,2022-03-19 18:20:47.711927982,Premium,,4.0,8.0,65.56,Uso medio,Adulto
10285,Ana,Torres,52.0,Medellín,2022-03-20 00:55:05.626406602,Premium,,6.0,4.0,16.77,Uso medio,Adulto
10286,Sofia,Lopez,19.0,Bogotá,2022-03-20 07:29:23.540885222,Basico,,6.0,4.0,15.15,Uso medio,Joven
10287,Sofia,Ramirez,56.0,Bogotá,2022-03-20 14:03:41.455363841,Basico,,4.0,2.0,8.29,Bajo uso,Adulto
10288,Sofia,Ramirez,54.0,Bogotá,2022-03-20 20:37:59.369842461,Premium,,7.0,6.0,68.16,Uso medio,Adulto
10289,Carlos,Gomez,38.0,Medellín,2022-03-21 03:12:17.284321081,Basico,,5.0,5.0,20.98,Uso medio,Adulto
10290,Mariana,Gomez,75.0,,2022-03-21 09:46:35.198799700,Premium,"1,71772E+18",5.0,3.0,9.079999999999998,Uso medio,Adulto Mayor
10291,Ana,Garcia,22.0,CDMX,2022-03-21 16:20:53.113278320,Basico,,6.0,2.0,7.890000000000001,Uso medio,Joven
10292,Carlos,Lopez,69.0,CDMX,2022-03-21 22:55:11.027756940,Basico,,7.0,7.0,31.92,Uso medio,Adulto Mayor
10293,Sofia,Gomez,62.0,Cali,2022-03-22 05:29:28.942235559,Basico,,3.0,1.0,4.14,Bajo uso,Adulto Mayor
10294,Ana,Gomez,38.0,CDMX,2022-03-22 12:03:46.856714179,Basico,,9.0,2.0,7.3,Uso medio,Adulto
10295,Carlos,Lopez,46.0,,2022-03-22 18:38:04.771192799,Basico,,0.0,4.0,23.43,Bajo uso,Adulto
10296,Mariana,Garcia,37.0,Medellín,2022-03-23 01:12:22.685671418,Basico,,4.0,7.0,43.089999999999996,Uso medio,Adulto
10297,Carlos,Gomez,48.0,Medellín,2022-03-23 07:46:40.600150038,Basico,,4.0,4.0,13.270000000000001,Bajo uso,Adulto
10298,Mariana,Garcia,78.0,GDL,2022-03-23 14:20:58.514628658,Basico,,5.0,4.0,24.610000000000003,Uso medio,Adulto Mayor
10299,Sofia,Torres,55.0,GDL,2022-03-23 20:55:16.429107277,Basico,,7.0,7.0,32.3,Uso medio,Adulto
10300,Mariana,Garcia,37.0,Medellín,2022-03-24 03:29:34.343585897,Premium,,6.0,7.0,26.44,Uso medio,Adulto
10301,Ana,Ramirez,67.0,,2022-03-24 10:03:52.258064517,Basico,,8.0,4.0,9.589999999999998,Uso medio,Adulto Mayor
10302,Sofia,Ramirez,42.0,,2022-03-24 16:38:10.172543136,Basico,,5.0,4.0,18.189999999999998,Uso medio,Adulto
10303,Ana,Garcia,19.0,GDL,2022-03-24 23:12:28.087021756,Basico,,2.0,6.0,20.740000000000002,Uso medio,Joven
10304,Mateo,Ramirez,74.0,CDMX,2022-03-25 05:46:46.001500376,Basico,,2.0,4.0,12.69,Bajo uso,Adulto Mayor
10305,Luis,Torres,49.0,CDMX,2022-03-25 12:21:03.915978995,Premium,,2.0,4.0,23.55,Bajo uso,Adulto
10306,Mariana,Lopez,43.0,,2022-03-25 18:55:21.830457615,Basico,,3.0,4.0,15.95,Bajo uso,Adulto
10307,Luis,Ramirez,23.0,GDL,2022-03-26 01:29:39.744936234,Premium,,4.0,4.0,25.729999999999997,Bajo uso,Joven
10308,Luis,Ramirez,58.0,CDMX,2022-03-26 08:03:57.659414854,Basico,"1,7185E+18",2.0,7.0,42.77,Uso medio,Adulto
10309,Mariana,Garcia,74.0,GDL,2022-03-26 14:38:15.573893474,Basico,,6.0,7.0,31.82,Uso medio,Adulto Mayor
10310,Sofia,Torres,20.0,MTY,2022-03-26 21:12:33.488372093,Basico,,8.0,3.0,11.55,Uso medio,Joven
10311,Mateo,Lopez,50.0,,2022-03-27 03:46:51.402850713,Premium,,0.0,8.0,36.79,Uso medio,Adulto
10312,Ana,Garcia,18.0,Bogotá,2022-03-27 10:21:09.317329333,Premium,,7.0,8.0,38.35999999999999,Uso medio,Joven
10313,Carlos,Garcia,68.0,GDL,2022-03-27 16:55:27.231807952,Basico,,3.0,6.0,17.63,Uso medio,Adulto Mayor
10314,Ana,Torres,22.0,MTY,2022-03-27 23:29:45.146286572,Premium,,3.0,7.0,27.11,Uso medio,Joven
10315,Carlos,Lopez,30.0,MTY,2022-03-28 06:04:03.060765192,Basico,,13.0,3.0,12.36,Alto uso,Adulto
10316,Ana,Torres,36.0,CDMX,2022-03-28 12:38:20.975243811,Premium,,9.0,4.0,9.440000000000001,Uso medio,Adulto
10317,Mariana,Lopez,29.0,CDMX,2022-03-28 19:12:38.889722431,Basico,"1,73301E+18",8.0,5.0,18.830000000000002,Uso medio,Joven
10318,Mateo,Torres,65.0,Medellín,2022-03-29 01:46:56.804201051,Basico,,2.0,6.0,32.15,Uso medio,Adulto Mayor
10319,Carlos,Garcia,42.0,CDMX,2022-03-29 08:21:14.718679670,Basico,,7.0,5.0,11.27,Uso medio,Adulto
10320,Sofia,Garcia,74.0,GDL,,Premium,,3.0,4.0,13.6,Bajo uso,Adulto Mayor
10321,Ana,Gomez,68.0,MTY,2022-03-29 21:29:50.547636910,Premium,,6.0,5.0,13.129999999999999,Uso medio,Adulto Mayor
10322,Ana,Ramirez,52.0,Cali,2022-03-30 04:04:08.462115529,Premium,,8.0,6.0,15.92,Uso medio,Adulto
10323,Carlos,Torres,29.0,Bogotá,2022-03-30 10:38:26.376594149,Premium,,7.0,3.0,26.25,Uso medio,Joven
10324,Sofia,Gomez,47.0,Medellín,2022-03-30 17:12:44.291072769,Basico,,8.0,3.0,24.16,Uso medio,Adulto
10325,Sofia,Ramirez,22.0,Bogotá,2022-03-30 23:47:02.205551388,Premium,,3.0,2.0,1.19,Bajo uso,Joven
10326,Mariana,Torres,51.0,Medellín,,Premium,,5.0,5.0,38.41,Uso medio,Adulto
10327,Mariana,Lopez,39.0,CDMX,2022-03-31 12:55:38.034508628,Basico,,4.0,6.0,28.01,Uso medio,Adulto
10328,Mariana,Ramirez,56.0,,2022-03-31 19:29:55.948987247,Basico,,4.0,3.0,23.72,Bajo uso,Adulto
10329,Mariana,Garcia,30.0,CDMX,2022-04-01 02:04:13.863465867,Premium,,4.0,3.0,12.21,Bajo uso,Adulto
10330,Mariana,Gomez,74.0,Bogotá,2022-04-01 08:38:31.777944487,Premium,,3.0,4.0,15.93,Bajo uso,Adulto Mayor
10331,Mariana,Ramirez,64.0,Cali,2022-04-01 15:12:49.692423106,Premium,,4.0,4.0,29.450000000000003,Bajo uso,Adulto Mayor
10332,Mateo,Ramirez,71.0,Bogotá,2022-04-01 21:47:07.606901726,Premium,,4.0,8.0,31.46,Uso medio,Adulto Mayor
10333,Sofia,Garcia,20.0,,2022-04-02 04:21:25.521380346,Premium,,4.0,3.0,15.68,Bajo uso,Joven
10334,Mariana,Torres,77.0,Bogotá,2022-04-02 10:55:43.435858965,Premium,,5.0,4.0,6.15,Uso medio,Adulto Mayor
10335,Sofia,Lopez,70.0,,2022-04-02 17:30:01.350337585,Premium,,7.0,3.0,30.189999999999998,Uso medio,Adulto Mayor
10336,Sofia,Garcia,37.0,Cali,2022-04-03 00:04:19.264816204,Premium,,4.0,9.0,40.07,Uso medio,Adulto
10337,Luis,Lopez,48.0,,2022-04-03 06:38:37.179294824,Basico,,10.0,6.0,21.049999999999997,Alto uso,Adulto
10338,Mateo,Torres,22.0,,2022-04-03 13:12:55.093773444,Basico,,3.0,7.0,36.33,Uso medio,Joven
10339,Mariana,Ramirez,41.0,,2022-04-03 19:47:13.008252063,Basico,,11.0,5.0,32.42,Alto uso,Adulto
10340,Ana,Lopez,57.0,Medellín,2022-04-04 02:21:30.922730683,Premium,"1,73483E+18",5.0,7.0,25.44,Uso medio,Adulto
10341,Carlos,Gomez,71.0,MTY,2022-04-04 08:55:48.837209303,Basico,"1,72221E+18",6.0,1.0,6.29,Uso medio,Adulto Mayor
10342,Ana,Gomez,50.0,CDMX,2022-04-04 15:30:06.751687922,Basico,,4.0,6.0,47.06999999999999,Uso medio,Adulto
10343,Mateo,Garcia,25.0,Medellín,2022-04-04 22:04:24.666166542,Basico,,4.0,4.0,13.379999999999999,Bajo uso,Joven
10344,Carlos,Torres,41.0,,2022-04-05 04:38:42.580645162,Premium,,11.0,6.0,24.049999999999997,Alto uso,Adulto
10345,Mateo,Garcia,67.0,Medellín,2022-04-05 11:13:00.495123781,Basico,,8.0,7.0,37.4,Uso medio,Adulto Mayor
10346,Sofia,Garcia,37.0,,2022-04-05 17:47:18.409602401,Basico,,6.0,8.0,71.89999999999999,Uso medio,Adulto
10347,Carlos,Garcia,77.0,Cali,2022-04-06 00:21:36.324081021,Basico,,13.0,3.0,21.4,Alto uso,Adulto Mayor
10348,Sofia,Gomez,33.0,CDMX,2022-04-06 06:55:54.238559640,Basico,,4.0,2.0,1.12,Bajo uso,Adulto
10349,Ana,Gomez,67.0,GDL,2022-04-06 13:30:12.153038260,Basico,,6.0,7.0,150.92,Uso medio,Adulto Mayor
10350,Ana,Garcia,69.0,MTY,2022-04-06 20:04:30.067516880,Basico,,5.0,4.0,18.89,Uso medio,Adulto Mayor
10351,Carlos,Gomez,29.0,CDMX,2022-04-07 02:38:47.981995499,Basico,,8.0,3.0,15.81,Uso medio,Joven
10352,Carlos,Torres,30.0,Bogotá,2022-04-07 09:13:05.896474119,Basico,,6.0,7.0,41.1,Uso medio,Adulto
10353,Mariana,Garcia,62.0,,2022-04-07 15:47:23.810952739,Basico,,4.0,4.0,12.530000000000001,Bajo uso,Adulto Mayor
10354,Mateo,Gomez,59.0,Cali,2022-04-07 22:21:41.725431358,Basico,,6.0,5.0,11.279999999999998,Uso medio,Adulto
10355,Mariana,Lopez,56.0,Bogotá,2022-04-08 04:55:59.639909978,Premium,,7.0,4.0,18.57,Uso medio,Adulto
10356,Mateo,Garcia,42.0,CDMX,2022-04-08 11:30:17.554388598,Basico,,12.0,5.0,59.480000000000004,Alto uso,Adulto
10357,Mariana,Garcia,63.0,MTY,2022-04-08 18:04:35.468867217,Basico,,8.0,7.0,27.519999999999996,Uso medio,Adulto Mayor
10358,Sofia,Torres,49.0,Bogotá,2022-04-09 00:38:53.383345837,Basico,,4.0,6.0,84.1,Uso medio,Adulto
10359,Carlos,Ramirez,79.0,MTY,2022-04-09 07:13:11.297824457,Basico,,7.0,4.0,18.14,Uso medio,Adulto Mayor
10360,Ana,Ramirez,41.0,CDMX,2022-04-09 13:47:29.212303076,Basico,,6.0,2.0,19.6,Uso medio,Adulto
10361,Mateo,Torres,65.0,Bogotá,2022-04-09 20:21:47.126781696,Basico,,7.0,3.0,4.66,Uso medio,Adulto Mayor
10362,Mateo,Torres,64.0,GDL,2022-04-10 02:56:05.041260316,Basico,,3.0,4.0,11.52,Bajo uso,Adulto Mayor
10363,Ana,Torres,61.0,,2022-04-10 09:30:22.955738935,Basico,,8.0,8.0,49.74,Uso medio,Adulto Mayor
10364,Mariana,Ramirez,26.0,CDMX,2022-04-10 16:04:40.870217555,Basico,,8.0,2.0,21.92,Uso medio,Joven
10365,Mateo,Torres,57.0,CDMX,2022-04-10 22:38:58.784696175,Premium,,8.0,5.0,36.730000000000004,Uso medio,Adulto
10366,Sofia,Gomez,67.0,CDMX,2022-04-11 05:13:16.699174794,Basico,,4.0,1.0,11.61,Bajo uso,Adulto Mayor
10367,Carlos,Garcia,40.0,MTY,2022-04-11 11:47:34.613653414,Premium,,5.0,7.0,34.58,Uso medio,Adulto
10368,Ana,Garcia,67.0,Medellín,2022-04-11 18:21:52.528132034,Basico,"1,72938E+18",4.0,2.0,22.85,Bajo uso,Adulto Mayor
10369,Carlos,Lopez,30.0,Medellín,2022-04-12 00:56:10.442610653,Premium,,6.0,3.0,21.55,Uso medio,Adulto
10370,Mateo,Lopez,77.0,Bogotá,2022-04-12 07:30:28.357089273,Basico,,6.0,7.0,27.99,Uso medio,Adulto Mayor
10371,Mateo,Garcia,76.0,Medellín,2022-04-12 14:04:46.271567892,Premium,,3.0,4.0,48.260000000000005,Bajo uso,Adulto Mayor
10372,Ana,Gomez,49.0,MTY,2022-04-12 20:39:04.186046512,Basico,,7.0,7.0,143.63,Uso medio,Adulto
10373,Sofia,Ramirez,67.0,Medellín,2022-04-13 03:13:22.100525132,Basico,,2.0,8.0,31.4,Uso medio,Adulto Mayor
10374,Luis,Ramirez,32.0,CDMX,2022-04-13 09:47:40.015003751,Basico,,2.0,8.0,44.9,Uso medio,Adulto
10375,Ana,Gomez,53.0,MTY,2022-04-13 16:21:57.929482371,Basico,,4.0,3.0,35.66,Bajo uso,Adulto
10376,Luis,Ramirez,66.0,Cali,2022-04-13 22:56:15.843960991,Premium,,0.0,5.0,13.850000000000001,Uso medio,Adulto Mayor
10377,Mariana,Torres,48.0,Cali,2022-04-14 05:30:33.758439610,Premium,,3.0,1.0,13.5,Bajo uso,Adulto
10378,Luis,Garcia,22.0,Medellín,2022-04-14 12:04:51.672918230,Basico,,8.0,4.0,29.730000000000004,Uso medio,Joven
10379,Sofia,Garcia,39.0,GDL,2022-04-14 18:39:09.587396850,Basico,,5.0,7.0,36.53,Uso medio,Adulto
10380,Mariana,Gomez,33.0,GDL,2022-04-15 01:13:27.501875469,Basico,,7.0,5.0,19.049999999999997,Uso medio,Adulto
10381,Luis,Ramirez,58.0,,2022-04-15 07:47:45.416354090,Premium,,9.0,4.0,15.45,Uso medio,Adulto
10382,Mariana,Lopez,27.0,CDMX,2022-04-15 14:22:03.330832708,Basico,"1,71936E+18",7.0,3.0,6.04,Uso medio,Joven
10383,Luis,Lopez,41.0,GDL,2022-04-15 20:56:21.245311328,Basico,,6.0,2.0,12.84,Uso medio,Adulto
10384,Sofia,Ramirez,35.0,CDMX,2022-04-16 03:30:39.159789948,Premium,,12.0,3.0,13.05,Alto uso,Adulto
10385,Luis,Lopez,66.0,MTY,2022-04-16 10:04:57.074268568,Basico,,6.0,7.0,14.34,Uso medio,Adulto Mayor
10386,Luis,Gomez,35.0,GDL,2022-04-16 16:39:14.988747188,Premium,,7.0,2.0,4.890000000000001,Uso medio,Adulto
10387,Luis,Gomez,24.0,Bogotá,2022-04-16 23:13:32.903225806,Basico,,7.0,2.0,6.12,Uso medio,Joven
10388,Ana,Ramirez,21.0,Bogotá,2022-04-17 05:47:50.817704426,Basico,,5.0,2.0,14.809999999999999,Uso medio,Joven
10389,Ana,Lopez,43.0,,2022-04-17 12:22:08.732183046,Basico,,5.0,4.0,8.469999999999999,Uso medio,Adulto
10390,Ana,Gomez,22.0,CDMX,2022-04-17 18:56:26.646661666,Premium,,5.0,4.0,15.74,Uso medio,Joven
10391,Sofia,Gomez,77.0,MTY,2022-04-18 01:30:44.561140286,Basico,,4.0,2.0,1.79,Bajo uso,Adulto Mayor
10392,Mariana,Torres,72.0,Bogotá,2022-04-18 08:05:02.475618906,Basico,,5.0,6.0,14.46,Uso medio,Adulto Mayor
10393,Mateo,Torres,33.0,Medellín,2022-04-18 14:39:20.390097524,Basico,,3.0,3.0,14.94,Bajo uso,Adulto
10394,Luis,Gomez,52.0,Bogotá,2022-04-18 21:13:38.304576144,Premium,"1,72912E+18",3.0,9.0,38.2,Uso medio,Adulto
10395,Luis,Ramirez,43.0,Cali,2022-04-19 03:47:56.219054764,Basico,,8.0,7.0,36.72,Uso medio,Adulto
10396,Sofia,Garcia,35.0,CDMX,2022-04-19 10:22:14.133533384,Basico,,7.0,2.0,14.57,Uso medio,Adulto
10397,Luis,Garcia,46.0,Cali,2022-04-19 16:56:32.048012004,Basico,,3.0,10.0,55.269999999999996,Alto uso,Adulto
10398,Ana,Gomez,40.0,Bogotá,2022-04-19 23:30:49.962490624,Premium,,5.0,8.0,26.46,Uso medio,Adulto
10399,Mateo,Gomez,70.0,CDMX,2022-04-20 06:05:07.876969242,Premium,,5.0,4.0,136.24,Uso medio,Adulto Mayor
10400,Carlos,Gomez,31.0,,2022-04-20 12:39:25.791447862,Basico,,5.0,4.0,7.68,Uso medio,Adulto
10401,Luis,Ramirez,32.0,Medellín,2022-04-20 19:13:43.705926482,Basico,,4.0,7.0,40.650000000000006,Uso medio,Adulto
10402,Ana,Torres,66.0,CDMX,2022-04-21 01:48:01.620405102,Premium,"1,71841E+18",6.0,8.0,53.019999999999996,Uso medio,Adulto Mayor
10403,Carlos,Gomez,50.0,CDMX,2022-04-21 08:22:19.534883722,Premium,,5.0,4.0,6.55,Uso medio,Adulto
10404,Mateo,Gomez,42.0,CDMX,2022-04-21 14:56:37.449362342,Basico,,4.0,1.0,19.35,Bajo uso,Adulto
10405,Carlos,Lopez,38.0,Medellín,2022-04-21 21:30:55.363840960,Premium,,7.0,6.0,31.42,Uso medio,Adulto
10406,Ana,Ramirez,34.0,CDMX,2022-04-22 04:05:13.278319580,Basico,,11.0,6.0,41.769999999999996,Alto uso,Adulto
10407,Mariana,Gomez,40.0,GDL,2022-04-22 10:39:31.192798200,Basico,,5.0,5.0,17.59,Uso medio,Adulto
10408,Mariana,Lopez,74.0,CDMX,2022-04-22 17:13:49.107276820,Premium,,3.0,7.0,31.179999999999996,Uso medio,Adulto Mayor
10409,Carlos,Garcia,60.0,Medellín,2022-04-22 23:48:07.021755440,Basico,,8.0,6.0,14.02,Uso medio,Adulto Mayor
10410,Sofia,Gomez,34.0,Cali,2022-04-23 06:22:24.936234060,Premium,,7.0,5.0,23.599999999999998,Uso medio,Adulto
10411,Carlos,Gomez,75.0,Cali,2022-04-23 12:56:42.850712678,Basico,,2.0,3.0,5.92,Bajo uso,Adulto Mayor
10412,Luis,Lopez,31.0,CDMX,2022-04-23 19:31:00.765191298,Basico,,7.0,4.0,15.01,Uso medio,Adulto
10413,Luis,Ramirez,46.0,,2022-04-24 02:05:18.679669918,Premium,,6.0,5.0,27.67,Uso medio,Adulto
10414,Mariana,Gomez,37.0,Medellín,2022-04-24 08:39:36.594148538,Basico,,4.0,5.0,27.58,Uso medio,Adulto
10415,Sofia,Garcia,47.0,,2022-04-24 15:13:54.508627158,Basico,,10.0,2.0,3.2199999999999998,Alto uso,Adulto
10416,Ana,Gomez,36.0,Bogotá,2022-04-24 21:48:12.423105776,Premium,,10.0,7.0,23.689999999999998,Alto uso,Adulto
10417,Luis,Garcia,70.0,Bogotá,2022-04-25 04:22:30.337584396,Basico,,4.0,12.0,26.419999999999998,Alto uso,Adulto Mayor
10418,Mariana,Torres,56.0,Cali,2022-04-25 10:56:48.252063016,Basico,,7.0,3.0,15.49,Uso medio,Adulto
10419,Mateo,Torres,73.0,CDMX,2022-04-25 17:31:06.166541636,Premium,,6.0,8.0,42.8,Uso medio,Adulto Mayor
10420,Mariana,Garcia,30.0,Bogotá,2022-04-26 00:05:24.081020256,Basico,,8.0,5.0,18.939999999999998,Uso medio,Adulto
10421,Luis,Ramirez,35.0,Cali,2022-04-26 06:39:41.995498876,Premium,,6.0,9.0,44.760000000000005,Uso medio,Adulto
10422,Luis,Gomez,40.0,Cali,2022-04-26 13:13:59.909977494,Premium,"1,735E+18",6.0,3.0,14.39,Uso medio,Adulto
10423,Mariana,Gomez,79.0,,2022-04-26 19:48:17.824456114,Basico,,8.0,7.0,30.919999999999998,Uso medio,Adulto Mayor
10424,Ana,Torres,63.0,Medellín,2022-04-27 02:22:35.738934734,Basico,,4.0,6.0,25.32,Uso medio,Adulto Mayor
10425,Carlos,Garcia,50.0,GDL,2022-04-27 08:56:53.653413354,Premium,,5.0,2.0,6.02,Uso medio,Adulto
10426,Luis,Gomez,56.0,CDMX,2022-04-27 15:31:11.567891974,Basico,,5.0,7.0,34.019999999999996,Uso medio,Adulto
10427,Mariana,Gomez,57.0,Bogotá,2022-04-27 22:05:29.482370594,Basico,,9.0,2.0,4.2700000000000005,Uso medio,Adulto
10428,Mariana,Ramirez,35.0,Bogotá,2022-04-28 04:39:47.396849212,Basico,,11.0,4.0,24.14,Alto uso,Adulto
10429,Sofia,Lopez,26.0,GDL,2022-04-28 11:14:05.311327832,Basico,"1,71876E+18",7.0,7.0,30.509999999999998,Uso medio,Joven
10430,Carlos,Torres,50.0,CDMX,2022-04-28 17:48:23.225806452,Basico,,6.0,2.0,3.5500000000000003,Uso medio,Adulto
10431,Mateo,Torres,49.0,Bogotá,2022-04-29 00:22:41.140285072,Premium,,5.0,6.0,35.63999999999999,Uso medio,Adulto
10432,Ana,Lopez,78.0,Cali,2022-04-29 06:56:59.054763692,Premium,,6.0,2.0,9.25,Uso medio,Adulto Mayor
10433,Mateo,Gomez,71.0,,2022-04-29 13:31:16.969242312,Basico,"1,72904E+18",11.0,5.0,9.6,Alto uso,Adulto Mayor
10434,Carlos,Ramirez,34.0,Cali,2022-04-29 20:05:34.883720930,Basico,,8.0,2.0,16.57,Uso medio,Adulto
10435,Carlos,Ramirez,36.0,Cali,2022-04-30 02:39:52.798199550,Premium,,5.0,4.0,40.2,Uso medio,Adulto
10436,Carlos,Torres,44.0,Medellín,2022-04-30 09:14:10.712678170,Basico,,2.0,1.0,1.08,Bajo uso,Adulto
10437,Mateo,Ramirez,23.0,,2022-04-30 15:48:28.627156790,Premium,,7.0,8.0,57.49,Uso medio,Joven
10438,Carlos,Lopez,52.0,Medellín,2022-04-30 22:22:46.541635410,Premium,,3.0,3.0,6.3100000000000005,Bajo uso,Adulto
10439,Mariana,Gomez,73.0,,2022-05-01 04:57:04.456114030,Premium,,0.0,9.0,59.42,Uso medio,Adulto Mayor
10440,Mateo,Lopez,54.0,,2022-05-01 11:31:22.370592648,Basico,,7.0,5.0,10.95,Uso medio,Adulto
10441,Carlos,Garcia,51.0,,2022-05-01 18:05:40.285071268,Basico,,9.0,3.0,6.9,Uso medio,Adulto
10442,Mariana,Torres,37.0,MTY,2022-05-02 00:39:58.199549888,Basico,,4.0,2.0,11.65,Bajo uso,Adulto
10443,Sofia,Ramirez,42.0,CDMX,2022-05-02 07:14:16.114028508,Basico,"1,72333E+18",5.0,6.0,21.59,Uso medio,Adulto
10444,Carlos,Garcia,21.0,CDMX,2022-05-02 13:48:34.028507128,Basico,,6.0,2.0,14.69,Uso medio,Joven
10445,Mateo,Ramirez,27.0,CDMX,2022-05-02 20:22:51.942985748,Premium,"1,72826E+18",7.0,6.0,37.78,Uso medio,Joven
10446,Luis,Gomez,27.0,CDMX,2022-05-03 02:57:09.857464366,Premium,,4.0,5.0,21.25,Uso medio,Joven
10447,Carlos,Gomez,41.0,GDL,2022-05-03 09:31:27.771942986,Premium,,6.0,6.0,47.08,Uso medio,Adulto
10448,Luis,Gomez,38.0,MTY,2022-05-03 16:05:45.686421606,Premium,,4.0,3.0,7.15,Bajo uso,Adulto
10449,Mariana,Ramirez,28.0,Bogotá,2022-05-03 22:40:03.600900226,Basico,,4.0,7.0,41.99000000000001,Uso medio,Joven
10450,Sofia,Garcia,44.0,Medellín,2022-05-04 05:14:21.515378846,Basico,,3.0,3.0,9.15,Bajo uso,Adulto
10451,Ana,Gomez,33.0,GDL,2022-05-04 11:48:39.429857464,Basico,,7.0,3.0,13.92,Uso medio,Adulto
10452,Sofia,Garcia,43.0,Medellín,2022-05-04 18:22:57.344336084,Basico,,1.0,6.0,19.98,Uso medio,Adulto
10453,Carlos,Ramirez,78.0,Medellín,2022-05-05 00:57:15.258814704,Basico,,7.0,4.0,18.200000000000003,Uso medio,Adulto Mayor
10454,Luis,Garcia,78.0,Bogotá,2022-05-05 07:31:33.173293324,Premium,,5.0,6.0,26.129999999999995,Uso medio,Adulto Mayor
10455,Luis,Ramirez,47.0,,2022-05-05 14:05:51.087771944,Premium,,8.0,1.0,0.6,Uso medio,Adulto
10456,Mateo,Ramirez,48.0,CDMX,2022-05-05 20:40:09.002250564,Basico,"1,72653E+18",12.0,1.0,2.24,Alto uso,Adulto
10457,Luis,Torres,66.0,CDMX,2022-05-06 03:14:26.916729182,Basico,,4.0,8.0,49.07,Uso medio,Adulto Mayor
10458,Mateo,Ramirez,33.0,Bogotá,2022-05-06 09:48:44.831207802,Basico,,4.0,7.0,77.75999999999999,Uso medio,Adulto
10459,Mariana,Ramirez,24.0,CDMX,2022-05-06 16:23:02.745686422,Basico,,6.0,3.0,2.5500000000000003,Uso medio,Joven
10460,Ana,Lopez,33.0,Bogotá,2022-05-06 22:57:20.660165042,Basico,"1,72014E+18",1.0,5.0,26.789999999999996,Uso medio,Adulto
10461,Carlos,Gomez,52.0,MTY,2022-05-07 05:31:38.574643662,Premium,,5.0,8.0,51.38000000000001,Uso medio,Adulto
10462,Mateo,Torres,75.0,GDL,2022-05-07 12:05:56.489122282,Premium,,10.0,4.0,8.39,Alto uso,Adulto Mayor
10463,Ana,Torres,33.0,CDMX,2022-05-07 18:40:14.403600900,Basico,,4.0,2.0,6.300000000000001,Bajo uso,Adulto
10464,Luis,Torres,57.0,MTY,2022-05-08 01:14:32.318079520,Premium,,4.0,4.0,26.64,Bajo uso,Adulto
10465,Luis,Lopez,79.0,Medellín,2022-05-08 07:48:50.232558140,Basico,,5.0,6.0,19.07,Uso medio,Adulto Mayor
10466,Ana,Ramirez,29.0,Bogotá,2022-05-08 14:23:08.147036760,Premium,,5.0,3.0,14.899999999999999,Uso medio,Joven
10467,Luis,Gomez,52.0,CDMX,2022-05-08 20:57:26.061515380,Basico,"1,72912E+18",4.0,3.0,18.77,Bajo uso,Adulto
10468,Mariana,Garcia,66.0,CDMX,2022-05-09 03:31:43.975994000,Premium,,3.0,5.0,26.64,Uso medio,Adulto Mayor
10469,Mariana,Ramirez,38.0,CDMX,2022-05-09 10:06:01.890472618,Premium,,6.0,5.0,9.309999999999999,Uso medio,Adulto
10470,Ana,Lopez,67.0,CDMX,2022-05-09 16:40:19.804951238,Premium,,8.0,3.0,20.21,Uso medio,Adulto Mayor
10471,Mateo,Ramirez,60.0,,2022-05-09 23:14:37.719429858,Basico,,3.0,8.0,27.749999999999993,Uso medio,Adulto Mayor
10472,Mateo,Ramirez,53.0,CDMX,2022-05-10 05:48:55.633908478,Premium,,3.0,0.0,0.0,Bajo uso,Adulto
10473,Ana,Lopez,65.0,Medellín,2022-05-10 12:23:13.548387098,Basico,,9.0,5.0,12.36,Uso medio,Adulto Mayor
10474,Mateo,Torres,34.0,,2022-05-10 18:57:31.462865718,Basico,,5.0,8.0,36.550000000000004,Uso medio,Adulto
10475,Mateo,Torres,49.0,CDMX,2022-05-11 01:31:49.377344336,Basico,"1,72256E+18",4.0,1.0,8.84,Bajo uso,Adulto
10476,Mariana,Gomez,58.0,Bogotá,2022-05-11 08:06:07.291822956,Premium,,8.0,2.0,2.4699999999999998,Uso medio,Adulto
10477,Mateo,Gomez,23.0,,2022-05-11 14:40:25.206301576,Premium,,4.0,3.0,6.48,Bajo uso,Joven
10478,Sofia,Torres,41.0,Cali,2022-05-11 21:14:43.120780196,Basico,,6.0,3.0,21.72,Uso medio,Adulto
10479,Carlos,Garcia,44.0,Bogotá,2022-05-12 03:49:01.035258816,Basico,,7.0,2.0,12.47,Uso medio,Adulto
10480,Luis,Ramirez,37.0,Cali,2022-05-12 10:23:18.949737436,Premium,,5.0,4.0,11.77,Uso medio,Adulto
10481,Sofia,Garcia,42.0,Cali,2022-05-12 16:57:36.864216054,Basico,,3.0,3.0,7.68,Bajo uso,Adulto
10482,Mateo,Ramirez,19.0,MTY,2022-05-12 23:31:54.778694674,Basico,,11.0,7.0,55.1,Alto uso,Joven
10483,Mariana,Torres,26.0,,2022-05-13 06:06:12.693173294,Basico,,5.0,2.0,4.640000000000001,Uso medio,Joven
10484,Ana,Gomez,45.0,Bogotá,2022-05-13 12:40:30.607651914,Premium,,7.0,6.0,137.07000000000002,Uso medio,Adulto
10485,Mateo,Gomez,70.0,Bogotá,2022-05-13 19:14:48.522130534,Basico,"1,72204E+18",7.0,5.0,29.580000000000002,Uso medio,Adulto Mayor
10486,Mariana,Garcia,78.0,,2022-05-14 01:49:06.436609152,Premium,,6.0,4.0,24.5,Uso medio,Adulto Mayor
10487,Carlos,Gomez,55.0,Cali,2022-05-14 08:23:24.351087772,Basico,,5.0,9.0,74.14000000000001,Uso medio,Adulto
10488,Mateo,Torres,20.0,MTY,2022-05-14 14:57:42.265566392,Basico,"1,71979E+18",6.0,4.0,31.82,Uso medio,Joven
10489,Ana,Garcia,37.0,CDMX,2022-05-14 21:32:00.180045012,Basico,,8.0,4.0,23.740000000000002,Uso medio,Adulto
10490,Mariana,Ramirez,23.0,Medellín,2022-05-15 04:06:18.094523632,Basico,,5.0,5.0,24.64,Uso medio,Joven
10491,Mariana,Gomez,56.0,Medellín,2022-05-15 10:40:36.009002252,Basico,,3.0,7.0,33.419999999999995,Uso medio,Adulto
10492,Mariana,Lopez,50.0,Medellín,2022-05-15 17:14:53.923480870,Basico,,6.0,3.0,21.49,Uso medio,Adulto
10493,Carlos,Gomez,72.0,,2022-05-15 23:49:11.837959490,Premium,,6.0,3.0,6.24,Uso medio,Adulto Mayor
10494,Mateo,Ramirez,18.0,,2022-05-16 06:23:29.752438110,Basico,,4.0,7.0,34.29,Uso medio,Joven
10495,Carlos,Garcia,54.0,Bogotá,2022-05-16 12:57:47.666916730,Premium,,6.0,5.0,35.34,Uso medio,Adulto
10496,Luis,Ramirez,23.0,CDMX,2022-05-16 19:32:05.581395350,Premium,"1,71867E+18",6.0,6.0,24.05,Uso medio,Joven
10497,Luis,Lopez,62.0,Bogotá,2022-05-17 02:06:23.495873970,Premium,,5.0,3.0,19.18,Uso medio,Adulto Mayor
10498,Mateo,Torres,51.0,Medellín,2022-05-17 08:40:41.410352588,Premium,,2.0,8.0,57.41,Uso medio,Adulto
10499,Carlos,Gomez,64.0,Medellín,2022-05-17 15:14:59.324831208,Basico,,9.0,8.0,27.759999999999998,Uso medio,Adulto Mayor
10500,Ana,Garcia,32.0,Bogotá,2022-05-17 21:49:17.239309828,Basico,,6.0,2.0,5.47,Uso medio,Adulto
10501,Mariana,Torres,62.0,Bogotá,2022-05-18 04:23:35.153788448,Premium,,6.0,2.0,4.35,Uso medio,Adulto Mayor
10502,Mariana,Ramirez,43.0,GDL,2022-05-18 10:57:53.068267068,Premium,"1,73284E+18",4.0,4.0,38.89,Bajo uso,Adulto
10503,Mateo,Garcia,74.0,GDL,2022-05-18 17:32:10.982745688,Premium,,9.0,2.0,13.35,Uso medio,Adulto Mayor
10504,Luis,Torres,31.0,Bogotá,2022-05-19 00:06:28.897224306,Premium,,5.0,5.0,30.21,Uso medio,Adulto
10505,Luis,Garcia,75.0,CDMX,,Basico,,5.0,2.0,9.92,Uso medio,Adulto Mayor
10506,Mariana,Lopez,71.0,MTY,2022-05-19 13:15:04.726181546,Basico,,4.0,3.0,31.85,Bajo uso,Adulto Mayor
10507,Mateo,Lopez,24.0,MTY,2022-05-19 19:49:22.640660166,Premium,,6.0,2.0,16.39,Uso medio,Joven
10508,Carlos,Gomez,63.0,Bogotá,2022-05-20 02:23:40.555138786,Basico,,4.0,4.0,7.4,Bajo uso,Adulto Mayor
10509,Luis,Gomez,48.0,CDMX,2022-05-20 08:57:58.469617406,Basico,,8.0,2.0,32.02,Uso medio,Adulto
10510,Carlos,Lopez,75.0,Cali,2022-05-20 15:32:16.384096024,Basico,,4.0,3.0,2.9,Bajo uso,Adulto Mayor
10511,Luis,Garcia,48.0,Bogotá,2022-05-20 22:06:34.298574644,Basico,,6.0,2.0,10.54,Uso medio,Adulto
10512,Luis,Lopez,41.0,Medellín,2022-05-21 04:40:52.213053264,Basico,,6.0,3.0,14.399999999999999,Uso medio,Adulto
10513,Sofia,Gomez,76.0,Medellín,2022-05-21 11:15:10.127531884,Premium,,6.0,7.0,16.939999999999998,Uso medio,Adulto Mayor
10514,Luis,Lopez,48.0,GDL,2022-05-21 17:49:28.042010504,Premium,,5.0,6.0,30.700000000000003,Uso medio,Adulto
10515,Ana,Lopez,46.0,Bogotá,2022-05-22 00:23:45.956489122,Premium,,3.0,3.0,19.36,Bajo uso,Adulto
10516,Mateo,Garcia,59.0,,2022-05-22 06:58:03.870967742,Basico,,10.0,0.0,0.0,Alto uso,Adulto
10517,Mateo,Torres,49.0,Cali,2022-05-22 13:32:21.785446362,Premium,,7.0,2.0,13.0,Uso medio,Adulto
10518,Carlos,Gomez,34.0,,2022-05-22 20:06:39.699924982,Basico,,5.0,6.0,36.129999999999995,Uso medio,Adulto
10519,Luis,Garcia,31.0,Medellín,2022-05-23 02:40:57.614403602,Premium,,6.0,5.0,35.5,Uso medio,Adulto
10520,Ana,Lopez,57.0,CDMX,2022-05-23 09:15:15.528882222,Basico,,5.0,2.0,9.82,Uso medio,Adulto
10521,Carlos,Lopez,53.0,CDMX,2022-05-23 15:49:33.443360840,Basico,,8.0,6.0,18.179999999999996,Uso medio,Adulto
10522,Sofia,Torres,75.0,Bogotá,2022-05-23 22:23:51.357839460,Basico,,7.0,9.0,23.200000000000003,Uso medio,Adulto Mayor
10523,Carlos,Gomez,65.0,MTY,2022-05-24 04:58:09.272318080,Premium,,11.0,5.0,41.14,Alto uso,Adulto Mayor
10524,Carlos,Gomez,41.0,GDL,2022-05-24 11:32:27.186796700,Basico,,6.0,3.0,7.38,Uso medio,Adulto
10525,Luis,Ramirez,62.0,Cali,2022-05-24 18:06:45.101275320,Basico,,4.0,3.0,8.36,Bajo uso,Adulto Mayor
10526,Sofia,Gomez,48.0,MTY,2022-05-25 00:41:03.015753940,Basico,,4.0,3.0,19.900000000000002,Bajo uso,Adulto
10527,Carlos,Torres,71.0,MTY,,Basico,,9.0,4.0,10.45,Uso medio,Adulto Mayor
10528,Ana,Ramirez,44.0,Cali,2022-05-25 13:49:38.844711178,Basico,"1,72117E+18",7.0,3.0,25.75,Uso medio,Adulto
10529,Ana,Ramirez,42.0,Cali,2022-05-25 20:23:56.759189798,Basico,,7.0,8.0,16.84,Uso medio,Adulto
10530,Mateo,Lopez,76.0,MTY,2022-05-26 02:58:14.673668418,Basico,,5.0,1.0,2.53,Uso medio,Adulto Mayor
10531,Sofia,Lopez,49.0,Cali,2022-05-26 09:32:32.588147038,Basico,,3.0,5.0,16.67,Uso medio,Adulto
10532,Sofia,Gomez,69.0,,2022-05-26 16:06:50.502625658,Basico,,6.0,5.0,27.680000000000003,Uso medio,Adulto Mayor
10533,Mateo,Ramirez,35.0,Bogotá,2022-05-26 22:41:08.417104276,Basico,,5.0,7.0,32.199999999999996,Uso medio,Adulto
10534,Carlos,Lopez,63.0,CDMX,2022-05-27 05:15:26.331582896,Premium,,3.0,4.0,153.06,Bajo uso,Adulto Mayor
10535,Sofia,Torres,35.0,CDMX,2022-05-27 11:49:44.246061516,Basico,,8.0,7.0,54.08,Uso medio,Adulto
10536,Ana,Lopez,54.0,Bogotá,2022-05-27 18:24:02.160540136,Basico,,3.0,5.0,6.92,Uso medio,Adulto
10537,Ana,Lopez,43.0,MTY,2022-05-28 00:58:20.075018756,Basico,,5.0,5.0,26.810000000000002,Uso medio,Adulto
10538,Luis,Ramirez,26.0,,2022-05-28 07:32:37.989497376,Basico,,6.0,4.0,8.95,Uso medio,Joven
10539,Sofia,Ramirez,77.0,Cali,2022-05-28 14:06:55.903975994,Basico,,14.0,5.0,8.66,Alto uso,Adulto Mayor
10540,Carlos,Garcia,52.0,Cali,2022-05-28 20:41:13.818454614,Basico,,7.0,5.0,36.36,Uso medio,Adulto
10541,Mateo,Torres,25.0,,2022-05-29 03:15:31.732933234,Basico,,4.0,3.0,39.64,Bajo uso,Joven
10542,Mateo,Ramirez,37.0,,2022-05-29 09:49:49.647411854,Basico,,3.0,0.0,0.0,Bajo uso,Adulto
10543,Carlos,Gomez,71.0,MTY,2022-05-29 16:24:07.561890474,Premium,,5.0,5.0,48.47,Uso medio,Adulto Mayor
10544,Mariana,Torres,59.0,CDMX,2022-05-29 22:58:25.476369092,Premium,,5.0,4.0,16.93,Uso medio,Adulto
10545,Luis,Torres,39.0,Medellín,2022-05-30 05:32:43.390847712,Premium,,5.0,4.0,20.299999999999997,Uso medio,Adulto
10546,Mateo,Ramirez,36.0,MTY,2022-05-30 12:07:01.305326332,Basico,,7.0,6.0,30.22,Uso medio,Adulto
10547,Sofia,Torres,47.0,Bogotá,2022-05-30 18:41:19.219804952,Premium,,3.0,3.0,9.43,Bajo uso,Adulto
10548,Luis,Ramirez,70.0,Medellín,2022-05-31 01:15:37.134283572,Premium,,9.0,4.0,14.57,Uso medio,Adulto Mayor
10549,Sofia,Lopez,45.0,,2022-05-31 07:49:55.048762192,Premium,,2.0,7.0,42.629999999999995,Uso medio,Adulto
10550,Ana,Garcia,52.0,Bogotá,2022-05-31 14:24:12.963240810,Basico,"1,71841E+18",3.0,6.0,23.83,Uso medio,Adulto
10551,Luis,Lopez,60.0,Cali,2022-05-31 20:58:30.877719430,Basico,,6.0,4.0,26.35,Uso medio,Adulto Mayor
10552,Mateo,Ramirez,48.0,GDL,2022-06-01 03:32:48.792198050,Basico,,5.0,3.0,12.69,Uso medio,Adulto
10553,Luis,Ramirez,28.0,Medellín,2022-06-01 10:07:06.706676670,Basico,"1,72428E+18",5.0,4.0,18.0,Uso medio,Joven
10554,Luis,Lopez,48.0,CDMX,2022-06-01 16:41:24.621155290,Basico,,6.0,7.0,39.239999999999995,Uso medio,Adulto
10555,Luis,Gomez,66.0,,2022-06-01 23:15:42.535633910,Premium,,5.0,7.0,43.55,Uso medio,Adulto Mayor
10556,Mariana,Gomez,65.0,CDMX,2022-06-02 05:50:00.450112528,Premium,,5.0,6.0,14.889999999999999,Uso medio,Adulto Mayor
10557,Luis,Gomez,56.0,Medellín,2022-06-02 12:24:18.364591148,Basico,,4.0,5.0,23.610000000000003,Uso medio,Adulto
10558,Sofia,Ramirez,53.0,CDMX,2022-06-02 18:58:36.279069768,Basico,,4.0,7.0,27.1,Uso medio,Adulto
10559,Ana,Torres,47.0,GDL,2022-06-03 01:32:54.193548388,Basico,,7.0,4.0,17.64,Uso medio,Adulto
10560,Carlos,Ramirez,40.0,Bogotá,2022-06-03 08:07:12.108027008,Basico,,5.0,5.0,17.75,Uso medio,Adulto
10561,Luis,Torres,36.0,Bogotá,2022-06-03 14:41:30.022505628,Basico,,5.0,6.0,31.41,Uso medio,Adulto
10562,Mateo,Lopez,29.0,GDL,2022-06-03 21:15:47.936984246,Basico,,3.0,4.0,17.68,Bajo uso,Joven
10563,Luis,Garcia,32.0,MTY,2022-06-04 03:50:05.851462866,Basico,,6.0,5.0,13.65,Uso medio,Adulto
10564,Mateo,Torres,48.0,Medellín,2022-06-04 10:24:23.765941486,Premium,,2.0,3.0,27.15,Bajo uso,Adulto
10565,Sofia,Gomez,60.0,Medellín,2022-06-04 16:58:41.680420106,Basico,,4.0,4.0,17.939999999999998,Bajo uso,Adulto Mayor
10566,Mateo,Ramirez,54.0,CDMX,2022-06-04 23:32:59.594898726,Basico,,5.0,3.0,9.57,Uso medio,Adulto
10567,Carlos,Lopez,54.0,Medellín,2022-06-05 06:07:17.509377346,Basico,"1,72593E+18",1.0,5.0,17.79,Uso medio,Adulto
10568,Ana,Gomez,32.0,CDMX,2022-06-05 12:41:35.423855964,Basico,,8.0,4.0,2.35,Uso medio,Adulto
10569,Mateo,Lopez,46.0,Bogotá,2022-06-05 19:15:53.338334584,Basico,,6.0,5.0,9.21,Uso medio,Adulto
10570,Mateo,Garcia,67.0,GDL,2022-06-06 01:50:11.252813204,Basico,,6.0,4.0,10.95,Uso medio,Adulto Mayor
10571,Ana,Ramirez,60.0,Bogotá,2022-06-06 08:24:29.167291824,Basico,,4.0,1.0,2.17,Bajo uso,Adulto Mayor
10572,Carlos,Ramirez,43.0,GDL,2022-06-06 14:58:47.081770444,Basico,"1,73336E+18",8.0,2.0,10.14,Uso medio,Adulto
10573,Luis,Garcia,61.0,,2022-06-06 21:33:04.996249064,Premium,,6.0,3.0,6.68,Uso medio,Adulto Mayor
10574,Mateo,Ramirez,19.0,MTY,2022-06-07 04:07:22.910727682,Basico,,9.0,8.0,31.02,Uso medio,Joven
10575,Ana,Torres,37.0,GDL,2022-06-07 10:41:40.825206302,Basico,,2.0,4.0,10.049999999999999,Bajo uso,Adulto
10576,Sofia,Lopez,32.0,GDL,2022-06-07 17:15:58.739684922,Basico,,7.0,5.0,60.2,Uso medio,Adulto
10577,Ana,Gomez,69.0,,2022-06-07 23:50:16.654163542,Premium,,6.0,6.0,22.18,Uso medio,Adulto Mayor
10578,Sofia,Garcia,21.0,Medellín,2022-06-08 06:24:34.568642162,Basico,,4.0,5.0,21.290000000000003,Uso medio,Joven
10579,Carlos,Torres,39.0,Medellín,2022-06-08 12:58:52.483120780,Basico,,3.0,3.0,18.830000000000002,Bajo uso,Adulto
10580,Luis,Gomez,67.0,,2022-06-08 19:33:10.397599400,Premium,,7.0,4.0,19.77,Uso medio,Adulto Mayor
10581,Ana,Gomez,55.0,,2022-06-09 02:07:28.312078020,Basico,,6.0,5.0,16.91,Uso medio,Adulto
10582,Mariana,Garcia,40.0,Medellín,2022-06-09 08:41:46.226556640,Basico,,6.0,5.0,12.510000000000002,Uso medio,Adulto
10583,Mateo,Torres,76.0,GDL,2022-06-09 15:16:04.141035260,Basico,,5.0,5.0,16.95,Uso medio,Adulto Mayor
10584,Carlos,Gomez,43.0,Cali,2022-06-09 21:50:22.055513880,Premium,,7.0,7.0,29.599999999999998,Uso medio,Adulto
10585,Ana,Gomez,68.0,GDL,2022-06-10 04:24:39.969992498,Premium,,5.0,5.0,153.01999999999998,Uso medio,Adulto Mayor
10586,Mateo,Torres,28.0,Medellín,2022-06-10 10:58:57.884471118,Premium,,5.0,4.0,19.77,Uso medio,Joven
10587,Ana,Ramirez,45.0,Medellín,2022-06-10 17:33:15.798949738,Premium,,8.0,2.0,28.060000000000002,Uso medio,Adulto
10588,Sofia,Gomez,73.0,Cali,2022-06-11 00:07:33.713428358,Premium,,9.0,5.0,19.09,Uso medio,Adulto Mayor
10589,Ana,Lopez,19.0,Bogotá,2022-06-11 06:41:51.627906978,Basico,,11.0,1.0,2.9,Alto uso,Joven
10590,Mariana,Torres,76.0,Medellín,2022-06-11 13:16:09.542385598,Premium,,7.0,4.0,26.73,Uso medio,Adulto Mayor
10591,Ana,Gomez,25.0,,2022-06-11 19:50:27.456864216,Basico,,12.0,2.0,16.52,Alto uso,Joven
10592,Ana,Garcia,46.0,CDMX,2022-06-12 02:24:45.371342836,Basico,,7.0,2.0,6.34,Uso medio,Adulto
10593,Mariana,Lopez,28.0,MTY,2022-06-12 08:59:03.285821456,Basico,,2.0,5.0,20.55,Uso medio,Joven
10594,Carlos,Gomez,54.0,Medellín,2022-06-12 15:33:21.200300076,Basico,,8.0,3.0,24.669999999999998,Uso medio,Adulto
10595,Ana,Lopez,35.0,,2022-06-12 22:07:39.114778696,Premium,,3.0,8.0,30.6,Uso medio,Adulto
10596,Mariana,Lopez,72.0,CDMX,2022-06-13 04:41:57.029257316,Basico,,7.0,6.0,42.43,Uso medio,Adulto Mayor
10597,Mateo,Ramirez,79.0,CDMX,2022-06-13 11:16:14.943735934,Basico,,5.0,6.0,29.3,Uso medio,Adulto Mayor
10598,Sofia,Lopez,67.0,CDMX,2022-06-13 17:50:32.858214554,Basico,"1,72817E+18",7.0,3.0,4.62,Uso medio,Adulto Mayor
10599,Sofia,Ramirez,31.0,CDMX,2022-06-14 00:24:50.772693174,Premium,,4.0,8.0,37.95,Uso medio,Adulto
10600,Ana,Torres,71.0,,2022-06-14 06:59:08.687171794,Premium,,2.0,6.0,46.71,Uso medio,Adulto Mayor
10601,Carlos,Ramirez,27.0,Medellín,2022-06-14 13:33:26.601650414,Basico,"1,72731E+18",8.0,3.0,21.48,Uso medio,Joven
10602,Carlos,Garcia,52.0,Medellín,2022-06-14 20:07:44.516129034,Basico,,4.0,5.0,22.91,Uso medio,Adulto
10603,Mateo,Gomez,26.0,Bogotá,2022-06-15 02:42:02.430607652,Basico,,9.0,4.0,18.189999999999998,Uso medio,Joven
10604,Ana,Torres,52.0,Cali,2022-06-15 09:16:20.345086272,Basico,,5.0,7.0,38.29,Uso medio,Adulto
10605,Sofia,Torres,28.0,CDMX,2022-06-15 15:50:38.259564892,Basico,,7.0,5.0,23.99,Uso medio,Joven
10606,Carlos,Garcia,48.0,MTY,2022-06-15 22:24:56.174043512,Premium,,9.0,4.0,7.359999999999999,Uso medio,Adulto
10607,Ana,Ramirez,61.0,Bogotá,2022-06-16 04:59:14.088522132,Basico,,8.0,7.0,57.629999999999995,Uso medio,Adulto Mayor
10608,Carlos,Gomez,29.0,CDMX,2022-06-16 11:33:32.003000752,Basico,,4.0,4.0,11.809999999999999,Bajo uso,Joven
10609,Mariana,Ramirez,20.0,Bogotá,2022-06-16 18:07:49.917479370,Basico,,6.0,4.0,7.699999999999999,Uso medio,Joven
10610,Carlos,Lopez,70.0,MTY,2022-06-17 00:42:07.831957990,Basico,"1,71901E+18",6.0,7.0,49.019999999999996,Uso medio,Adulto Mayor
10611,Sofia,Ramirez,56.0,CDMX,2022-06-17 07:16:25.746436610,Basico,,10.0,7.0,52.12,Alto uso,Adulto
10612,Luis,Torres,31.0,CDMX,2022-06-17 13:50:43.660915230,Basico,,4.0,7.0,38.19,Uso medio,Adulto
10613,Mateo,Gomez,73.0,Cali,2022-06-17 20:25:01.575393850,Basico,,7.0,4.0,8.2,Uso medio,Adulto Mayor
10614,Mateo,Ramirez,45.0,CDMX,2022-06-18 02:59:19.489872468,Premium,,6.0,4.0,27.83,Uso medio,Adulto
10615,Sofia,Gomez,28.0,,2022-06-18 09:33:37.404351088,Basico,,5.0,1.0,4.3,Uso medio,Joven
10616,Carlos,Gomez,56.0,CDMX,2022-06-18 16:07:55.318829708,Basico,"1,73344E+18",6.0,4.0,16.21,Uso medio,Adulto
10617,Ana,Lopez,42.0,Cali,2022-06-18 22:42:13.233308328,Basico,,5.0,4.0,12.809999999999999,Uso medio,Adulto
10618,Carlos,Lopez,38.0,,2022-06-19 05:16:31.147786948,Premium,,2.0,4.0,12.04,Bajo uso,Adulto
10619,Sofia,Torres,27.0,,2022-06-19 11:50:49.062265568,Basico,,10.0,7.0,24.8,Alto uso,Joven
10620,Mateo,Garcia,60.0,,2022-06-19 18:25:06.976744186,Basico,,7.0,3.0,18.05,Uso medio,Adulto Mayor
10621,Carlos,Gomez,32.0,GDL,2022-06-20 00:59:24.891222806,Premium,,4.0,6.0,17.779999999999998,Uso medio,Adulto
10622,Mateo,Garcia,36.0,MTY,2022-06-20 07:33:42.805701426,Basico,,7.0,1.0,3.44,Uso medio,Adulto
10623,Ana,Torres,65.0,Bogotá,2022-06-20 14:08:00.720180046,Basico,,8.0,8.0,33.69,Uso medio,Adulto Mayor
10624,Mateo,Gomez,39.0,CDMX,2022-06-20 20:42:18.634658666,Premium,,5.0,6.0,23.040000000000003,Uso medio,Adulto
10625,Mateo,Gomez,38.0,CDMX,2022-06-21 03:16:36.549137286,Basico,,8.0,2.0,2.02,Uso medio,Adulto
10626,Luis,Garcia,77.0,,2022-06-21 09:50:54.463615904,Premium,,6.0,6.0,19.89,Uso medio,Adulto Mayor
10627,Luis,Ramirez,69.0,Bogotá,2022-06-21 16:25:12.378094524,Basico,,8.0,7.0,13.66,Uso medio,Adulto Mayor
10628,Mariana,Lopez,61.0,Medellín,2022-06-21 22:59:30.292573144,Basico,,7.0,3.0,8.58,Uso medio,Adulto Mayor
10629,Luis,Ramirez,49.0,,2022-06-22 05:33:48.207051764,Premium,,7.0,2.0,7.5,Uso medio,Adulto
10630,Mateo,Garcia,67.0,Medellín,2022-06-22 12:08:06.121530384,Premium,"1,72714E+18",4.0,4.0,34.06,Bajo uso,Adulto Mayor
10631,Sofia,Lopez,40.0,Medellín,2022-06-22 18:42:24.036009004,Premium,,8.0,6.0,19.73,Uso medio,Adulto
10632,Mateo,Ramirez,30.0,Cali,2022-06-23 01:16:41.950487622,Basico,,4.0,4.0,11.95,Bajo uso,Adulto
10633,Sofia,Lopez,22.0,CDMX,2022-06-23 07:50:59.864966242,Basico,,3.0,8.0,85.8,Uso medio,Joven
10634,Sofia,Gomez,21.0,MTY,2022-06-23 14:25:17.779444862,Basico,,2.0,5.0,39.38,Uso medio,Joven
10635,Luis,Ramirez,45.0,,2022-06-23 20:59:35.693923482,Basico,"1,73146E+18",6.0,2.0,3.1799999999999997,Uso medio,Adulto
10636,Carlos,Lopez,31.0,,2022-06-24 03:33:53.608402102,Basico,,7.0,3.0,16.79,Uso medio,Adulto
10637,Ana,Lopez,25.0,,2022-06-24 10:08:11.522880722,Basico,,1.0,5.0,24.98,Uso medio,Joven
10638,Luis,Lopez,26.0,Bogotá,2022-06-24 16:42:29.437359340,Basico,,7.0,3.0,8.71,Uso medio,Joven
10639,Luis,Ramirez,74.0,,2022-06-24 23:16:47.351837960,Basico,,5.0,8.0,40.79,Uso medio,Adulto Mayor
10640,Carlos,Torres,68.0,CDMX,2022-06-25 05:51:05.266316580,Basico,,6.0,5.0,44.6,Uso medio,Adulto Mayor
10641,Ana,Ramirez,52.0,CDMX,2022-06-25 12:25:23.180795200,Premium,,7.0,3.0,21.47,Uso medio,Adulto
10642,Mateo,Garcia,54.0,Bogotá,2022-06-25 18:59:41.095273820,Premium,,5.0,4.0,25.770000000000003,Uso medio,Adulto
10643,Mariana,Ramirez,38.0,Bogotá,2022-06-26 01:33:59.009752438,Basico,,4.0,6.0,27.209999999999997,Uso medio,Adulto
10644,Mariana,Lopez,75.0,GDL,2022-06-26 08:08:16.924231058,Premium,,4.0,2.0,2.59,Bajo uso,Adulto Mayor
10645,Mateo,Gomez,35.0,MTY,2022-06-26 14:42:34.838709678,Basico,,6.0,1.0,12.8,Uso medio,Adulto
10646,Luis,Ramirez,50.0,CDMX,,Premium,,6.0,4.0,41.53,Uso medio,Adulto
10647,Ana,Ramirez,25.0,Bogotá,2022-06-27 03:51:10.667666918,Basico,"1,72532E+18",3.0,4.0,22.87,Bajo uso,Joven
10648,Luis,Lopez,68.0,Cali,2022-06-27 10:25:28.582145538,Basico,,4.0,2.0,13.19,Bajo uso,Adulto Mayor
10649,Sofia,Gomez,66.0,Medellín,2022-06-27 16:59:46.496624156,Premium,,3.0,5.0,36.72,Uso medio,Adulto Mayor
10650,Luis,Gomez,34.0,CDMX,2022-06-27 23:34:04.411102776,Basico,,5.0,5.0,13.39,Uso medio,Adulto
10651,Luis,Garcia,60.0,Bogotá,2022-06-28 06:08:22.325581396,Premium,,3.0,4.0,23.580000000000002,Bajo uso,Adulto Mayor
10652,Mateo,Ramirez,48.0,Medellín,2022-06-28 12:42:40.240060016,Premium,,8.0,7.0,22.5,Uso medio,Adulto
10653,Mateo,Gomez,51.0,Bogotá,2022-06-28 19:16:58.154538636,Premium,,9.0,4.0,21.27,Uso medio,Adulto
10654,Mateo,Gomez,23.0,MTY,2022-06-29 01:51:16.069017256,Basico,,7.0,5.0,12.809999999999999,Uso medio,Joven
10655,Mariana,Torres,39.0,Medellín,2022-06-29 08:25:33.983495874,Basico,,7.0,4.0,18.979999999999997,Uso medio,Adulto
10656,Sofia,Torres,31.0,,2022-06-29 14:59:51.897974494,Basico,,8.0,5.0,23.580000000000002,Uso medio,Adulto
10657,Mateo,Gomez,20.0,CDMX,2022-06-29 21:34:09.812453114,Premium,"1,72308E+18",7.0,3.0,20.759999999999998,Uso medio,Joven
10658,Ana,Garcia,29.0,MTY,2022-06-30 04:08:27.726931734,Basico,,4.0,3.0,7.2,Bajo uso,Joven
10659,Mariana,Gomez,53.0,Bogotá,2022-06-30 10:42:45.641410354,Basico,,4.0,4.0,19.56,Bajo uso,Adulto
10660,Carlos,Lopez,29.0,Bogotá,2022-06-30 17:17:03.555888974,Basico,,1.0,1.0,8.88,Bajo uso,Joven
10661,Ana,Ramirez,62.0,CDMX,2022-06-30 23:51:21.470367592,Basico,,6.0,4.0,10.72,Uso medio,Adulto Mayor
10662,Ana,Garcia,19.0,CDMX,2022-07-01 06:25:39.384846212,Basico,"1,72809E+18",3.0,4.0,30.07,Bajo uso,Joven
10663,Mateo,Lopez,19.0,GDL,2022-07-01 12:59:57.299324832,Basico,,2.0,4.0,12.66,Bajo uso,Joven
10664,Carlos,Garcia,32.0,,2022-07-01 19:34:15.213803452,Premium,,9.0,4.0,13.05,Uso medio,Adulto
10665,Carlos,Lopez,40.0,Medellín,2022-07-02 02:08:33.128282072,Basico,,5.0,8.0,43.82000000000001,Uso medio,Adulto
10666,Mariana,Ramirez,46.0,Medellín,2022-07-02 08:42:51.042760692,Premium,,3.0,8.0,50.019999999999996,Uso medio,Adulto
10667,Carlos,Ramirez,34.0,Cali,2022-07-02 15:17:08.957239310,Premium,,5.0,4.0,30.040000000000003,Uso medio,Adulto
10668,Sofia,Torres,49.0,CDMX,2022-07-02 21:51:26.871717930,Basico,,5.0,5.0,9.08,Uso medio,Adulto
10669,Mateo,Lopez,24.0,,2022-07-03 04:25:44.786196550,Basico,,5.0,2.0,12.7,Uso medio,Joven
10670,Carlos,Torres,47.0,Bogotá,2022-07-03 11:00:02.700675170,Basico,,12.0,3.0,19.13,Alto uso,Adulto
10671,Mariana,Lopez,45.0,MTY,2022-07-03 17:34:20.615153790,Basico,,6.0,7.0,27.189999999999998,Uso medio,Adulto
10672,Sofia,Torres,31.0,Cali,2022-07-04 00:08:38.529632408,Premium,,6.0,5.0,18.71,Uso medio,Adulto
10673,Luis,Ramirez,61.0,Cali,2022-07-04 06:42:56.444111028,Basico,,7.0,5.0,11.14,Uso medio,Adulto Mayor
10674,Luis,Garcia,47.0,Cali,2022-07-04 13:17:14.358589648,Basico,,6.0,3.0,10.36,Uso medio,Adulto
10675,Sofia,Torres,34.0,CDMX,2022-07-04 19:51:32.273068268,Basico,,6.0,8.0,70.58,Uso medio,Adulto
10676,Mariana,Lopez,49.0,,2022-07-05 02:25:50.187546888,Premium,,5.0,4.0,10.58,Uso medio,Adulto
10677,Sofia,Lopez,63.0,,2022-07-05 09:00:08.102025508,Basico,"1,73413E+18",5.0,6.0,26.59,Uso medio,Adulto Mayor
10678,Mateo,Ramirez,23.0,MTY,2022-07-05 15:34:26.016504126,Basico,,3.0,9.0,28.910000000000004,Uso medio,Joven
10679,Mateo,Lopez,68.0,CDMX,2022-07-05 22:08:43.930982746,Basico,,3.0,4.0,10.469999999999999,Bajo uso,Adulto Mayor
10680,Luis,Gomez,41.0,CDMX,2022-07-06 04:43:01.845461366,Premium,,11.0,7.0,33.39000000000001,Alto uso,Adulto
10681,Carlos,Garcia,23.0,,2022-07-06 11:17:19.759939986,Basico,,9.0,4.0,33.81,Uso medio,Joven
10682,Mariana,Torres,44.0,Bogotá,2022-07-06 17:51:37.674418606,Basico,"1,72826E+18",4.0,4.0,14.12,Bajo uso,Adulto
10683,Luis,Garcia,35.0,MTY,2022-07-07 00:25:55.588897226,Basico,,4.0,2.0,4.95,Bajo uso,Adulto
10684,Carlos,Ramirez,41.0,GDL,2022-07-07 07:00:13.503375844,Premium,"1,71945E+18",7.0,3.0,13.35,Uso medio,Adulto
10685,Carlos,Torres,54.0,GDL,2022-07-07 13:34:31.417854464,Basico,,4.0,6.0,63.260000000000005,Uso medio,Adulto
10686,Mateo,Torres,73.0,Medellín,2022-07-07 20:08:49.332333084,Premium,,6.0,4.0,41.29,Uso medio,Adulto Mayor
10687,Ana,Gomez,41.0,Bogotá,2022-07-08 02:43:07.246811704,Basico,,7.0,4.0,13.0,Uso medio,Adulto
10688,Ana,Ramirez,55.0,,2022-07-08 09:17:25.161290324,Basico,"1,72999E+18",8.0,6.0,19.529999999999998,Uso medio,Adulto
10689,Sofia,Lopez,51.0,Medellín,2022-07-08 15:51:43.075768944,Premium,"1,71832E+18",6.0,3.0,6.27,Uso medio,Adulto
10690,Mateo,Gomez,57.0,Cali,2022-07-08 22:26:00.990247562,Premium,,4.0,6.0,28.13,Uso medio,Adulto
10691,Carlos,Gomez,64.0,GDL,2022-07-09 05:00:18.904726182,Premium,,4.0,4.0,14.899999999999999,Bajo uso,Adulto Mayor
10692,Mariana,Garcia,32.0,CDMX,2022-07-09 11:34:36.819204802,Premium,,5.0,7.0,25.970000000000002,Uso medio,Adulto
10693,Ana,Garcia,28.0,Bogotá,2022-07-09 18:08:54.733683422,Basico,,3.0,3.0,14.91,Bajo uso,Joven
10694,Carlos,Garcia,39.0,MTY,2022-07-10 00:43:12.648162042,Premium,"1,72463E+18",1.0,3.0,21.990000000000002,Bajo uso,Adulto
10695,Ana,Gomez,71.0,GDL,2022-07-10 07:17:30.562640662,Basico,,6.0,6.0,45.190000000000005,Uso medio,Adulto Mayor
10696,Ana,Lopez,41.0,,2022-07-10 13:51:48.477119280,Premium,,6.0,3.0,12.81,Uso medio,Adulto
10697,Ana,Torres,18.0,Bogotá,2022-07-10 20:26:06.391597900,Basico,,4.0,8.0,48.32999999999999,Uso medio,Joven
10698,Mariana,Garcia,35.0,CDMX,2022-07-11 03:00:24.306076520,Basico,,2.0,6.0,34.53,Uso medio,Adulto
10699,Mateo,Lopez,61.0,GDL,2022-07-11 09:34:42.220555140,Basico,,3.0,1.0,9.7,Bajo uso,Adulto Mayor
10700,Mariana,Ramirez,29.0,GDL,2022-07-11 16:09:00.135033760,Basico,,6.0,4.0,36.42,Uso medio,Joven
10701,Luis,Garcia,74.0,,2022-07-11 22:43:18.049512380,Basico,,8.0,1.0,7.79,Uso medio,Adulto Mayor
10702,Carlos,Torres,60.0,GDL,2022-07-12 05:17:35.963990998,Basico,,4.0,8.0,40.89,Uso medio,Adulto Mayor
10703,Mateo,Ramirez,45.0,MTY,2022-07-12 11:51:53.878469618,Basico,,6.0,4.0,18.81,Uso medio,Adulto
10704,Mateo,Ramirez,57.0,Medellín,2022-07-12 18:26:11.792948238,Basico,,5.0,3.0,24.09,Uso medio,Adulto
10705,Mateo,Torres,77.0,GDL,2022-07-13 01:00:29.707426858,Basico,,2.0,4.0,24.380000000000003,Bajo uso,Adulto Mayor
10706,Mateo,Garcia,24.0,GDL,2022-07-13 07:34:47.621905478,Basico,,7.0,2.0,8.870000000000001,Uso medio,Joven
10707,Mariana,Gomez,40.0,CDMX,2022-07-13 14:09:05.536384096,Basico,,3.0,3.0,8.97,Bajo uso,Adulto
10708,Mateo,Torres,38.0,MTY,2022-07-13 20:43:23.450862716,Basico,"1,72532E+18",6.0,6.0,19.950000000000003,Uso medio,Adulto
10709,Sofia,Torres,51.0,CDMX,2022-07-14 03:17:41.365341336,Premium,,9.0,5.0,10.57,Uso medio,Adulto
10710,Carlos,Torres,28.0,CDMX,2022-07-14 09:51:59.279819956,Premium,,6.0,6.0,14.1,Uso medio,Joven
10711,Mateo,Ramirez,39.0,Cali,2022-07-14 16:26:17.194298576,Basico,"1,73275E+18",8.0,3.0,14.63,Uso medio,Adulto
10712,Carlos,Lopez,59.0,CDMX,2022-07-14 23:00:35.108777196,Basico,,6.0,6.0,37.59,Uso medio,Adulto
10713,Sofia,Gomez,52.0,Cali,2022-07-15 05:34:53.023255814,Premium,,9.0,2.0,7.199999999999999,Uso medio,Adulto
10714,Sofia,Garcia,69.0,Cali,2022-07-15 12:09:10.937734434,Basico,,8.0,4.0,13.100000000000001,Uso medio,Adulto Mayor
10715,Carlos,Garcia,46.0,Bogotá,2022-07-15 18:43:28.852213054,Premium,,8.0,6.0,41.76,Uso medio,Adulto
10716,Ana,Lopez,59.0,MTY,2022-07-16 01:17:46.766691674,Basico,,8.0,4.0,21.27,Uso medio,Adulto
10717,Luis,Torres,45.0,CDMX,2022-07-16 07:52:04.681170294,Basico,,3.0,3.0,30.450000000000003,Bajo uso,Adulto
10718,Ana,Gomez,76.0,Medellín,2022-07-16 14:26:22.595648914,Basico,,2.0,8.0,60.65,Uso medio,Adulto Mayor
10719,Ana,Garcia,35.0,Medellín,2022-07-16 21:00:40.510127532,Basico,,7.0,4.0,39.209999999999994,Uso medio,Adulto
10720,Mariana,Garcia,31.0,Medellín,2022-07-17 03:34:58.424606152,Basico,,10.0,9.0,62.78,Alto uso,Adulto
10721,Ana,Torres,35.0,CDMX,2022-07-17 10:09:16.339084772,Basico,,6.0,5.0,40.879999999999995,Uso medio,Adulto
10722,Mateo,Lopez,45.0,,2022-07-17 16:43:34.253563392,Basico,,4.0,8.0,37.65,Uso medio,Adulto
10723,Mariana,Gomez,41.0,CDMX,2022-07-17 23:17:52.168042012,Basico,,3.0,5.0,35.01,Uso medio,Adulto
10724,Mariana,Lopez,25.0,MTY,2022-07-18 05:52:10.082520632,Premium,,4.0,8.0,25.700000000000003,Uso medio,Joven
10725,Sofia,Lopez,59.0,Bogotá,2022-07-18 12:26:27.996999250,Premium,,0.0,5.0,31.860000000000003,Uso medio,Adulto
10726,Ana,Gomez,71.0,CDMX,2022-07-18 19:00:45.911477870,Basico,"1,7223E+18",9.0,5.0,21.49,Uso medio,Adulto Mayor
10727,Sofia,Gomez,62.0,Bogotá,2022-07-19 01:35:03.825956490,Basico,"1,7229E+18",6.0,3.0,7.52,Uso medio,Adulto Mayor
10728,Carlos,Garcia,70.0,Cali,2022-07-19 08:09:21.740435110,Basico,,1.0,3.0,14.12,Bajo uso,Adulto Mayor
10729,Luis,Garcia,25.0,Cali,2022-07-19 14:43:39.654913730,Basico,,4.0,1.0,10.78,Bajo uso,Joven
10730,Mariana,Gomez,21.0,,2022-07-19 21:17:57.569392350,Basico,,4.0,7.0,12.32,Uso medio,Joven
10731,Carlos,Ramirez,44.0,Bogotá,2022-07-20 03:52:15.483870968,Basico,,5.0,10.0,44.26,Alto uso,Adulto
10732,Carlos,Garcia,53.0,Medellín,2022-07-20 10:26:33.398349588,Basico,,8.0,5.0,41.74,Uso medio,Adulto
10733,Mateo,Ramirez,22.0,CDMX,2022-07-20 17:00:51.312828208,Basico,,6.0,4.0,18.819999999999997,Uso medio,Joven
10734,Luis,Gomez,50.0,Bogotá,2022-07-20 23:35:09.227306828,Premium,,7.0,2.0,14.120000000000001,Uso medio,Adulto
10735,Carlos,Garcia,66.0,CDMX,2022-07-21 06:09:27.141785448,Premium,,4.0,6.0,24.02,Uso medio,Adulto Mayor
10736,Carlos,Lopez,51.0,MTY,2022-07-21 12:43:45.056264068,Basico,,7.0,2.0,12.24,Uso medio,Adulto
10737,Luis,Gomez,47.0,MTY,2022-07-21 19:18:02.970742686,Basico,,8.0,3.0,22.41,Uso medio,Adulto
10738,Luis,Torres,25.0,Bogotá,2022-07-22 01:52:20.885221306,Basico,,5.0,3.0,21.330000000000002,Uso medio,Joven
10739,Carlos,Ramirez,56.0,Bogotá,2022-07-22 08:26:38.799699926,Premium,,1.0,5.0,28.830000000000002,Uso medio,Adulto
10740,Luis,Gomez,48.0,,2022-07-22 15:00:56.714178546,Premium,,3.0,4.0,20.990000000000002,Bajo uso,Adulto
10741,Carlos,Gomez,64.0,MTY,2022-07-22 21:35:14.628657166,Premium,,5.0,5.0,16.080000000000002,Uso medio,Adulto Mayor
10742,Carlos,Garcia,43.0,,2022-07-23 04:09:32.543135784,Basico,,9.0,2.0,9.64,Uso medio,Adulto
10743,Mateo,Garcia,74.0,Cali,2022-07-23 10:43:50.457614404,Premium,,5.0,9.0,76.76,Uso medio,Adulto Mayor
10744,Ana,Garcia,54.0,Bogotá,2022-07-23 17:18:08.372093024,Basico,,9.0,2.0,8.3,Uso medio,Adulto
10745,Carlos,Torres,51.0,Medellín,2022-07-23 23:52:26.286571644,Premium,,5.0,9.0,12.89,Uso medio,Adulto
10746,Sofia,Garcia,24.0,CDMX,2022-07-24 06:26:44.201050264,Premium,,7.0,9.0,18.530000000000005,Uso medio,Joven
10747,Mariana,Gomez,48.0,Cali,2022-07-24 13:01:02.115528884,Basico,,6.0,2.0,1.3,Uso medio,Adulto
10748,Ana,Garcia,57.0,Bogotá,2022-07-24 19:35:20.030007502,Basico,,4.0,8.0,58.19,Uso medio,Adulto
10749,Ana,Lopez,45.0,,2022-07-25 02:09:37.944486122,Premium,,3.0,10.0,43.550000000000004,Alto uso,Adulto
10750,Ana,Garcia,56.0,Medellín,2022-07-25 08:43:55.858964742,Basico,,4.0,7.0,29.879999999999995,Uso medio,Adulto
10751,Mateo,Torres,79.0,Cali,2022-07-25 15:18:13.773443362,Basico,,4.0,7.0,57.92999999999999,Uso medio,Adulto Mayor
10752,Carlos,Lopez,56.0,Cali,2022-07-25 21:52:31.687921982,Basico,,6.0,4.0,20.96,Uso medio,Adulto
10753,Mateo,Gomez,45.0,MTY,2022-07-26 04:26:49.602400602,Basico,,2.0,6.0,48.03999999999999,Uso medio,Adulto
10754,Carlos,Gomez,48.0,GDL,2022-07-26 11:01:07.516879220,Basico,,5.0,6.0,36.53,Uso medio,Adulto
10755,Mateo,Ramirez,31.0,Bogotá,2022-07-26 17:35:25.431357840,Basico,,7.0,5.0,8.17,Uso medio,Adulto
10756,Mateo,Lopez,70.0,Bogotá,2022-07-27 00:09:43.345836460,Basico,,5.0,3.0,15.86,Uso medio,Adulto Mayor
10757,Mariana,Ramirez,67.0,GDL,2022-07-27 06:44:01.260315080,Basico,,8.0,3.0,6.21,Uso medio,Adulto Mayor
10758,Sofia,Lopez,55.0,,2022-07-27 13:18:19.174793700,Basico,,4.0,3.0,10.73,Bajo uso,Adulto
10759,Mateo,Lopez,21.0,Bogotá,2022-07-27 19:52:37.089272320,Basico,"1,73292E+18",4.0,4.0,4.67,Bajo uso,Joven
10760,Mariana,Torres,59.0,,2022-07-28 02:26:55.003750938,Basico,,3.0,4.0,17.509999999999998,Bajo uso,Adulto
10761,Luis,Ramirez,35.0,Cali,2022-07-28 09:01:12.918229558,Basico,,3.0,2.0,21.72,Bajo uso,Adulto
10762,Sofia,Torres,61.0,Bogotá,2022-07-28 15:35:30.832708180,Basico,,6.0,4.0,24.37,Uso medio,Adulto Mayor
10763,Mateo,Lopez,65.0,,2022-07-28 22:09:48.747186796,Premium,,5.0,3.0,16.41,Uso medio,Adulto Mayor
10764,Ana,Gomez,42.0,Bogotá,2022-07-29 04:44:06.661665416,Basico,,5.0,7.0,28.189999999999998,Uso medio,Adulto
10765,Luis,Lopez,24.0,,2022-07-29 11:18:24.576144036,Premium,,7.0,3.0,14.870000000000001,Uso medio,Joven
10766,Luis,Torres,55.0,MTY,2022-07-29 17:52:42.490622656,Basico,,7.0,6.0,16.26,Uso medio,Adulto
10767,Mariana,Ramirez,45.0,MTY,2022-07-30 00:27:00.405101276,Premium,,10.0,3.0,12.65,Alto uso,Adulto
10768,Luis,Ramirez,22.0,Bogotá,2022-07-30 07:01:18.319579896,Basico,,2.0,2.0,2.2199999999999998,Bajo uso,Joven
10769,Sofia,Torres,20.0,Bogotá,2022-07-30 13:35:36.234058516,Basico,,6.0,4.0,12.95,Uso medio,Joven
10770,Mateo,Ramirez,61.0,Bogotá,2022-07-30 20:09:54.148537136,Basico,,4.0,3.0,31.15,Bajo uso,Adulto Mayor
10771,Mateo,Garcia,48.0,Bogotá,2022-07-31 02:44:12.063015756,Basico,,7.0,2.0,17.02,Uso medio,Adulto
10772,Ana,Gomez,64.0,MTY,2022-07-31 09:18:29.977494376,Premium,,8.0,4.0,7.59,Uso medio,Adulto Mayor
10773,Mariana,Gomez,59.0,,2022-07-31 15:52:47.891972996,Basico,,10.0,2.0,4.37,Alto uso,Adulto
10774,Ana,Gomez,75.0,Bogotá,2022-07-31 22:27:05.806451612,Basico,,7.0,3.0,8.67,Uso medio,Adulto Mayor
10775,Luis,Ramirez,37.0,Bogotá,2022-08-01 05:01:23.720930232,Premium,,4.0,8.0,41.3,Uso medio,Adulto
10776,Ana,Ramirez,36.0,Medellín,2022-08-01 11:35:41.635408852,Basico,,2.0,5.0,15.350000000000001,Uso medio,Adulto
10777,Sofia,Lopez,65.0,Cali,2022-08-01 18:09:59.549887472,Basico,,4.0,12.0,55.28,Alto uso,Adulto Mayor
10778,Mateo,Lopez,77.0,,2022-08-02 00:44:17.464366092,Basico,,8.0,11.0,32.13,Alto uso,Adulto Mayor
10779,Luis,Gomez,28.0,Bogotá,2022-08-02 07:18:35.378844712,Basico,,10.0,5.0,42.63999999999999,Alto uso,Joven
10780,Ana,Garcia,57.0,CDMX,2022-08-02 13:52:53.293323332,Premium,,10.0,6.0,15.0,Alto uso,Adulto
10781,Mariana,Lopez,20.0,Bogotá,2022-08-02 20:27:11.207801952,Premium,,1.0,5.0,27.020000000000003,Uso medio,Joven
10782,Sofia,Lopez,40.0,Bogotá,2022-08-03 03:01:29.122280572,Premium,,6.0,4.0,22.62,Uso medio,Adulto
10783,Sofia,Ramirez,24.0,,2022-08-03 09:35:47.036759192,Premium,,7.0,4.0,18.6,Uso medio,Joven
10784,Ana,Garcia,40.0,MTY,2022-08-03 16:10:04.951237812,Basico,,3.0,6.0,44.32,Uso medio,Adulto
10785,Mateo,Gomez,78.0,,2022-08-03 22:44:22.865716432,Basico,,4.0,3.0,12.540000000000001,Bajo uso,Adulto Mayor
10786,Ana,Lopez,24.0,Bogotá,2022-08-04 05:18:40.780195048,Basico,"1,7172E+18",4.0,6.0,20.81,Uso medio,Joven
10787,Luis,Garcia,63.0,,2022-08-04 11:52:58.694673668,Premium,,4.0,4.0,17.93,Bajo uso,Adulto Mayor
10788,Ana,Garcia,51.0,CDMX,2022-08-04 18:27:16.609152288,Premium,,5.0,4.0,19.740000000000002,Uso medio,Adulto
10789,Sofia,Gomez,59.0,,2022-08-05 01:01:34.523630908,Basico,,6.0,6.0,15.729999999999999,Uso medio,Adulto
10790,Ana,Garcia,36.0,,2022-08-05 07:35:52.438109528,Basico,,9.0,6.0,19.18,Uso medio,Adulto
10791,Mateo,Garcia,75.0,,2022-08-05 14:10:10.352588148,Premium,,4.0,6.0,22.589999999999996,Uso medio,Adulto Mayor
10792,Mariana,Garcia,26.0,CDMX,2022-08-05 20:44:28.267066768,Basico,,9.0,6.0,30.46,Uso medio,Joven
10793,Carlos,Lopez,65.0,CDMX,2022-08-06 03:18:46.181545388,Premium,,5.0,5.0,24.58,Uso medio,Adulto Mayor
10794,Ana,Gomez,68.0,Medellín,2022-08-06 09:53:04.096024008,Basico,,8.0,7.0,27.48,Uso medio,Adulto Mayor
10795,Mateo,Garcia,35.0,CDMX,2022-08-06 16:27:22.010502628,Basico,,5.0,7.0,43.879999999999995,Uso medio,Adulto
10796,Mateo,Garcia,58.0,CDMX,2022-08-06 23:01:39.924981248,Basico,,7.0,4.0,12.71,Uso medio,Adulto
10797,Mariana,Lopez,65.0,GDL,2022-08-07 05:35:57.839459868,Basico,,3.0,2.0,13.05,Bajo uso,Adulto Mayor
10798,Sofia,Gomez,62.0,Bogotá,2022-08-07 12:10:15.753938484,Basico,,1.0,4.0,7.23,Bajo uso,Adulto Mayor
10799,Mateo,Ramirez,59.0,Bogotá,2022-08-07 18:44:33.668417104,Basico,,3.0,5.0,22.43,Uso medio,Adulto
10800,Mateo,Lopez,42.0,CDMX,2022-08-08 01:18:51.582895724,Premium,,4.0,3.0,27.509999999999998,Bajo uso,Adulto
10801,Mateo,Gomez,69.0,CDMX,2022-08-08 07:53:09.497374344,Premium,,2.0,2.0,0.74,Bajo uso,Adulto Mayor
10802,Mateo,Garcia,31.0,Bogotá,2022-08-08 14:27:27.411852964,Premium,,4.0,6.0,24.83,Uso medio,Adulto
10803,Luis,Gomez,61.0,Bogotá,2022-08-08 21:01:45.326331584,Basico,,5.0,6.0,22.879999999999995,Uso medio,Adulto Mayor
10804,Luis,Gomez,42.0,CDMX,2022-08-09 03:36:03.240810204,Premium,,2.0,0.0,0.0,Bajo uso,Adulto
10805,Sofia,Gomez,36.0,MTY,2022-08-09 10:10:21.155288824,Basico,,5.0,1.0,0.33,Uso medio,Adulto
10806,Ana,Ramirez,56.0,,2022-08-09 16:44:39.069767444,Basico,,11.0,3.0,10.620000000000001,Alto uso,Adulto
10807,Mateo,Gomez,72.0,,2022-08-09 23:18:56.984246064,Basico,,6.0,2.0,11.57,Uso medio,Adulto Mayor
10808,Mariana,Ramirez,32.0,,2022-08-10 05:53:14.898724684,Basico,,10.0,3.0,11.280000000000001,Alto uso,Adulto
10809,Ana,Garcia,33.0,,2022-08-10 12:27:32.813203300,Premium,,7.0,2.0,22.29,Uso medio,Adulto
10810,Mariana,Ramirez,44.0,MTY,2022-08-10 19:01:50.727681920,Basico,"1,72282E+18",4.0,4.0,27.93,Bajo uso,Adulto
10811,Ana,Garcia,57.0,Medellín,2022-08-11 01:36:08.642160540,Basico,,3.0,6.0,13.080000000000002,Uso medio,Adulto
10812,Sofia,Garcia,27.0,Bogotá,2022-08-11 08:10:26.556639160,Premium,,6.0,6.0,40.580000000000005,Uso medio,Joven
10813,Mateo,Ramirez,48.0,Medellín,2022-08-11 14:44:44.471117780,Basico,,6.0,4.0,19.9,Uso medio,Adulto
10814,Mateo,Lopez,21.0,MTY,2022-08-11 21:19:02.385596400,Premium,,2.0,3.0,46.78,Bajo uso,Joven
10815,Carlos,Torres,68.0,Medellín,2022-08-12 03:53:20.300075020,Basico,,4.0,4.0,10.32,Bajo uso,Adulto Mayor
10816,Mariana,Gomez,36.0,Bogotá,2022-08-12 10:27:38.214553640,Premium,,6.0,3.0,15.35,Uso medio,Adulto
10817,Ana,Torres,48.0,CDMX,2022-08-12 17:01:56.129032260,Basico,,8.0,6.0,42.57,Uso medio,Adulto
10818,Ana,Gomez,45.0,Cali,2022-08-12 23:36:14.043510880,Premium,,11.0,3.0,2.83,Alto uso,Adulto
10819,Luis,Gomez,38.0,CDMX,2022-08-13 06:10:31.957989500,Basico,,9.0,3.0,4.34,Uso medio,Adulto
10820,Carlos,Garcia,76.0,GDL,2022-08-13 12:44:49.872468120,Premium,,5.0,8.0,19.330000000000002,Uso medio,Adulto Mayor
10821,Luis,Gomez,64.0,CDMX,2022-08-13 19:19:07.786946736,Basico,,4.0,2.0,8.98,Bajo uso,Adulto Mayor
10822,Luis,Gomez,31.0,MTY,2022-08-14 01:53:25.701425356,Basico,,9.0,5.0,8.02,Uso medio,Adulto
10823,Luis,Ramirez,50.0,CDMX,2022-08-14 08:27:43.615903976,Basico,"1,71763E+18",6.0,4.0,32.519999999999996,Uso medio,Adulto
10824,Mariana,Torres,65.0,,2022-08-14 15:02:01.530382596,Basico,,5.0,3.0,9.36,Uso medio,Adulto Mayor
10825,Mariana,Ramirez,27.0,Bogotá,2022-08-14 21:36:19.444861216,Basico,,9.0,3.0,24.869999999999997,Uso medio,Joven
10826,Sofia,Gomez,36.0,Bogotá,2022-08-15 04:10:37.359339836,Premium,,5.0,5.0,25.93,Uso medio,Adulto
10827,Sofia,Garcia,47.0,MTY,2022-08-15 10:44:55.273818456,Basico,,11.0,5.0,32.22,Alto uso,Adulto
10828,Luis,Ramirez,39.0,Medellín,2022-08-15 17:19:13.188297076,Premium,,10.0,3.0,9.06,Alto uso,Adulto
10829,Carlos,Ramirez,20.0,Cali,2022-08-15 23:53:31.102775696,Basico,,6.0,4.0,10.19,Uso medio,Joven
10830,Ana,Lopez,54.0,Medellín,2022-08-16 06:27:49.017254316,Basico,,7.0,6.0,19.97,Uso medio,Adulto
10831,Mariana,Gomez,58.0,Medellín,2022-08-16 13:02:06.931732936,Premium,,3.0,5.0,21.33,Uso medio,Adulto
10832,Carlos,Garcia,35.0,,2022-08-16 19:36:24.846211552,Premium,,6.0,4.0,41.300000000000004,Uso medio,Adulto
10833,Mateo,Ramirez,28.0,,2022-08-17 02:10:42.760690172,Basico,,7.0,3.0,35.35,Uso medio,Joven
10834,Mariana,Ramirez,65.0,Medellín,2022-08-17 08:45:00.675168792,Basico,,6.0,4.0,19.66,Uso medio,Adulto Mayor
10835,Mariana,Garcia,19.0,GDL,2022-08-17 15:19:18.589647412,Basico,,4.0,8.0,45.129999999999995,Uso medio,Joven
10836,Sofia,Gomez,29.0,Medellín,2022-08-17 21:53:36.504126032,Basico,,3.0,4.0,18.7,Bajo uso,Joven
10837,Ana,Lopez,71.0,Bogotá,2022-08-18 04:27:54.418604652,Basico,,4.0,8.0,24.21,Uso medio,Adulto Mayor
10838,Ana,Ramirez,23.0,Medellín,2022-08-18 11:02:12.333083272,Basico,,4.0,6.0,30.000000000000004,Uso medio,Joven
10839,Mateo,Lopez,60.0,Cali,2022-08-18 17:36:30.247561892,Basico,,4.0,6.0,25.75,Uso medio,Adulto Mayor
10840,Mateo,Torres,76.0,Medellín,2022-08-19 00:10:48.162040512,Basico,,11.0,0.0,0.0,Alto uso,Adulto Mayor
10841,Mariana,Gomez,57.0,Cali,2022-08-19 06:45:06.076519132,Premium,,4.0,2.0,4.66,Bajo uso,Adulto
10842,Luis,Torres,61.0,CDMX,2022-08-19 13:19:23.990997752,Premium,,4.0,7.0,38.28,Uso medio,Adulto Mayor
10843,Sofia,Torres,46.0,CDMX,2022-08-19 19:53:41.905476372,Basico,,10.0,3.0,26.45,Alto uso,Adulto
10844,Sofia,Torres,76.0,GDL,2022-08-20 02:27:59.819954988,Basico,,3.0,6.0,18.680000000000003,Uso medio,Adulto Mayor
10845,Mariana,Gomez,47.0,,2022-08-20 09:02:17.734433608,Basico,,9.0,8.0,25.2,Uso medio,Adulto
10846,Carlos,Gomez,19.0,Cali,2022-08-20 15:36:35.648912228,Premium,,0.0,5.0,17.06,Uso medio,Joven
10847,Luis,Garcia,26.0,Medellín,2022-08-20 22:10:53.563390848,Basico,,5.0,4.0,4.51,Uso medio,Joven
10848,Mariana,Lopez,64.0,Medellín,2022-08-21 04:45:11.477869468,Basico,,5.0,3.0,13.31,Uso medio,Adulto Mayor
10849,Luis,Lopez,19.0,Medellín,2022-08-21 11:19:29.392348088,Basico,,6.0,2.0,26.86,Uso medio,Joven
10850,Luis,Garcia,46.0,,2022-08-21 17:53:47.306826708,Basico,,4.0,5.0,30.98,Uso medio,Adulto
10851,Luis,Garcia,50.0,Cali,2022-08-22 00:28:05.221305328,Basico,,2.0,2.0,7.91,Bajo uso,Adulto
10852,Mariana,Torres,27.0,Medellín,2022-08-22 07:02:23.135783948,Premium,,6.0,3.0,37.56,Uso medio,Joven
10853,Sofia,Garcia,51.0,Medellín,2022-08-22 13:36:41.050262568,Basico,,10.0,5.0,8.86,Alto uso,Adulto
10854,Sofia,Ramirez,61.0,GDL,2022-08-22 20:10:58.964741188,Basico,,5.0,4.0,10.86,Uso medio,Adulto Mayor
10855,Luis,Lopez,72.0,Medellín,2022-08-23 02:45:16.879219808,Basico,,4.0,6.0,40.27,Uso medio,Adulto Mayor
10856,Carlos,Garcia,25.0,Bogotá,2022-08-23 09:19:34.793698424,Basico,,1.0,4.0,22.630000000000003,Bajo uso,Joven
10857,Ana,Ramirez,54.0,CDMX,2022-08-23 15:53:52.708177044,Basico,,5.0,5.0,36.959999999999994,Uso medio,Adulto
10858,Mariana,Ramirez,71.0,Cali,2022-08-23 22:28:10.622655664,Basico,,6.0,4.0,13.370000000000001,Uso medio,Adulto Mayor
10859,Ana,Ramirez,77.0,Bogotá,2022-08-24 05:02:28.537134284,Premium,,6.0,4.0,27.58,Uso medio,Adulto Mayor
10860,Carlos,Ramirez,50.0,,2022-08-24 11:36:46.451612904,Premium,,4.0,4.0,36.63,Bajo uso,Adulto
10861,Mariana,Torres,64.0,GDL,2022-08-24 18:11:04.366091524,Premium,,3.0,3.0,9.53,Bajo uso,Adulto Mayor
10862,Luis,Ramirez,23.0,Bogotá,2022-08-25 00:45:22.280570144,Basico,,4.0,15.0,78.11000000000001,Alto uso,Joven
10863,Sofia,Torres,61.0,Bogotá,2022-08-25 07:19:40.195048764,Premium,,7.0,4.0,29.61,Uso medio,Adulto Mayor
10864,Ana,Torres,48.0,CDMX,2022-08-25 13:53:58.109527384,Premium,,4.0,1.0,7.52,Bajo uso,Adulto
10865,Mateo,Ramirez,57.0,Bogotá,2022-08-25 20:28:16.024006004,Basico,,4.0,5.0,17.949999999999996,Uso medio,Adulto
10866,Mateo,Lopez,62.0,GDL,2022-08-26 03:02:33.938484624,Basico,,7.0,5.0,42.8,Uso medio,Adulto Mayor
10867,Carlos,Ramirez,36.0,CDMX,2022-08-26 09:36:51.852963240,Basico,,4.0,5.0,30.509999999999998,Uso medio,Adulto
10868,Luis,Ramirez,49.0,GDL,2022-08-26 16:11:09.767441860,Basico,,5.0,6.0,48.74,Uso medio,Adulto
10869,Ana,Ramirez,44.0,GDL,2022-08-26 22:45:27.681920480,Premium,"1,7185E+18",8.0,1.0,1.18,Uso medio,Adulto
10870,Luis,Lopez,18.0,Medellín,2022-08-27 05:19:45.596399100,Basico,"1,72161E+18",9.0,5.0,13.25,Uso medio,Joven
10871,Ana,Gomez,60.0,CDMX,2022-08-27 11:54:03.510877720,Basico,,6.0,6.0,32.42,Uso medio,Adulto Mayor
10872,Carlos,Gomez,69.0,Medellín,2022-08-27 18:28:21.425356340,Basico,,3.0,5.0,7.75,Uso medio,Adulto Mayor
10873,Carlos,Torres,50.0,Cali,2022-08-28 01:02:39.339834960,Basico,"1,72921E+18",6.0,7.0,50.41,Uso medio,Adulto
10874,Mateo,Torres,79.0,Bogotá,2022-08-28 07:36:57.254313580,Basico,,7.0,1.0,2.5,Uso medio,Adulto Mayor
10875,Luis,Lopez,57.0,,2022-08-28 14:11:15.168792200,Basico,,2.0,2.0,14.27,Bajo uso,Adulto
10876,Mariana,Garcia,49.0,Medellín,2022-08-28 20:45:33.083270820,Basico,,8.0,4.0,17.71,Uso medio,Adulto
10877,Mateo,Gomez,22.0,Medellín,2022-08-29 03:19:50.997749440,Premium,,7.0,2.0,2.96,Uso medio,Joven
10878,Luis,Torres,34.0,GDL,2022-08-29 09:54:08.912228060,Premium,,5.0,2.0,8.03,Uso medio,Adulto
10879,Mateo,Gomez,79.0,Cali,2022-08-29 16:28:26.826706676,Premium,,4.0,6.0,19.470000000000002,Uso medio,Adulto Mayor
10880,Mariana,Lopez,25.0,Cali,2022-08-29 23:02:44.741185296,Premium,,9.0,5.0,13.510000000000002,Uso medio,Joven
10881,Sofia,Lopez,74.0,MTY,2022-08-30 05:37:02.655663916,Premium,,5.0,7.0,37.54,Uso medio,Adulto Mayor
10882,Sofia,Garcia,59.0,GDL,2022-08-30 12:11:20.570142536,Premium,,4.0,6.0,44.519999999999996,Uso medio,Adulto
10883,Sofia,Garcia,51.0,MTY,2022-08-30 18:45:38.484621156,Premium,,2.0,3.0,14.48,Bajo uso,Adulto
10884,Sofia,Lopez,26.0,Medellín,2022-08-31 01:19:56.399099776,Premium,,3.0,9.0,46.74000000000001,Uso medio,Joven
10885,Ana,Torres,73.0,Bogotá,,Basico,,5.0,3.0,11.340000000000002,Uso medio,Adulto Mayor
10886,Sofia,Gomez,40.0,Medellín,2022-08-31 14:28:32.228057016,Basico,,8.0,2.0,6.57,Uso medio,Adulto
10887,Mariana,Ramirez,52.0,CDMX,2022-08-31 21:02:50.142535636,Premium,,3.0,3.0,26.509999999999998,Bajo uso,Adulto
10888,Carlos,Garcia,67.0,Cali,2022-09-01 03:37:08.057014256,Basico,,3.0,4.0,20.41,Bajo uso,Adulto Mayor
10889,Carlos,Ramirez,24.0,GDL,2022-09-01 10:11:25.971492876,Basico,,3.0,2.0,7.88,Bajo uso,Joven
10890,Ana,Torres,32.0,GDL,2022-09-01 16:45:43.885971496,Basico,,2.0,4.0,29.41,Bajo uso,Adulto
10891,Sofia,Garcia,70.0,Bogotá,2022-09-01 23:20:01.800450112,Basico,,2.0,8.0,42.5,Uso medio,Adulto Mayor
10892,Sofia,Ramirez,71.0,CDMX,2022-09-02 05:54:19.714928732,Premium,,4.0,2.0,12.08,Bajo uso,Adulto Mayor
10893,Sofia,Torres,37.0,CDMX,2022-09-02 12:28:37.629407352,Basico,,7.0,3.0,14.51,Uso medio,Adulto
10894,Mateo,Gomez,67.0,GDL,2022-09-02 19:02:55.543885972,Basico,,3.0,3.0,16.71,Bajo uso,Adulto Mayor
10895,Luis,Torres,42.0,Bogotá,2022-09-03 01:37:13.458364592,Basico,,9.0,7.0,28.79,Uso medio,Adulto
10896,Mateo,Garcia,20.0,,2022-09-03 08:11:31.372843212,Premium,,5.0,6.0,30.549999999999997,Uso medio,Joven
10897,Luis,Lopez,77.0,Cali,2022-09-03 14:45:49.287321832,Basico,,6.0,7.0,19.86,Uso medio,Adulto Mayor
10898,Sofia,Gomez,79.0,Bogotá,2022-09-03 21:20:07.201800452,Basico,,3.0,9.0,55.55,Uso medio,Adulto Mayor
10899,Sofia,Ramirez,72.0,CDMX,2022-09-04 03:54:25.116279072,Premium,"1,72057E+18",6.0,5.0,18.13,Uso medio,Adulto Mayor
10900,Mateo,Garcia,63.0,Bogotá,2022-09-04 10:28:43.030757692,Basico,,4.0,5.0,29.91,Uso medio,Adulto Mayor
10901,Mateo,Lopez,41.0,Medellín,2022-09-04 17:03:00.945236312,Basico,,4.0,2.0,14.280000000000001,Bajo uso,Adulto
10902,Luis,Torres,51.0,MTY,2022-09-04 23:37:18.859714928,Basico,,8.0,4.0,25.5,Uso medio,Adulto
10903,Carlos,Lopez,63.0,CDMX,2022-09-05 06:11:36.774193548,Premium,"1,72938E+18",12.0,3.0,8.889999999999999,Alto uso,Adulto Mayor
10904,Luis,Garcia,39.0,GDL,2022-09-05 12:45:54.688672168,Basico,,8.0,4.0,17.7,Uso medio,Adulto
10905,Mateo,Garcia,28.0,Cali,2022-09-05 19:20:12.603150788,Basico,,7.0,7.0,19.35,Uso medio,Joven
10906,Mariana,Lopez,65.0,MTY,2022-09-06 01:54:30.517629408,Basico,,6.0,6.0,36.12,Uso medio,Adulto Mayor
10907,Mateo,Torres,25.0,Cali,2022-09-06 08:28:48.432108028,Basico,,4.0,6.0,37.379999999999995,Uso medio,Joven
10908,Mariana,Lopez,56.0,MTY,2022-09-06 15:03:06.346586648,Basico,,14.0,3.0,12.5,Alto uso,Adulto
10909,Ana,Garcia,60.0,CDMX,2022-09-06 21:37:24.261065268,Basico,,9.0,4.0,18.62,Uso medio,Adulto Mayor
10910,Mateo,Garcia,52.0,Bogotá,2022-09-07 04:11:42.175543888,Basico,,6.0,1.0,10.75,Uso medio,Adulto
10911,Ana,Ramirez,66.0,Bogotá,2022-09-07 10:46:00.090022508,Basico,,8.0,7.0,31.509999999999998,Uso medio,Adulto Mayor
10912,Carlos,Ramirez,63.0,CDMX,2022-09-07 17:20:18.004501128,Premium,,8.0,2.0,2.66,Uso medio,Adulto Mayor
10913,Luis,Gomez,55.0,CDMX,2022-09-07 23:54:35.918979748,Premium,,8.0,7.0,29.599999999999998,Uso medio,Adulto
10914,Mariana,Garcia,25.0,GDL,,Basico,,4.0,7.0,58.900000000000006,Uso medio,Joven
10915,Luis,Ramirez,71.0,CDMX,2022-09-08 13:03:11.747936984,Premium,,8.0,4.0,18.650000000000002,Uso medio,Adulto Mayor
10916,Ana,Lopez,54.0,MTY,2022-09-08 19:37:29.662415604,Basico,,9.0,6.0,27.2,Uso medio,Adulto
10917,Mariana,Torres,44.0,,2022-09-09 02:11:47.576894224,Premium,,4.0,5.0,18.35,Uso medio,Adulto
10918,Luis,Lopez,45.0,Bogotá,2022-09-09 08:46:05.491372844,Basico,"1,72532E+18",8.0,7.0,40.74,Uso medio,Adulto
10919,Mateo,Torres,57.0,Medellín,2022-09-09 15:20:23.405851464,Basico,,6.0,2.0,10.91,Uso medio,Adulto
10920,Sofia,Ramirez,51.0,MTY,2022-09-09 21:54:41.320330084,Basico,"1,72169E+18",7.0,5.0,9.07,Uso medio,Adulto
10921,Ana,Gomez,49.0,MTY,2022-09-10 04:28:59.234808704,Basico,,4.0,6.0,32.41,Uso medio,Adulto
10922,Luis,Lopez,32.0,CDMX,2022-09-10 11:03:17.149287324,Premium,,4.0,6.0,30.749999999999996,Uso medio,Adulto
10923,Ana,Lopez,61.0,Bogotá,2022-09-10 17:37:35.063765944,Basico,,9.0,8.0,33.940000000000005,Uso medio,Adulto Mayor
10924,Ana,Lopez,48.0,Bogotá,2022-09-11 00:11:52.978244564,Basico,"1,72593E+18",9.0,6.0,45.44,Uso medio,Adulto
10925,Mariana,Torres,34.0,CDMX,2022-09-11 06:46:10.892723184,Basico,,9.0,7.0,41.42,Uso medio,Adulto
10926,Mariana,Ramirez,50.0,Cali,2022-09-11 13:20:28.807201800,Basico,,6.0,3.0,13.43,Uso medio,Adulto
10927,Sofia,Lopez,64.0,Bogotá,2022-09-11 19:54:46.721680420,Basico,,2.0,3.0,10.48,Bajo uso,Adulto Mayor
10928,Mateo,Lopez,63.0,MTY,2022-09-12 02:29:04.636159040,Basico,"1,72212E+18",1.0,2.0,8.25,Bajo uso,Adulto Mayor
10929,Ana,Gomez,69.0,CDMX,2022-09-12 09:03:22.550637660,Premium,,4.0,5.0,48.14,Uso medio,Adulto Mayor
10930,Luis,Gomez,71.0,Bogotá,2022-09-12 15:37:40.465116280,Premium,,3.0,3.0,13.38,Bajo uso,Adulto Mayor
10931,Carlos,Ramirez,33.0,Cali,2022-09-12 22:11:58.379594900,Basico,,8.0,5.0,28.35,Uso medio,Adulto
10932,Ana,Ramirez,46.0,GDL,2022-09-13 04:46:16.294073520,Basico,,8.0,3.0,27.12,Uso medio,Adulto
10933,Ana,Garcia,26.0,GDL,2022-09-13 11:20:34.208552140,Premium,,5.0,4.0,17.39,Uso medio,Joven
10934,Sofia,Gomez,50.0,Bogotá,2022-09-13 17:54:52.123030760,Basico,,2.0,4.0,11.52,Bajo uso,Adulto
10935,Mateo,Garcia,77.0,CDMX,2022-09-14 00:29:10.037509380,Basico,,7.0,3.0,15.75,Uso medio,Adulto Mayor
10936,Carlos,Torres,66.0,Medellín,2022-09-14 07:03:27.951988000,Premium,,5.0,3.0,10.739999999999998,Uso medio,Adulto Mayor
10937,Mariana,Garcia,46.0,Medellín,2022-09-14 13:37:45.866466616,Basico,,7.0,3.0,22.729999999999997,Uso medio,Adulto
10938,Mariana,Lopez,30.0,CDMX,2022-09-14 20:12:03.780945236,Basico,,10.0,4.0,19.63,Alto uso,Adulto
10939,Luis,Garcia,38.0,CDMX,2022-09-15 02:46:21.695423856,Basico,,8.0,5.0,16.9,Uso medio,Adulto
10940,Carlos,Ramirez,75.0,Medellín,2022-09-15 09:20:39.609902476,Basico,,6.0,5.0,47.99,Uso medio,Adulto Mayor
10941,Mariana,Torres,38.0,GDL,2022-09-15 15:54:57.524381096,Premium,,6.0,3.0,28.3,Uso medio,Adulto
10942,Luis,Lopez,22.0,CDMX,2022-09-15 22:29:15.438859716,Basico,,9.0,3.0,30.049999999999997,Uso medio,Joven
10943,Mateo,Garcia,27.0,Cali,2022-09-16 05:03:33.353338336,Premium,,7.0,7.0,18.05,Uso medio,Joven
10944,Luis,Torres,23.0,MTY,2022-09-16 11:37:51.267816956,Basico,,6.0,4.0,19.64,Uso medio,Joven
10945,Mariana,Torres,73.0,Bogotá,2022-09-16 18:12:09.182295576,Basico,,5.0,3.0,25.7,Uso medio,Adulto Mayor
10946,Sofia,Lopez,68.0,GDL,2022-09-17 00:46:27.096774196,Basico,,7.0,3.0,18.33,Uso medio,Adulto Mayor
10947,Sofia,Garcia,74.0,Medellín,2022-09-17 07:20:45.011252816,Basico,"1,72247E+18",4.0,3.0,5.6000000000000005,Bajo uso,Adulto Mayor
10948,Sofia,Torres,30.0,MTY,,Basico,,4.0,4.0,32.31,Bajo uso,Adulto
10949,Mariana,Torres,18.0,,2022-09-17 20:29:20.840210052,Basico,,3.0,2.0,1.06,Bajo uso,Joven
10950,Sofia,Gomez,37.0,Medellín,2022-09-18 03:03:38.754688672,Premium,,5.0,7.0,20.79,Uso medio,Adulto
10951,Carlos,Torres,74.0,CDMX,2022-09-18 09:37:56.669167292,Premium,,7.0,4.0,10.100000000000001,Uso medio,Adulto Mayor
10952,Mateo,Gomez,64.0,Bogotá,2022-09-18 16:12:14.583645912,Basico,"1,7185E+18",0.0,5.0,25.220000000000002,Uso medio,Adulto Mayor
10953,Luis,Garcia,63.0,MTY,2022-09-18 22:46:32.498124532,Basico,,5.0,7.0,41.56,Uso medio,Adulto Mayor
10954,Luis,Garcia,25.0,Bogotá,2022-09-19 05:20:50.412603152,Premium,,4.0,4.0,21.84,Bajo uso,Joven
10955,Mariana,Garcia,27.0,Cali,2022-09-19 11:55:08.327081772,Basico,"1,72558E+18",4.0,2.0,15.2,Bajo uso,Joven
10956,Sofia,Ramirez,26.0,Bogotá,2022-09-19 18:29:26.241560392,Basico,,3.0,5.0,14.93,Uso medio,Joven
10957,Sofia,Garcia,66.0,CDMX,2022-09-20 01:03:44.156039012,Premium,,9.0,5.0,27.009999999999998,Uso medio,Adulto Mayor
10958,Ana,Torres,58.0,Medellín,2022-09-20 07:38:02.070517632,Basico,,9.0,3.0,14.7,Uso medio,Adulto
10959,Mateo,Lopez,20.0,CDMX,2022-09-20 14:12:19.984996252,Basico,,5.0,4.0,13.319999999999999,Uso medio,Joven
10960,Carlos,Gomez,28.0,Cali,2022-09-20 20:46:37.899474872,Basico,,6.0,5.0,19.14,Uso medio,Joven
10961,Luis,Ramirez,29.0,Medellín,2022-09-21 03:20:55.813953488,Basico,,6.0,4.0,7.499999999999999,Uso medio,Joven
10962,Ana,Garcia,27.0,MTY,2022-09-21 09:55:13.728432108,Basico,,1.0,8.0,25.209999999999997,Uso medio,Joven
10963,Ana,Garcia,42.0,GDL,2022-09-21 16:29:31.642910728,Premium,"1,73413E+18",1.0,3.0,24.259999999999998,Bajo uso,Adulto
10964,Mariana,Lopez,66.0,Cali,2022-09-21 23:03:49.557389348,Premium,,2.0,4.0,14.74,Bajo uso,Adulto Mayor
10965,Luis,Lopez,66.0,Cali,2022-09-22 05:38:07.471867968,Basico,,6.0,3.0,16.25,Uso medio,Adulto Mayor
10966,Mariana,Ramirez,42.0,MTY,2022-09-22 12:12:25.386346588,Basico,,5.0,3.0,12.48,Uso medio,Adulto
10967,Carlos,Gomez,28.0,GDL,2022-09-22 18:46:43.300825208,Basico,"1,7242E+18",2.0,2.0,13.209999999999999,Bajo uso,Joven
10968,Ana,Garcia,79.0,Bogotá,2022-09-23 01:21:01.215303828,Premium,,7.0,1.0,0.41,Uso medio,Adulto Mayor
10969,Ana,Ramirez,71.0,CDMX,2022-09-23 07:55:19.129782448,Premium,"1,73275E+18",7.0,7.0,26.490000000000002,Uso medio,Adulto Mayor
10970,Mateo,Torres,53.0,CDMX,2022-09-23 14:29:37.044261068,Premium,,7.0,6.0,15.67,Uso medio,Adulto
10971,Carlos,Torres,56.0,CDMX,2022-09-23 21:03:54.958739688,Basico,"1,7337E+18",2.0,1.0,5.03,Bajo uso,Adulto
10972,Ana,Ramirez,70.0,GDL,2022-09-24 03:38:12.873218304,Premium,,4.0,2.0,3.0300000000000002,Bajo uso,Adulto Mayor
10973,Carlos,Garcia,43.0,Bogotá,2022-09-24 10:12:30.787696924,Basico,,4.0,8.0,34.41,Uso medio,Adulto
10974,Luis,Ramirez,31.0,,2022-09-24 16:46:48.702175544,Basico,,6.0,3.0,12.35,Uso medio,Adulto
10975,Sofia,Garcia,56.0,Medellín,2022-09-24 23:21:06.616654164,Basico,,4.0,6.0,25.6,Uso medio,Adulto
10976,Ana,Lopez,73.0,CDMX,2022-09-25 05:55:24.531132784,Basico,,10.0,3.0,8.72,Alto uso,Adulto Mayor
10977,Mateo,Ramirez,57.0,Bogotá,2022-09-25 12:29:42.445611404,Premium,,6.0,1.0,0.02,Uso medio,Adulto
10978,Luis,Garcia,18.0,Bogotá,2022-09-25 19:04:00.360090024,Premium,,5.0,8.0,26.14,Uso medio,Joven
10979,Carlos,Ramirez,73.0,CDMX,2022-09-26 01:38:18.274568644,Basico,,4.0,8.0,70.28999999999999,Uso medio,Adulto Mayor
10980,Mariana,Ramirez,71.0,,2022-09-26 08:12:36.189047264,Basico,,4.0,0.0,0.0,Bajo uso,Adulto Mayor
10981,Luis,Garcia,21.0,Bogotá,2022-09-26 14:46:54.103525884,Basico,,5.0,2.0,6.859999999999999,Uso medio,Joven
10982,Ana,Garcia,78.0,,2022-09-26 21:21:12.018004504,Basico,,3.0,4.0,56.81,Bajo uso,Adulto Mayor
10983,Carlos,Gomez,47.0,Bogotá,2022-09-27 03:55:29.932483124,Basico,"1,71996E+18",5.0,7.0,43.129999999999995,Uso medio,Adulto
10984,Sofia,Ramirez,29.0,Medellín,2022-09-27 10:29:47.846961740,Basico,,5.0,6.0,34.459999999999994,Uso medio,Joven
10985,Luis,Torres,73.0,CDMX,2022-09-27 17:04:05.761440360,Premium,,3.0,2.0,2.1100000000000003,Bajo uso,Adulto Mayor
10986,Ana,Ramirez,52.0,Bogotá,,Premium,"1,71746E+18",11.0,1.0,1.53,Alto uso,Adulto
10987,Mateo,Ramirez,30.0,GDL,2022-09-28 06:12:41.590397600,Premium,,12.0,2.0,5.43,Alto uso,Adulto
10988,Mariana,Garcia,69.0,Cali,2022-09-28 12:46:59.504876220,Premium,,7.0,3.0,14.139999999999999,Uso medio,Adulto Mayor
10989,Carlos,Ramirez,48.0,Cali,2022-09-28 19:21:17.419354840,Premium,,5.0,5.0,19.380000000000003,Uso medio,Adulto
10990,Luis,Ramirez,55.0,Cali,2022-09-29 01:55:35.333833460,Basico,,6.0,6.0,43.379999999999995,Uso medio,Adulto
10991,Luis,Torres,60.0,Medellín,2022-09-29 08:29:53.248312080,Premium,,2.0,7.0,26.770000000000003,Uso medio,Adulto Mayor
10992,Sofia,Garcia,40.0,Cali,2022-09-29 15:04:11.162790700,Basico,,6.0,6.0,46.199999999999996,Uso medio,Adulto
10993,Sofia,Ramirez,21.0,GDL,2022-09-29 21:38:29.077269320,Premium,,8.0,4.0,11.99,Uso medio,Joven
10994,Mateo,Lopez,69.0,Bogotá,2022-09-30 04:12:46.991747940,Basico,"1,73154E+18",4.0,4.0,17.509999999999998,Bajo uso,Adulto Mayor
10995,Mariana,Gomez,33.0,Medellín,2022-09-30 10:47:04.906226556,Premium,,5.0,4.0,19.68,Uso medio,Adulto
10996,Mateo,Torres,24.0,Medellín,2022-09-30 17:21:22.820705176,Basico,"1,72351E+18",5.0,4.0,36.879999999999995,Uso medio,Joven
10997,Ana,Ramirez,39.0,Medellín,2022-09-30 23:55:40.735183796,Basico,,8.0,1.0,7.03,Uso medio,Adulto
10998,Ana,Lopez,46.0,GDL,2022-10-01 06:29:58.649662416,Basico,,6.0,4.0,26.76,Uso medio,Adulto
10999,Mateo,Ramirez,28.0,CDMX,2022-10-01 13:04:16.564141036,Basico,,5.0,7.0,26.240000000000002,Uso medio,Joven
11000,Mariana,Ramirez,73.0,,2022-10-01 19:38:34.478619656,Premium,,5.0,5.0,21.38,Uso medio,Adulto Mayor
11001,Mateo,Garcia,50.0,Bogotá,2022-10-02 02:12:52.393098276,Basico,,8.0,3.0,13.49,Uso medio,Adulto
11002,Mariana,Garcia,75.0,CDMX,2022-10-02 08:47:10.307576896,Basico,,4.0,2.0,4.550000000000001,Bajo uso,Adulto Mayor
11003,Mariana,Garcia,46.0,Cali,2022-10-02 15:21:28.222055516,Premium,,6.0,3.0,18.150000000000002,Uso medio,Adulto
11004,Carlos,Lopez,76.0,,2022-10-02 21:55:46.136534136,Basico,,4.0,5.0,32.12,Uso medio,Adulto Mayor
11005,Mariana,Ramirez,56.0,CDMX,2022-10-03 04:30:04.051012756,Basico,,3.0,4.0,2.96,Bajo uso,Adulto
11006,Sofia,Gomez,29.0,Cali,2022-10-03 11:04:21.965491376,Basico,,4.0,2.0,29.76,Bajo uso,Joven
11007,Mariana,Torres,24.0,,2022-10-03 17:38:39.879969992,Basico,,8.0,3.0,16.15,Uso medio,Joven
11008,Mariana,Garcia,76.0,,2022-10-04 00:12:57.794448612,Premium,,4.0,3.0,19.25,Bajo uso,Adulto Mayor
11009,Mariana,Garcia,72.0,,2022-10-04 06:47:15.708927232,Premium,,5.0,1.0,9.76,Uso medio,Adulto Mayor
11010,Ana,Ramirez,56.0,Bogotá,2022-10-04 13:21:33.623405852,Premium,,4.0,7.0,15.5,Uso medio,Adulto
11011,Sofia,Ramirez,59.0,MTY,2022-10-04 19:55:51.537884472,Basico,,5.0,3.0,28.15,Uso medio,Adulto
11012,Sofia,Lopez,79.0,CDMX,2022-10-05 02:30:09.452363092,Basico,,8.0,4.0,5.06,Uso medio,Adulto Mayor
11013,Mateo,Lopez,65.0,CDMX,2022-10-05 09:04:27.366841712,Basico,,4.0,11.0,60.83,Alto uso,Adulto Mayor
11014,Carlos,Garcia,43.0,Bogotá,2022-10-05 15:38:45.281320332,Premium,,7.0,6.0,18.55,Uso medio,Adulto
11015,Mariana,Ramirez,57.0,MTY,2022-10-05 22:13:03.195798952,Basico,,5.0,7.0,26.599999999999998,Uso medio,Adulto
11016,Luis,Gomez,26.0,GDL,2022-10-06 04:47:21.110277572,Basico,,3.0,4.0,22.77,Bajo uso,Joven
11017,Carlos,Torres,58.0,MTY,2022-10-06 11:21:39.024756192,Basico,,3.0,10.0,83.72,Alto uso,Adulto
11018,Carlos,Ramirez,51.0,CDMX,2022-10-06 17:55:56.939234812,Basico,,6.0,8.0,18.230000000000004,Uso medio,Adulto
11019,Sofia,Ramirez,62.0,Cali,2022-10-07 00:30:14.853713428,Premium,,3.0,6.0,26.189999999999998,Uso medio,Adulto Mayor
11020,Carlos,Lopez,30.0,GDL,2022-10-07 07:04:32.768192048,Basico,,9.0,0.0,0.0,Uso medio,Adulto
11021,Mariana,Torres,72.0,Bogotá,2022-10-07 13:38:50.682670668,Basico,,4.0,6.0,44.55,Uso medio,Adulto Mayor
11022,Mariana,Garcia,72.0,Bogotá,2022-10-07 20:13:08.597149288,Basico,,5.0,5.0,38.449999999999996,Uso medio,Adulto Mayor
11023,Ana,Ramirez,53.0,CDMX,2022-10-08 02:47:26.511627908,Premium,,7.0,4.0,16.419999999999998,Uso medio,Adulto
11024,Mariana,Garcia,42.0,,2022-10-08 09:21:44.426106528,Basico,,6.0,5.0,19.43,Uso medio,Adulto
11025,Mariana,Ramirez,41.0,Bogotá,2022-10-08 15:56:02.340585148,Basico,,2.0,1.0,0.57,Bajo uso,Adulto
11026,Sofia,Garcia,61.0,MTY,2022-10-08 22:30:20.255063768,Basico,,6.0,5.0,26.310000000000002,Uso medio,Adulto Mayor
11027,Mariana,Torres,34.0,CDMX,2022-10-09 05:04:38.169542388,Basico,,6.0,3.0,8.47,Uso medio,Adulto
11028,Ana,Lopez,19.0,MTY,2022-10-09 11:38:56.084021008,Premium,,7.0,2.0,3.92,Uso medio,Joven
11029,Luis,Torres,30.0,CDMX,2022-10-09 18:13:13.998499628,Basico,,4.0,3.0,15.43,Bajo uso,Adulto
11030,Sofia,Gomez,48.0,MTY,2022-10-10 00:47:31.912978244,Premium,,6.0,4.0,18.08,Uso medio,Adulto
11031,Luis,Lopez,46.0,Bogotá,2022-10-10 07:21:49.827456864,Basico,,6.0,3.0,12.170000000000002,Uso medio,Adulto
11032,Sofia,Torres,67.0,,2022-10-10 13:56:07.741935484,Premium,,11.0,2.0,7.0600000000000005,Alto uso,Adulto Mayor
11033,Mateo,Gomez,45.0,Medellín,2022-10-10 20:30:25.656414104,Premium,,8.0,7.0,29.18,Uso medio,Adulto
11034,Carlos,Ramirez,77.0,CDMX,2022-10-11 03:04:43.570892724,Basico,"1,71988E+18",5.0,5.0,32.099999999999994,Uso medio,Adulto Mayor
11035,Mateo,Ramirez,44.0,CDMX,2022-10-11 09:39:01.485371344,Premium,,7.0,5.0,24.520000000000003,Uso medio,Adulto
11036,Mariana,Garcia,32.0,Bogotá,2022-10-11 16:13:19.399849964,Basico,,5.0,2.0,13.84,Uso medio,Adulto
11037,Luis,Lopez,48.0,GDL,2022-10-11 22:47:37.314328584,Basico,"1,71996E+18",7.0,3.0,7.8,Uso medio,Adulto
11038,Mariana,Ramirez,57.0,CDMX,2022-10-12 05:21:55.228807204,Basico,,5.0,4.0,35.57,Uso medio,Adulto
11039,Carlos,Lopez,32.0,Cali,2022-10-12 11:56:13.143285824,Basico,"1,72126E+18",6.0,3.0,14.84,Uso medio,Adulto
11040,Sofia,Ramirez,50.0,CDMX,2022-10-12 18:30:31.057764444,Premium,,6.0,3.0,6.68,Uso medio,Adulto
11041,Carlos,Garcia,37.0,Cali,2022-10-13 01:04:48.972243064,Basico,"1,73249E+18",4.0,2.0,3.37,Bajo uso,Adulto
11042,Ana,Torres,59.0,CDMX,2022-10-13 07:39:06.886721680,Premium,"1,72696E+18",3.0,3.0,9.15,Bajo uso,Adulto
11043,Carlos,Garcia,29.0,,2022-10-13 14:13:24.801200300,Basico,,9.0,2.0,3.0300000000000002,Uso medio,Joven
11044,Ana,Gomez,54.0,Medellín,2022-10-13 20:47:42.715678920,Basico,,7.0,2.0,6.54,Uso medio,Adulto
11045,Carlos,Ramirez,26.0,Medellín,2022-10-14 03:22:00.630157540,Premium,,8.0,3.0,3.6599999999999997,Uso medio,Joven
11046,Ana,Gomez,40.0,CDMX,2022-10-14 09:56:18.544636160,Premium,,9.0,1.0,4.67,Uso medio,Adulto
11047,Luis,Gomez,25.0,,,Basico,,5.0,5.0,13.009999999999998,Uso medio,Joven
11048,Mariana,Lopez,49.0,Cali,2022-10-14 23:04:54.373593400,Premium,,5.0,1.0,0.83,Uso medio,Adulto
11049,Mariana,Ramirez,65.0,Medellín,2022-10-15 05:39:12.288072020,Premium,,5.0,5.0,22.85,Uso medio,Adulto Mayor
11050,Mateo,Gomez,31.0,Bogotá,2022-10-15 12:13:30.202550640,Basico,,6.0,6.0,41.05,Uso medio,Adulto
11051,Mariana,Torres,44.0,Medellín,2022-10-15 18:47:48.117029260,Basico,,8.0,3.0,7.41,Uso medio,Adulto
11052,Sofia,Gomez,42.0,CDMX,2022-10-16 01:22:06.031507880,Basico,,8.0,4.0,30.47,Uso medio,Adulto
11053,Carlos,Torres,30.0,Bogotá,2022-10-16 07:56:23.945986500,Basico,,3.0,10.0,66.19999999999999,Alto uso,Adulto
11054,Mateo,Lopez,72.0,Cali,2022-10-16 14:30:41.860465116,Basico,,12.0,5.0,12.049999999999999,Alto uso,Adulto Mayor
11055,Sofia,Gomez,38.0,MTY,2022-10-16 21:04:59.774943736,Basico,,6.0,8.0,42.059999999999995,Uso medio,Adulto
11056,Sofia,Garcia,62.0,CDMX,2022-10-17 03:39:17.689422356,Basico,,2.0,6.0,22.8,Uso medio,Adulto Mayor
11057,Ana,Lopez,48.0,Bogotá,2022-10-17 10:13:35.603900976,Premium,,4.0,5.0,30.570000000000004,Uso medio,Adulto
11058,Mariana,Torres,54.0,Medellín,2022-10-17 16:47:53.518379596,Premium,,5.0,3.0,4.45,Uso medio,Adulto
11059,Luis,Lopez,65.0,CDMX,2022-10-17 23:22:11.432858216,Basico,,5.0,7.0,16.26,Uso medio,Adulto Mayor
11060,Luis,Gomez,75.0,GDL,2022-10-18 05:56:29.347336836,Basico,,5.0,6.0,39.26,Uso medio,Adulto Mayor
11061,Mateo,Ramirez,60.0,CDMX,2022-10-18 12:30:47.261815456,Basico,,5.0,6.0,17.590000000000003,Uso medio,Adulto Mayor
11062,Luis,Ramirez,71.0,Cali,2022-10-18 19:05:05.176294076,Basico,,2.0,9.0,40.07,Uso medio,Adulto Mayor
11063,Carlos,Torres,22.0,CDMX,2022-10-19 01:39:23.090772696,Basico,,3.0,2.0,23.05,Bajo uso,Joven
11064,Luis,Torres,30.0,Medellín,2022-10-19 08:13:41.005251316,Basico,,9.0,6.0,52.65,Uso medio,Adulto
11065,Mateo,Ramirez,45.0,MTY,2022-10-19 14:47:58.919729932,Basico,,6.0,3.0,16.59,Uso medio,Adulto
11066,Luis,Torres,60.0,Cali,2022-10-19 21:22:16.834208552,Premium,,7.0,4.0,11.580000000000002,Uso medio,Adulto Mayor
11067,Carlos,Lopez,42.0,,2022-10-20 03:56:34.748687172,Premium,,3.0,7.0,44.89,Uso medio,Adulto
11068,Ana,Garcia,68.0,CDMX,2022-10-20 10:30:52.663165792,Premium,,5.0,4.0,22.54,Uso medio,Adulto Mayor
11069,Mateo,Garcia,52.0,MTY,2022-10-20 17:05:10.577644412,Premium,,4.0,8.0,24.259999999999998,Uso medio,Adulto
11070,Ana,Lopez,64.0,Cali,2022-10-20 23:39:28.492123032,Basico,,6.0,3.0,17.45,Uso medio,Adulto Mayor
11071,Ana,Garcia,56.0,GDL,2022-10-21 06:13:46.406601652,Basico,,6.0,4.0,18.39,Uso medio,Adulto
11072,Ana,Gomez,24.0,GDL,2022-10-21 12:48:04.321080272,Premium,,4.0,2.0,11.58,Bajo uso,Joven
11073,Sofia,Lopez,55.0,Cali,2022-10-21 19:22:22.235558892,Premium,,3.0,6.0,33.22,Uso medio,Adulto
11074,Mariana,Torres,49.0,,2022-10-22 01:56:40.150037512,Basico,,6.0,7.0,53.74,Uso medio,Adulto
11075,Sofia,Lopez,20.0,Bogotá,2022-10-22 08:30:58.064516132,Basico,,5.0,4.0,11.840000000000002,Uso medio,Joven
11076,Mariana,Ramirez,79.0,GDL,2022-10-22 15:05:15.978994752,Basico,,5.0,2.0,5.57,Uso medio,Adulto Mayor
11077,Ana,Torres,62.0,MTY,2022-10-22 21:39:33.893473368,Basico,,6.0,1.0,6.55,Uso medio,Adulto Mayor
11078,Mateo,Ramirez,56.0,CDMX,2022-10-23 04:13:51.807951988,Basico,,2.0,1.0,6.14,Bajo uso,Adulto
11079,Mariana,Torres,54.0,Cali,2022-10-23 10:48:09.722430608,Basico,,5.0,3.0,9.59,Uso medio,Adulto
11080,Carlos,Garcia,72.0,Cali,2022-10-23 17:22:27.636909228,Basico,,1.0,5.0,20.83,Uso medio,Adulto Mayor
11081,Carlos,Lopez,67.0,,2022-10-23 23:56:45.551387848,Basico,,6.0,3.0,11.56,Uso medio,Adulto Mayor
11082,Luis,Gomez,39.0,CDMX,2022-10-24 06:31:03.465866468,Basico,,,,,Alto uso,Adulto
11083,Mariana,Torres,79.0,Bogotá,2022-10-24 13:05:21.380345088,Premium,,4.0,6.0,13.91,Uso medio,Adulto Mayor
11084,Mateo,Torres,25.0,GDL,2022-10-24 19:39:39.294823708,Basico,,2.0,0.0,0.0,Bajo uso,Joven
11085,Sofia,Ramirez,34.0,MTY,2022-10-25 02:13:57.209302328,Basico,"1,7204E+18",7.0,10.0,36.06,Alto uso,Adulto
11086,Ana,Garcia,69.0,Cali,2022-10-25 08:48:15.123780948,Basico,,7.0,8.0,48.839999999999996,Uso medio,Adulto Mayor
11087,Luis,Ramirez,44.0,GDL,2022-10-25 15:22:33.038259568,Premium,,6.0,3.0,23.04,Uso medio,Adulto
11088,Carlos,Ramirez,50.0,Medellín,2022-10-25 21:56:50.952738184,Basico,,6.0,9.0,51.56,Uso medio,Adulto
11089,Sofia,Garcia,63.0,Medellín,2022-10-26 04:31:08.867216804,Basico,,0.0,4.0,27.79,Bajo uso,Adulto Mayor
11090,Sofia,Gomez,34.0,,2022-10-26 11:05:26.781695424,Basico,,3.0,4.0,23.29,Bajo uso,Adulto
11091,Ana,Ramirez,59.0,Cali,2022-10-26 17:39:44.696174044,Basico,,4.0,1.0,6.18,Bajo uso,Adulto
11092,Mariana,Ramirez,29.0,Cali,2022-10-27 00:14:02.610652664,Basico,,5.0,7.0,31.279999999999998,Uso medio,Joven
11093,Carlos,Torres,65.0,Bogotá,2022-10-27 06:48:20.525131284,Basico,,4.0,4.0,33.46,Bajo uso,Adulto Mayor
11094,Mateo,Garcia,63.0,GDL,2022-10-27 13:22:38.439609904,Premium,,5.0,8.0,30.720000000000002,Uso medio,Adulto Mayor
11095,Sofia,Lopez,79.0,Bogotá,2022-10-27 19:56:56.354088524,Premium,,6.0,5.0,45.370000000000005,Uso medio,Adulto Mayor
11096,Ana,Gomez,44.0,Bogotá,2022-10-28 02:31:14.268567144,Premium,,5.0,9.0,47.67,Uso medio,Adulto
11097,Mateo,Gomez,65.0,Medellín,2022-10-28 09:05:32.183045764,Basico,"1,73517E+18",1.0,4.0,16.650000000000002,Bajo uso,Adulto Mayor
11098,Mariana,Garcia,25.0,Medellín,2022-10-28 15:39:50.097524384,Premium,"1,73163E+18",4.0,5.0,25.269999999999996,Uso medio,Joven
11099,Carlos,Torres,40.0,MTY,2022-10-28 22:14:08.012003004,Basico,,9.0,8.0,33.83,Uso medio,Adulto
11100,Mariana,Torres,77.0,GDL,2022-10-29 04:48:25.926481620,Basico,,5.0,7.0,33.9,Uso medio,Adulto Mayor
11101,Sofia,Garcia,59.0,CDMX,2022-10-29 11:22:43.840960240,Premium,"1,73042E+18",6.0,8.0,44.8,Uso medio,Adulto
11102,Mateo,Torres,78.0,Medellín,2022-10-29 17:57:01.755438860,Basico,,3.0,6.0,53.529999999999994,Uso medio,Adulto Mayor
11103,Mateo,Gomez,66.0,Medellín,2022-10-30 00:31:19.669917480,Basico,,4.0,5.0,19.76,Uso medio,Adulto Mayor
11104,Mateo,Gomez,76.0,Medellín,2022-10-30 07:05:37.584396100,Basico,,5.0,5.0,28.67,Uso medio,Adulto Mayor
11105,Sofia,Lopez,79.0,MTY,2022-10-30 13:39:55.498874720,Basico,,6.0,4.0,8.04,Uso medio,Adulto Mayor
11106,Sofia,Garcia,46.0,GDL,2022-10-30 20:14:13.413353340,Premium,,4.0,2.0,9.86,Bajo uso,Adulto
11107,Mariana,Ramirez,67.0,Cali,2022-10-31 02:48:31.327831960,Basico,,2.0,3.0,2.79,Bajo uso,Adulto Mayor
11108,Luis,Ramirez,37.0,Cali,2022-10-31 09:22:49.242310580,Basico,,8.0,3.0,8.38,Uso medio,Adulto
11109,Mariana,Lopez,33.0,Bogotá,2022-10-31 15:57:07.156789200,Basico,,11.0,5.0,32.410000000000004,Alto uso,Adulto
11110,Carlos,Lopez,34.0,Medellín,2022-10-31 22:31:25.071267820,Premium,,11.0,6.0,32.64,Alto uso,Adulto
11111,Ana,Torres,33.0,MTY,2022-11-01 05:05:42.985746440,Basico,,7.0,5.0,18.71,Uso medio,Adulto
11112,Mateo,Lopez,36.0,Medellín,2022-11-01 11:40:00.900225056,Basico,,8.0,6.0,16.93,Uso medio,Adulto
11113,Luis,Lopez,73.0,Cali,2022-11-01 18:14:18.814703676,Premium,,4.0,2.0,6.82,Bajo uso,Adulto Mayor
11114,Ana,Ramirez,73.0,Medellín,2022-11-02 00:48:36.729182296,Basico,,3.0,3.0,15.35,Bajo uso,Adulto Mayor
11115,Luis,Torres,25.0,Bogotá,2022-11-02 07:22:54.643660916,Basico,,4.0,4.0,23.419999999999998,Bajo uso,Joven
11116,Mariana,Lopez,55.0,Bogotá,2022-11-02 13:57:12.558139536,Premium,,3.0,4.0,23.8,Bajo uso,Adulto
11117,Sofia,Lopez,55.0,Medellín,2022-11-02 20:31:30.472618156,Basico,,5.0,5.0,44.83,Uso medio,Adulto
11118,Mateo,Torres,70.0,Medellín,2022-11-03 03:05:48.387096776,Premium,"1,71772E+18",4.0,5.0,27.48,Uso medio,Adulto Mayor
11119,Mariana,Garcia,46.0,Bogotá,2022-11-03 09:40:06.301575396,Basico,"1,71815E+18",3.0,5.0,18.07,Uso medio,Adulto
11120,Ana,Torres,58.0,Medellín,2022-11-03 16:14:24.216054016,Premium,"1,72437E+18",5.0,5.0,41.15,Uso medio,Adulto
11121,Ana,Ramirez,53.0,CDMX,2022-11-03 22:48:42.130532636,Premium,,7.0,8.0,35.76,Uso medio,Adulto
11122,Ana,Garcia,43.0,,2022-11-04 05:23:00.045011256,Basico,,8.0,4.0,9.11,Uso medio,Adulto
11123,Ana,Gomez,48.0,Cali,2022-11-04 11:57:17.959489872,Basico,,5.0,6.0,49.39,Uso medio,Adulto
11124,Ana,Torres,61.0,MTY,2022-11-04 18:31:35.873968492,Premium,,7.0,2.0,11.59,Uso medio,Adulto Mayor
11125,Luis,Ramirez,77.0,Bogotá,2022-11-05 01:05:53.788447112,Basico,,3.0,3.0,7.9399999999999995,Bajo uso,Adulto Mayor
11126,Mariana,Garcia,29.0,CDMX,2022-11-05 07:40:11.702925732,Basico,,6.0,4.0,8.18,Uso medio,Joven
11127,Mateo,Torres,72.0,CDMX,2022-11-05 14:14:29.617404352,Basico,,6.0,4.0,10.040000000000001,Uso medio,Adulto Mayor
11128,Sofia,Lopez,34.0,GDL,2022-11-05 20:48:47.531882972,Premium,,7.0,1.0,7.62,Uso medio,Adulto
11129,Sofia,Torres,32.0,Medellín,2022-11-06 03:23:05.446361592,Premium,,6.0,3.0,35.04,Uso medio,Adulto
11130,Mariana,Gomez,26.0,,2022-11-06 09:57:23.360840212,Basico,"1,72195E+18",3.0,2.0,32.26,Bajo uso,Joven
11131,Mariana,Torres,56.0,Bogotá,2022-11-06 16:31:41.275318832,Basico,"1,71798E+18",5.0,1.0,7.08,Uso medio,Adulto
11132,Sofia,Garcia,59.0,Bogotá,2022-11-06 23:05:59.189797452,Premium,,6.0,3.0,36.92,Uso medio,Adulto
11133,Sofia,Garcia,65.0,Bogotá,2022-11-07 05:40:17.104276072,Premium,,8.0,2.0,10.36,Uso medio,Adulto Mayor
11134,Luis,Torres,29.0,CDMX,2022-11-07 12:14:35.018754692,Basico,,4.0,4.0,14.42,Bajo uso,Joven
11135,Carlos,Garcia,49.0,CDMX,2022-11-07 18:48:52.933233308,Premium,,2.0,5.0,15.15,Uso medio,Adulto
11136,Mateo,Lopez,42.0,Cali,2022-11-08 01:23:10.847711928,Premium,,4.0,2.0,23.88,Bajo uso,Adulto
11137,Ana,Torres,56.0,,2022-11-08 07:57:28.762190548,Basico,,2.0,6.0,34.29,Uso medio,Adulto
11138,Carlos,Lopez,35.0,Bogotá,2022-11-08 14:31:46.676669168,Premium,"1,73327E+18",7.0,9.0,69.9,Uso medio,Adulto
11139,Mariana,Lopez,32.0,Medellín,2022-11-08 21:06:04.591147788,Basico,,4.0,4.0,15.389999999999997,Bajo uso,Adulto
11140,Sofia,Ramirez,49.0,,2022-11-09 03:40:22.505626408,Basico,,5.0,5.0,31.2,Uso medio,Adulto
11141,Carlos,Torres,23.0,CDMX,2022-11-09 10:14:40.420105028,Basico,,5.0,2.0,7.93,Uso medio,Joven
11142,Mateo,Garcia,75.0,Cali,2022-11-09 16:48:58.334583648,Premium,,4.0,5.0,14.77,Uso medio,Adulto Mayor
11143,Mariana,Lopez,61.0,Medellín,2022-11-09 23:23:16.249062268,Premium,,4.0,4.0,13.46,Bajo uso,Adulto Mayor
11144,Ana,Ramirez,60.0,Bogotá,2022-11-10 05:57:34.163540888,Basico,,6.0,4.0,13.07,Uso medio,Adulto Mayor
11145,Ana,Torres,69.0,GDL,2022-11-10 12:31:52.078019508,Basico,,3.0,2.0,9.86,Bajo uso,Adulto Mayor
11146,Mateo,Torres,52.0,Medellín,2022-11-10 19:06:09.992498128,Basico,,6.0,3.0,5.8,Uso medio,Adulto
11147,Mateo,Gomez,51.0,Cali,2022-11-11 01:40:27.906976744,Premium,,8.0,3.0,9.08,Uso medio,Adulto
11148,Sofia,Gomez,55.0,CDMX,2022-11-11 08:14:45.821455364,Premium,,4.0,6.0,52.53,Uso medio,Adulto
11149,Ana,Lopez,73.0,Bogotá,2022-11-11 14:49:03.735933984,Basico,,3.0,4.0,29.8,Bajo uso,Adulto Mayor
11150,Mariana,Gomez,71.0,CDMX,2022-11-11 21:23:21.650412604,Basico,,3.0,4.0,9.030000000000001,Bajo uso,Adulto Mayor
11151,Carlos,Lopez,74.0,,2022-11-12 03:57:39.564891224,Basico,"1,72066E+18",10.0,7.0,47.84,Alto uso,Adulto Mayor
11152,Mariana,Garcia,79.0,Bogotá,2022-11-12 10:31:57.479369844,Basico,,7.0,4.0,20.27,Uso medio,Adulto Mayor
11153,Luis,Lopez,22.0,Cali,2022-11-12 17:06:15.393848464,Basico,,7.0,4.0,29.68,Uso medio,Joven
11154,Luis,Gomez,35.0,MTY,2022-11-12 23:40:33.308327084,Premium,,0.0,5.0,27.62,Uso medio,Adulto
11155,Mateo,Garcia,33.0,CDMX,2022-11-13 06:14:51.222805704,Basico,,3.0,4.0,22.709999999999997,Bajo uso,Adulto
11156,Sofia,Gomez,25.0,CDMX,2022-11-13 12:49:09.137284324,Premium,,6.0,3.0,17.18,Uso medio,Joven
11157,Luis,Lopez,42.0,GDL,2022-11-13 19:23:27.051762944,Basico,,2.0,7.0,39.04,Uso medio,Adulto
11158,Ana,Ramirez,49.0,GDL,2022-11-14 01:57:44.966241560,Basico,,5.0,4.0,24.25,Uso medio,Adulto
11159,Mariana,Torres,79.0,Bogotá,2022-11-14 08:32:02.880720180,Basico,,15.0,2.0,5.15,Alto uso,Adulto Mayor
11160,Mariana,Gomez,43.0,CDMX,2022-11-14 15:06:20.795198800,Basico,,9.0,5.0,27.29,Uso medio,Adulto
11161,Mateo,Lopez,69.0,Bogotá,2022-11-14 21:40:38.709677420,Basico,"1,72515E+18",5.0,4.0,11.129999999999999,Uso medio,Adulto Mayor
11162,Carlos,Garcia,39.0,MTY,2022-11-15 04:14:56.624156040,Premium,,6.0,7.0,28.75,Uso medio,Adulto
11163,Mateo,Gomez,48.0,Bogotá,2022-11-15 10:49:14.538634660,Basico,,8.0,6.0,23.009999999999998,Uso medio,Adulto
11164,Carlos,Gomez,60.0,Medellín,2022-11-15 17:23:32.453113280,Premium,,2.0,7.0,36.190000000000005,Uso medio,Adulto Mayor
11165,Mateo,Torres,27.0,Medellín,2022-11-15 23:57:50.367591900,Basico,,3.0,4.0,10.27,Bajo uso,Joven
11166,Mateo,Lopez,73.0,,2022-11-16 06:32:08.282070520,Basico,,6.0,3.0,9.64,Uso medio,Adulto Mayor
11167,Mateo,Ramirez,74.0,CDMX,2022-11-16 13:06:26.196549140,Basico,,6.0,5.0,7.83,Uso medio,Adulto Mayor
11168,Carlos,Garcia,29.0,Bogotá,2022-11-16 19:40:44.111027760,Premium,,7.0,2.0,10.7,Uso medio,Joven
11169,Carlos,Lopez,70.0,Bogotá,2022-11-17 02:15:02.025506380,Basico,,4.0,5.0,19.85,Uso medio,Adulto Mayor
11170,Mateo,Garcia,45.0,Bogotá,2022-11-17 08:49:19.939984996,Basico,,8.0,2.0,7.93,Uso medio,Adulto
11171,Luis,Gomez,23.0,Medellín,2022-11-17 15:23:37.854463616,Premium,,3.0,4.0,24.52,Bajo uso,Joven
11172,Sofia,Torres,76.0,Bogotá,2022-11-17 21:57:55.768942236,Basico,,3.0,3.0,4.199999999999999,Bajo uso,Adulto Mayor
11173,Sofia,Torres,37.0,Bogotá,2022-11-18 04:32:13.683420856,Premium,"1,72584E+18",13.0,3.0,25.91,Alto uso,Adulto
11174,Sofia,Ramirez,22.0,Bogotá,2022-11-18 11:06:31.597899476,Basico,,9.0,1.0,1.89,Uso medio,Joven
11175,Carlos,Torres,40.0,,2022-11-18 17:40:49.512378096,Premium,,7.0,5.0,39.49,Uso medio,Adulto
11176,Carlos,Gomez,26.0,,2022-11-19 00:15:07.426856716,Basico,,8.0,1.0,3.61,Uso medio,Joven
11177,Luis,Ramirez,75.0,MTY,2022-11-19 06:49:25.341335336,Premium,,8.0,4.0,11.26,Uso medio,Adulto Mayor
11178,Sofia,Lopez,76.0,CDMX,2022-11-19 13:23:43.255813956,Basico,,5.0,9.0,50.86,Uso medio,Adulto Mayor
11179,Sofia,Torres,46.0,Cali,2022-11-19 19:58:01.170292576,Basico,,6.0,3.0,27.1,Uso medio,Adulto
11180,Mateo,Ramirez,33.0,,2022-11-20 02:32:19.084771196,Basico,,6.0,3.0,8.51,Uso medio,Adulto
11181,Carlos,Gomez,71.0,GDL,2022-11-20 09:06:36.999249816,Basico,,7.0,5.0,11.35,Uso medio,Adulto Mayor
11182,Sofia,Garcia,63.0,MTY,2022-11-20 15:40:54.913728432,Premium,,9.0,8.0,34.06,Uso medio,Adulto Mayor
11183,Mariana,Garcia,39.0,,2022-11-20 22:15:12.828207052,Basico,"1,72679E+18",8.0,4.0,22.69,Uso medio,Adulto
11184,Luis,Gomez,25.0,Medellín,2022-11-21 04:49:30.742685672,Basico,,7.0,3.0,37.51,Uso medio,Joven
11185,Mariana,Gomez,76.0,GDL,2022-11-21 11:23:48.657164292,Basico,,7.0,3.0,10.3,Uso medio,Adulto Mayor
11186,Mariana,Garcia,37.0,Bogotá,2022-11-21 17:58:06.571642912,Basico,"1,71841E+18",10.0,7.0,36.68000000000001,Alto uso,Adulto
11187,Luis,Ramirez,68.0,,2022-11-22 00:32:24.486121532,Basico,,3.0,0.0,0.0,Bajo uso,Adulto Mayor
11188,Mariana,Garcia,31.0,Cali,2022-11-22 07:06:42.400600152,Basico,,8.0,6.0,30.4,Uso medio,Adulto
11189,Sofia,Gomez,56.0,Medellín,2022-11-22 13:41:00.315078772,Premium,"1,72385E+18",7.0,5.0,24.84,Uso medio,Adulto
11190,Carlos,Torres,54.0,Medellín,2022-11-22 20:15:18.229557392,Premium,,5.0,5.0,29.770000000000003,Uso medio,Adulto
11191,Luis,Lopez,67.0,CDMX,2022-11-23 02:49:36.144036012,Basico,"1,72688E+18",1.0,2.0,3.4699999999999998,Bajo uso,Adulto Mayor
11192,Mateo,Torres,51.0,Cali,2022-11-23 09:23:54.058514632,Premium,,3.0,3.0,8.52,Bajo uso,Adulto
11193,Mariana,Torres,28.0,GDL,2022-11-23 15:58:11.972993248,Basico,,6.0,4.0,32.04,Uso medio,Joven
11194,Luis,Gomez,71.0,,2022-11-23 22:32:29.887471868,Basico,,10.0,7.0,16.979999999999997,Alto uso,Adulto Mayor
11195,Ana,Garcia,57.0,MTY,2022-11-24 05:06:47.801950488,Basico,,5.0,4.0,9.96,Uso medio,Adulto
11196,Ana,Ramirez,50.0,,2022-11-24 11:41:05.716429108,Basico,"1,72282E+18",7.0,7.0,20.860000000000003,Uso medio,Adulto
11197,Carlos,Torres,48.0,GDL,2022-11-24 18:15:23.630907728,Basico,"1,72636E+18",17.0,3.0,24.93,Alto uso,Adulto
11198,Sofia,Garcia,76.0,Bogotá,2022-11-25 00:49:41.545386348,Premium,"1,735E+18",8.0,4.0,20.41,Uso medio,Adulto Mayor
11199,Carlos,Ramirez,71.0,CDMX,2022-11-25 07:23:59.459864968,Premium,,7.0,4.0,6.33,Uso medio,Adulto Mayor
11200,Carlos,Torres,61.0,Medellín,2022-11-25 13:58:17.374343588,Basico,,8.0,5.0,20.38,Uso medio,Adulto Mayor
11201,Carlos,Ramirez,51.0,Cali,2022-11-25 20:32:35.288822208,Basico,,7.0,3.0,7.34,Uso medio,Adulto
11202,Carlos,Garcia,67.0,Medellín,2022-11-26 03:06:53.203300828,Premium,,9.0,5.0,31.97,Uso medio,Adulto Mayor
11203,Mateo,Lopez,24.0,Bogotá,2022-11-26 09:41:11.117779448,Basico,,2.0,3.0,16.62,Bajo uso,Joven
11204,Mateo,Garcia,75.0,CDMX,2022-11-26 16:15:29.032258068,Premium,,5.0,5.0,9.200000000000001,Uso medio,Adulto Mayor
11205,Luis,Gomez,66.0,,2022-11-26 22:49:46.946736684,Basico,,4.0,4.0,7.220000000000001,Bajo uso,Adulto Mayor
11206,Ana,Ramirez,71.0,Medellín,2022-11-27 05:24:04.861215304,Basico,,3.0,7.0,54.4,Uso medio,Adulto Mayor
11207,Carlos,Lopez,79.0,Medellín,2022-11-27 11:58:22.775693924,Basico,"1,71763E+18",5.0,4.0,11.26,Uso medio,Adulto Mayor
11208,Luis,Ramirez,40.0,Cali,2022-11-27 18:32:40.690172544,Premium,,7.0,2.0,4.44,Uso medio,Adulto
11209,Ana,Ramirez,63.0,Medellín,2022-11-28 01:06:58.604651164,Premium,,5.0,8.0,56.13999999999999,Uso medio,Adulto Mayor
11210,Mariana,Torres,73.0,Bogotá,,Basico,,8.0,5.0,24.2,Uso medio,Adulto Mayor
11211,Sofia,Gomez,24.0,Medellín,2022-11-28 14:15:34.433608404,Premium,,7.0,6.0,47.0,Uso medio,Joven
11212,Mateo,Ramirez,71.0,Medellín,2022-11-28 20:49:52.348087024,Basico,,8.0,8.0,41.959999999999994,Uso medio,Adulto Mayor
11213,Mariana,Garcia,42.0,,2022-11-29 03:24:10.262565644,Basico,"1,72541E+18",7.0,6.0,17.24,Uso medio,Adulto
11214,Ana,Garcia,78.0,Cali,2022-11-29 09:58:28.177044264,Premium,,8.0,4.0,26.08,Uso medio,Adulto Mayor
11215,Mariana,Torres,20.0,CDMX,2022-11-29 16:32:46.091522884,Basico,,5.0,4.0,8.89,Uso medio,Joven
11216,Sofia,Gomez,76.0,MTY,2022-11-29 23:07:04.006001504,Basico,"1,71789E+18",10.0,1.0,3.38,Alto uso,Adulto Mayor
11217,Ana,Gomez,55.0,CDMX,2022-11-30 05:41:21.920480120,Basico,,6.0,9.0,66.03999999999999,Uso medio,Adulto
11218,Mariana,Garcia,37.0,CDMX,2022-11-30 12:15:39.834958740,Premium,,4.0,2.0,2.22,Bajo uso,Adulto
11219,Mateo,Lopez,51.0,Medellín,2022-11-30 18:49:57.749437360,Premium,,3.0,3.0,43.589999999999996,Bajo uso,Adulto
11220,Mateo,Torres,66.0,,2022-12-01 01:24:15.663915980,Premium,,5.0,5.0,27.4,Uso medio,Adulto Mayor
11221,Luis,Torres,61.0,CDMX,2022-12-01 07:58:33.578394600,Basico,,6.0,2.0,5.6899999999999995,Uso medio,Adulto Mayor
11222,Mariana,Garcia,61.0,Bogotá,2022-12-01 14:32:51.492873220,Premium,,9.0,4.0,12.559999999999999,Uso medio,Adulto Mayor
11223,Carlos,Garcia,47.0,,2022-12-01 21:07:09.407351840,Basico,,7.0,5.0,29.9,Uso medio,Adulto
11224,Mariana,Lopez,34.0,Cali,2022-12-02 03:41:27.321830460,Premium,,5.0,4.0,22.0,Uso medio,Adulto
11225,Ana,Lopez,76.0,Bogotá,2022-12-02 10:15:45.236309080,Basico,,7.0,4.0,10.65,Uso medio,Adulto Mayor
11226,Ana,Gomez,27.0,Cali,2022-12-02 16:50:03.150787700,Basico,,8.0,5.0,18.98,Uso medio,Joven
11227,Mariana,Torres,52.0,Bogotá,2022-12-02 23:24:21.065266320,Basico,"1,7248E+18",10.0,5.0,37.1,Alto uso,Adulto
11228,Sofia,Torres,37.0,CDMX,2022-12-03 05:58:38.979744936,Premium,,10.0,3.0,5.930000000000001,Alto uso,Adulto
11229,Mateo,Garcia,35.0,CDMX,2022-12-03 12:32:56.894223556,Premium,,7.0,4.0,21.7,Uso medio,Adulto
11230,Ana,Gomez,62.0,GDL,2022-12-03 19:07:14.808702176,Basico,,4.0,4.0,20.65,Bajo uso,Adulto Mayor
11231,Mateo,Torres,61.0,MTY,2022-12-04 01:41:32.723180796,Basico,,7.0,3.0,11.79,Uso medio,Adulto Mayor
11232,Ana,Gomez,44.0,,2022-12-04 08:15:50.637659416,Premium,,9.0,2.0,14.88,Uso medio,Adulto
11233,Luis,Gomez,76.0,Cali,2022-12-04 14:50:08.552138036,Basico,"1,71858E+18",11.0,3.0,13.53,Alto uso,Adulto Mayor
11234,Carlos,Garcia,79.0,Bogotá,2022-12-04 21:24:26.466616656,Premium,"1,73163E+18",3.0,3.0,5.93,Bajo uso,Adulto Mayor
11235,Ana,Gomez,76.0,Bogotá,2022-12-05 03:58:44.381095276,Premium,"1,72299E+18",2.0,5.0,39.34,Uso medio,Adulto Mayor
11236,Mateo,Lopez,66.0,GDL,2022-12-05 10:33:02.295573896,Basico,,6.0,3.0,11.299999999999999,Uso medio,Adulto Mayor
11237,Luis,Lopez,53.0,Medellín,2022-12-05 17:07:20.210052516,Basico,"1,7312E+18",7.0,4.0,16.400000000000002,Uso medio,Adulto
11238,Ana,Ramirez,48.0,Cali,2022-12-05 23:41:38.124531136,Basico,,6.0,5.0,22.029999999999998,Uso medio,Adulto
11239,Sofia,Garcia,40.0,GDL,2022-12-06 06:15:56.039009756,Basico,,6.0,7.0,24.300000000000004,Uso medio,Adulto
11240,Carlos,Ramirez,49.0,CDMX,2022-12-06 12:50:13.953488372,Basico,,7.0,6.0,39.46,Uso medio,Adulto
11241,Ana,Lopez,27.0,Medellín,2022-12-06 19:24:31.867966992,Premium,,4.0,10.0,44.46,Alto uso,Joven
11242,Luis,Ramirez,28.0,Bogotá,2022-12-07 01:58:49.782445612,Basico,,5.0,3.0,8.61,Uso medio,Joven
11243,Sofia,Garcia,55.0,Bogotá,2022-12-07 08:33:07.696924232,Basico,,6.0,4.0,23.520000000000003,Uso medio,Adulto
11244,Mariana,Garcia,23.0,Medellín,2022-12-07 15:07:25.611402852,Premium,,4.0,4.0,15.749999999999998,Bajo uso,Joven
11245,Luis,Gomez,76.0,Bogotá,2022-12-07 21:41:43.525881472,Premium,"1,72981E+18",3.0,4.0,22.86,Bajo uso,Adulto Mayor
11246,Luis,Torres,58.0,GDL,2022-12-08 04:16:01.440360092,Premium,,7.0,7.0,33.650000000000006,Uso medio,Adulto
11247,Sofia,Gomez,79.0,MTY,2022-12-08 10:50:19.354838712,Basico,,8.0,5.0,29.08,Uso medio,Adulto Mayor
11248,Luis,Garcia,64.0,Bogotá,2022-12-08 17:24:37.269317332,Premium,,8.0,8.0,27.970000000000002,Uso medio,Adulto Mayor
11249,Sofia,Lopez,51.0,,2022-12-08 23:58:55.183795952,Premium,,7.0,2.0,18.45,Uso medio,Adulto
11250,Ana,Lopez,53.0,,2022-12-09 06:33:13.098274572,Basico,,4.0,4.0,19.8,Bajo uso,Adulto
11251,Sofia,Gomez,54.0,,2022-12-09 13:07:31.012753188,Basico,,2.0,4.0,30.78,Bajo uso,Adulto
11252,Sofia,Garcia,34.0,Medellín,2022-12-09 19:41:48.927231808,Basico,,5.0,7.0,47.05,Uso medio,Adulto
11253,Carlos,Lopez,57.0,Bogotá,2022-12-10 02:16:06.841710428,Premium,,4.0,3.0,13.8,Bajo uso,Adulto
11254,Sofia,Garcia,57.0,Medellín,2022-12-10 08:50:24.756189048,Basico,,6.0,5.0,21.25,Uso medio,Adulto
11255,Sofia,Lopez,71.0,,2022-12-10 15:24:42.670667668,Premium,,13.0,5.0,32.19,Alto uso,Adulto Mayor
11256,Mariana,Garcia,29.0,GDL,2022-12-10 21:59:00.585146288,Premium,,6.0,3.0,9.07,Uso medio,Joven
11257,Ana,Ramirez,38.0,Bogotá,2022-12-11 04:33:18.499624908,Basico,,7.0,5.0,22.72,Uso medio,Adulto
11258,Carlos,Garcia,57.0,Medellín,2022-12-11 11:07:36.414103528,Basico,"1,73051E+18",5.0,3.0,16.39,Uso medio,Adulto
11259,Mariana,Garcia,36.0,Medellín,2022-12-11 17:41:54.328582148,Basico,,10.0,6.0,21.380000000000003,Alto uso,Adulto
11260,Mateo,Gomez,20.0,GDL,2022-12-12 00:16:12.243060768,Basico,,4.0,7.0,58.72,Uso medio,Joven
11261,Ana,Ramirez,35.0,Bogotá,2022-12-12 06:50:30.157539388,Premium,,7.0,2.0,1.8800000000000001,Uso medio,Adulto
11262,Ana,Torres,70.0,Cali,2022-12-12 13:24:48.072018008,Premium,,8.0,3.0,9.95,Uso medio,Adulto Mayor
11263,Mateo,Gomez,68.0,Bogotá,2022-12-12 19:59:05.986496624,Basico,"1,72472E+18",7.0,6.0,17.75,Uso medio,Adulto Mayor
11264,Sofia,Torres,36.0,Cali,2022-12-13 02:33:23.900975244,Premium,,4.0,1.0,4.29,Bajo uso,Adulto
11265,Mariana,Lopez,64.0,MTY,2022-12-13 09:07:41.815453864,Basico,"1,72981E+18",8.0,3.0,27.8,Uso medio,Adulto Mayor
11266,Luis,Torres,23.0,,2022-12-13 15:41:59.729932484,Basico,,6.0,7.0,28.05,Uso medio,Joven
11267,Carlos,Garcia,33.0,Bogotá,2022-12-13 22:16:17.644411104,Basico,,6.0,5.0,35.22,Uso medio,Adulto
11268,Luis,Torres,25.0,Bogotá,2022-12-14 04:50:35.558889724,Basico,"1,72048E+18",5.0,5.0,39.18,Uso medio,Joven
11269,Mateo,Gomez,65.0,CDMX,2022-12-14 11:24:53.473368344,Premium,,6.0,3.0,9.72,Uso medio,Adulto Mayor
11270,Ana,Gomez,35.0,CDMX,2022-12-14 17:59:11.387846964,Premium,,6.0,4.0,21.72,Uso medio,Adulto
11271,Ana,Torres,69.0,Medellín,2022-12-15 00:33:29.302325584,Basico,,6.0,0.0,0.0,Uso medio,Adulto Mayor
11272,Carlos,Gomez,65.0,Bogotá,2022-12-15 07:07:47.216804204,Basico,,9.0,6.0,24.69,Uso medio,Adulto Mayor
11273,Ana,Gomez,60.0,Bogotá,2022-12-15 13:42:05.131282824,Basico,,9.0,4.0,19.03,Uso medio,Adulto Mayor
11274,Ana,Torres,56.0,CDMX,2022-12-15 20:16:23.045761444,Basico,"1,73215E+18",7.0,2.0,13.55,Uso medio,Adulto
11275,Carlos,Ramirez,66.0,Cali,,Premium,"1,73344E+18",4.0,5.0,20.12,Uso medio,Adulto Mayor
11276,Mariana,Ramirez,66.0,Cali,2022-12-16 09:24:58.874718680,Premium,,3.0,1.0,11.75,Bajo uso,Adulto Mayor
11277,Mariana,Lopez,29.0,GDL,2022-12-16 15:59:16.789197300,Premium,,6.0,3.0,13.84,Uso medio,Joven
11278,Carlos,Gomez,62.0,Medellín,2022-12-16 22:33:34.703675920,Basico,,5.0,2.0,5.4,Uso medio,Adulto Mayor
11279,Mateo,Torres,27.0,Cali,2022-12-17 05:07:52.618154540,Basico,,9.0,1.0,5.23,Uso medio,Joven
11280,Ana,Gomez,24.0,Medellín,2022-12-17 11:42:10.532633160,Basico,,11.0,5.0,24.659999999999997,Alto uso,Joven
11281,Ana,Garcia,63.0,MTY,2022-12-17 18:16:28.447111780,Basico,,6.0,2.0,14.739999999999998,Uso medio,Adulto Mayor
11282,Mateo,Gomez,72.0,Medellín,2022-12-18 00:50:46.361590400,Basico,,12.0,5.0,33.68,Alto uso,Adulto Mayor
11283,Mariana,Gomez,18.0,GDL,2022-12-18 07:25:04.276069020,Basico,"1,72238E+18",10.0,6.0,28.22,Alto uso,Joven
11284,Sofia,Ramirez,66.0,MTY,2022-12-18 13:59:22.190547640,Basico,,6.0,3.0,15.370000000000001,Uso medio,Adulto Mayor
11285,Sofia,Torres,53.0,GDL,2022-12-18 20:33:40.105026260,Basico,,6.0,0.0,0.0,Uso medio,Adulto
11286,Sofia,Gomez,38.0,Bogotá,2022-12-19 03:07:58.019504876,Premium,"1,73241E+18",7.0,6.0,64.38000000000001,Uso medio,Adulto
11287,Mariana,Ramirez,54.0,CDMX,2022-12-19 09:42:15.933983496,Basico,,1.0,3.0,6.99,Bajo uso,Adulto
11288,Mariana,Lopez,69.0,,2022-12-19 16:16:33.848462116,Premium,"1,71876E+18",9.0,8.0,20.14,Uso medio,Adulto Mayor
11289,Mateo,Ramirez,41.0,MTY,2022-12-19 22:50:51.762940736,Basico,,6.0,6.0,39.33,Uso medio,Adulto
11290,Ana,Ramirez,72.0,GDL,2022-12-20 05:25:09.677419356,Basico,,6.0,4.0,18.53,Uso medio,Adulto Mayor
11291,Mateo,Ramirez,42.0,Bogotá,2022-12-20 11:59:27.591897976,Premium,,7.0,5.0,22.42,Uso medio,Adulto
11292,Mateo,Gomez,24.0,GDL,2022-12-20 18:33:45.506376596,Basico,,2.0,4.0,17.990000000000002,Bajo uso,Joven
11293,Mariana,Gomez,48.0,Bogotá,,Premium,,4.0,4.0,25.160000000000004,Bajo uso,Adulto
11294,Sofia,Lopez,59.0,MTY,2022-12-21 07:42:21.335333836,Basico,,3.0,4.0,37.1,Bajo uso,Adulto
11295,Luis,Garcia,34.0,CDMX,2022-12-21 14:16:39.249812456,Basico,,9.0,5.0,28.130000000000003,Uso medio,Adulto
11296,Ana,Garcia,46.0,GDL,2022-12-21 20:50:57.164291076,Basico,,6.0,4.0,13.950000000000001,Uso medio,Adulto
11297,Mariana,Garcia,47.0,Bogotá,2022-12-22 03:25:15.078769696,Premium,,5.0,1.0,1.64,Uso medio,Adulto
11298,Sofia,Lopez,24.0,CDMX,2022-12-22 09:59:32.993248312,Premium,,4.0,5.0,27.53,Uso medio,Joven
11299,Luis,Garcia,50.0,Cali,2022-12-22 16:33:50.907726932,Premium,,7.0,6.0,10.350000000000001,Uso medio,Adulto
11300,Luis,Garcia,24.0,Medellín,2022-12-22 23:08:08.822205552,Premium,,3.0,2.0,5.6899999999999995,Bajo uso,Joven
11301,Mariana,Ramirez,75.0,Medellín,2022-12-23 05:42:26.736684172,Basico,,6.0,2.0,14.19,Uso medio,Adulto Mayor
11302,Carlos,Gomez,41.0,Bogotá,2022-12-23 12:16:44.651162792,Basico,,6.0,3.0,14.200000000000001,Uso medio,Adulto
11303,Ana,Gomez,28.0,Bogotá,2022-12-23 18:51:02.565641412,Basico,,3.0,3.0,7.219999999999999,Bajo uso,Joven
11304,Luis,Ramirez,26.0,,2022-12-24 01:25:20.480120032,Basico,,9.0,7.0,135.36,Uso medio,Joven
11305,Mariana,Ramirez,29.0,CDMX,2022-12-24 07:59:38.394598652,Premium,,3.0,4.0,27.139999999999997,Bajo uso,Joven
11306,Mariana,Ramirez,52.0,CDMX,2022-12-24 14:33:56.309077272,Basico,,2.0,4.0,35.73,Bajo uso,Adulto
11307,Sofia,Gomez,48.0,GDL,2022-12-24 21:08:14.223555892,Basico,,6.0,2.0,4.24,Uso medio,Adulto
11308,Carlos,Garcia,21.0,CDMX,2022-12-25 03:42:32.138034512,Basico,,7.0,5.0,33.870000000000005,Uso medio,Joven
11309,Ana,Ramirez,53.0,GDL,2022-12-25 10:16:50.052513132,Premium,,10.0,5.0,40.61,Alto uso,Adulto
11310,Mateo,Lopez,45.0,Medellín,2022-12-25 16:51:07.966991748,Premium,"1,72774E+18",7.0,1.0,0.53,Uso medio,Adulto
11311,Sofia,Ramirez,74.0,Bogotá,2022-12-25 23:25:25.881470368,Basico,,8.0,2.0,3.21,Uso medio,Adulto Mayor
11312,Luis,Torres,30.0,,2022-12-26 05:59:43.795948988,Basico,,5.0,5.0,24.580000000000002,Uso medio,Adulto
11313,Luis,Ramirez,40.0,GDL,2022-12-26 12:34:01.710427608,Basico,,3.0,6.0,11.94,Uso medio,Adulto
11314,Sofia,Gomez,36.0,MTY,,Basico,,8.0,5.0,28.29,Uso medio,Adulto
11315,Mariana,Ramirez,59.0,,2022-12-27 01:42:37.539384848,Premium,,8.0,7.0,48.160000000000004,Uso medio,Adulto
11316,Luis,Torres,54.0,Cali,2022-12-27 08:16:55.453863468,Basico,,7.0,4.0,32.72,Uso medio,Adulto
11317,Carlos,Lopez,56.0,Bogotá,2022-12-27 14:51:13.368342088,Basico,"1,72826E+18",3.0,10.0,35.06,Alto uso,Adulto
11318,Ana,Garcia,41.0,Bogotá,2022-12-27 21:25:31.282820708,Basico,"1,71936E+18",4.0,9.0,40.85999999999999,Uso medio,Adulto
11319,Carlos,Ramirez,33.0,Cali,2022-12-28 03:59:49.197299328,Basico,,7.0,3.0,18.14,Uso medio,Adulto
11320,Luis,Torres,50.0,Bogotá,2022-12-28 10:34:07.111777948,Premium,,4.0,5.0,28.279999999999998,Uso medio,Adulto
11321,Mateo,Torres,29.0,GDL,2022-12-28 17:08:25.026256564,Basico,"1,71945E+18",5.0,6.0,24.490000000000002,Uso medio,Joven
11322,Ana,Lopez,51.0,Cali,2022-12-28 23:42:42.940735184,Basico,,5.0,4.0,10.89,Uso medio,Adulto
11323,Ana,Gomez,24.0,Bogotá,2022-12-29 06:17:00.855213804,Premium,,7.0,3.0,20.650000000000002,Uso medio,Joven
11324,Sofia,Ramirez,28.0,CDMX,2022-12-29 12:51:18.769692424,Basico,"1,72325E+18",3.0,8.0,56.93000000000001,Uso medio,Joven
11325,Sofia,Torres,48.0,Bogotá,2022-12-29 19:25:36.684171044,Premium,,2.0,5.0,13.959999999999999,Uso medio,Adulto
11326,Mateo,Lopez,46.0,Bogotá,2022-12-30 01:59:54.598649664,Basico,,8.0,7.0,34.65,Uso medio,Adulto
11327,Mariana,Garcia,79.0,,2022-12-30 08:34:12.513128284,Basico,,6.0,4.0,18.330000000000002,Uso medio,Adulto Mayor
11328,Ana,Torres,30.0,CDMX,2022-12-30 15:08:30.427606904,Basico,,6.0,4.0,35.3,Uso medio,Adulto
11329,Mateo,Lopez,48.0,,2022-12-30 21:42:48.342085524,Basico,,5.0,8.0,35.47,Uso medio,Adulto
11330,Sofia,Gomez,19.0,Bogotá,2022-12-31 04:17:06.256564144,Basico,,7.0,3.0,26.330000000000002,Uso medio,Joven
11331,Sofia,Gomez,56.0,Bogotá,2022-12-31 10:51:24.171042764,Basico,,2.0,3.0,15.450000000000003,Bajo uso,Adulto
11332,Ana,Torres,32.0,CDMX,2022-12-31 17:25:42.085521384,Basico,,3.0,0.0,0.0,Bajo uso,Adulto
11333,Carlos,Torres,74.0,Medellín,2023-01-01 00:00:00.000000000,Basico,,4.0,6.0,35.449999999999996,Uso medio,Adulto Mayor
11334,Luis,Ramirez,28.0,,2023-01-01 06:34:17.914478620,Premium,,4.0,2.0,3.16,Bajo uso,Joven
11335,Sofia,Lopez,51.0,MTY,2023-01-01 13:08:35.828957240,Premium,,9.0,7.0,79.30000000000001,Uso medio,Adulto
11336,Mariana,Torres,56.0,GDL,2023-01-01 19:42:53.743435860,Basico,,7.0,4.0,12.479999999999999,Uso medio,Adulto
11337,Mariana,Ramirez,21.0,Bogotá,2023-01-02 02:17:11.657914480,Basico,,7.0,1.0,7.06,Uso medio,Joven
11338,Sofia,Ramirez,28.0,Cali,2023-01-02 08:51:29.572393100,Premium,,7.0,6.0,24.660000000000004,Uso medio,Joven
11339,Carlos,Torres,46.0,CDMX,2023-01-02 15:25:47.486871720,Basico,"1,72653E+18",8.0,2.0,12.379999999999999,Uso medio,Adulto
11340,Carlos,Gomez,19.0,Medellín,2023-01-02 22:00:05.401350340,Basico,,3.0,3.0,7.28,Bajo uso,Joven
11341,Mateo,Lopez,78.0,Bogotá,2023-01-03 04:34:23.315828960,Basico,,5.0,5.0,23.64,Uso medio,Adulto Mayor
11342,Mariana,Lopez,33.0,MTY,2023-01-03 11:08:41.230307580,Basico,"1,72143E+18",6.0,8.0,33.23,Uso medio,Adulto
11343,Mateo,Gomez,56.0,Bogotá,2023-01-03 17:42:59.144786200,Basico,,6.0,6.0,20.04,Uso medio,Adulto
11344,Mariana,Torres,30.0,GDL,2023-01-04 00:17:17.059264816,Premium,,4.0,2.0,13.29,Bajo uso,Adulto
11345,Luis,Lopez,54.0,Cali,2023-01-04 06:51:34.973743436,Premium,,3.0,4.0,8.76,Bajo uso,Adulto
11346,Luis,Torres,34.0,Medellín,2023-01-04 13:25:52.888222056,Premium,,4.0,4.0,29.189999999999998,Bajo uso,Adulto
11347,Ana,Torres,38.0,Bogotá,2023-01-04 20:00:10.802700676,Basico,,6.0,3.0,8.17,Uso medio,Adulto
11348,Mateo,Ramirez,61.0,MTY,2023-01-05 02:34:28.717179296,Basico,,8.0,5.0,20.259999999999998,Uso medio,Adulto Mayor
11349,Sofia,Gomez,77.0,GDL,2023-01-05 09:08:46.631657916,Premium,,3.0,6.0,14.779999999999998,Uso medio,Adulto Mayor
11350,Mateo,Torres,36.0,Cali,2023-01-05 15:43:04.546136536,Basico,,6.0,2.0,14.7,Uso medio,Adulto
11351,Sofia,Garcia,24.0,Bogotá,2023-01-05 22:17:22.460615156,Basico,,5.0,8.0,51.37,Uso medio,Joven
11352,Carlos,Gomez,55.0,Bogotá,2023-01-06 04:51:40.375093776,Basico,"1,73146E+18",5.0,4.0,6.72,Uso medio,Adulto
11353,Mateo,Lopez,25.0,Bogotá,2023-01-06 11:25:58.289572396,Basico,,4.0,2.0,22.990000000000002,Bajo uso,Joven
11354,Carlos,Ramirez,30.0,Bogotá,2023-01-06 18:00:16.204051016,Basico,,2.0,5.0,18.54,Uso medio,Adulto
11355,Luis,Lopez,54.0,GDL,2023-01-07 00:34:34.118529636,Basico,,5.0,7.0,21.43,Uso medio,Adulto
11356,Luis,Lopez,19.0,CDMX,2023-01-07 07:08:52.033008252,Premium,,5.0,3.0,10.15,Uso medio,Joven
11357,Ana,Gomez,58.0,CDMX,2023-01-07 13:43:09.947486872,Basico,,5.0,3.0,19.939999999999998,Uso medio,Adulto
11358,Mateo,Lopez,79.0,Cali,2023-01-07 20:17:27.861965492,Basico,,1.0,4.0,29.17,Bajo uso,Adulto Mayor
11359,Carlos,Torres,28.0,GDL,2023-01-08 02:51:45.776444112,Premium,,3.0,2.0,33.14,Bajo uso,Joven
11360,Sofia,Lopez,41.0,CDMX,2023-01-08 09:26:03.690922732,Basico,"1,72359E+18",4.0,4.0,45.589999999999996,Bajo uso,Adulto
11361,Luis,Ramirez,23.0,Cali,2023-01-08 16:00:21.605401352,Basico,"1,72835E+18",5.0,3.0,35.37,Uso medio,Joven
11362,Luis,Ramirez,78.0,CDMX,2023-01-08 22:34:39.519879972,Basico,,8.0,4.0,27.470000000000002,Uso medio,Adulto Mayor
11363,Sofia,Garcia,43.0,Medellín,2023-01-09 05:08:57.434358592,Basico,"1,72748E+18",6.0,4.0,15.850000000000001,Uso medio,Adulto
11364,Carlos,Ramirez,24.0,MTY,2023-01-09 11:43:15.348837212,Basico,,7.0,1.0,0.71,Uso medio,Joven
11365,Carlos,Lopez,74.0,CDMX,2023-01-09 18:17:33.263315832,Premium,,6.0,5.0,41.14,Uso medio,Adulto Mayor
11366,Mateo,Ramirez,56.0,Bogotá,2023-01-10 00:51:51.177794452,Premium,,5.0,2.0,12.56,Uso medio,Adulto
11367,Mateo,Gomez,36.0,CDMX,2023-01-10 07:26:09.092273072,Basico,,8.0,7.0,24.29,Uso medio,Adulto
11368,Mariana,Ramirez,23.0,Cali,2023-01-10 14:00:27.006751688,Basico,,4.0,3.0,27.15,Bajo uso,Joven
11369,Mariana,Torres,60.0,Bogotá,2023-01-10 20:34:44.921230308,Basico,,3.0,3.0,15.780000000000001,Bajo uso,Adulto Mayor
11370,Ana,Gomez,46.0,CDMX,2023-01-11 03:09:02.835708928,Basico,,3.0,5.0,71.09,Uso medio,Adulto
11371,Luis,Garcia,60.0,GDL,2023-01-11 09:43:20.750187548,Basico,,4.0,1.0,0.86,Bajo uso,Adulto Mayor
11372,Mateo,Torres,56.0,Bogotá,2023-01-11 16:17:38.664666168,Basico,,5.0,6.0,30.119999999999997,Uso medio,Adulto
11373,Carlos,Lopez,19.0,GDL,2023-01-11 22:51:56.579144788,Basico,,10.0,2.0,8.719999999999999,Alto uso,Joven
11374,Sofia,Lopez,36.0,GDL,2023-01-12 05:26:14.493623408,Basico,,3.0,5.0,11.899999999999999,Uso medio,Adulto
11375,Carlos,Lopez,21.0,Bogotá,2023-01-12 12:00:32.408102028,Basico,,7.0,5.0,27.36,Uso medio,Joven
11376,Luis,Torres,75.0,Cali,2023-01-12 18:34:50.322580648,Basico,,5.0,7.0,16.4,Uso medio,Adulto Mayor
11377,Mariana,Torres,23.0,Bogotá,2023-01-13 01:09:08.237059268,Basico,,5.0,4.0,32.87,Uso medio,Joven
11378,Carlos,Torres,66.0,Medellín,2023-01-13 07:43:26.151537888,Premium,"1,73068E+18",5.0,4.0,45.06,Uso medio,Adulto Mayor
11379,Ana,Gomez,74.0,,2023-01-13 14:17:44.066016504,Basico,,4.0,2.0,11.53,Bajo uso,Adulto Mayor
11380,Luis,Gomez,54.0,GDL,2023-01-13 20:52:01.980495124,Premium,,9.0,8.0,55.12,Uso medio,Adulto
11381,Mariana,Lopez,78.0,Cali,2023-01-14 03:26:19.894973744,Premium,,3.0,4.0,13.55,Bajo uso,Adulto Mayor
11382,Sofia,Ramirez,45.0,Cali,2023-01-14 10:00:37.809452364,Premium,,9.0,4.0,17.56,Uso medio,Adulto
11383,Mariana,Lopez,47.0,MTY,2023-01-14 16:34:55.723930984,Basico,,3.0,5.0,19.12,Uso medio,Adulto
11384,Ana,Garcia,24.0,,2023-01-14 23:09:13.638409604,Premium,,6.0,3.0,11.940000000000001,Uso medio,Joven
11385,Luis,Gomez,26.0,GDL,2023-01-15 05:43:31.552888224,Basico,,2.0,2.0,2.7600000000000002,Bajo uso,Joven
11386,Sofia,Torres,42.0,GDL,2023-01-15 12:17:49.467366844,Basico,,9.0,4.0,20.88,Uso medio,Adulto
11387,Ana,Gomez,50.0,Cali,2023-01-15 18:52:07.381845464,Basico,,2.0,7.0,38.489999999999995,Uso medio,Adulto
11388,Mariana,Torres,48.0,Bogotá,2023-01-16 01:26:25.296324084,Basico,,6.0,6.0,18.73,Uso medio,Adulto
11389,Ana,Garcia,18.0,MTY,2023-01-16 08:00:43.210802704,Basico,,5.0,3.0,10.809999999999999,Uso medio,Joven
11390,Luis,Garcia,68.0,CDMX,2023-01-16 14:35:01.125281324,Basico,,6.0,5.0,20.939999999999998,Uso medio,Adulto Mayor
11391,Mateo,Gomez,23.0,Cali,2023-01-16 21:09:19.039759940,Basico,,5.0,4.0,14.59,Uso medio,Joven
11392,Ana,Torres,35.0,Cali,2023-01-17 03:43:36.954238560,Premium,,5.0,3.0,19.65,Uso medio,Adulto
11393,Ana,Garcia,27.0,Bogotá,2023-01-17 10:17:54.868717180,Basico,"1,72048E+18",6.0,4.0,11.790000000000001,Uso medio,Joven
11394,Mariana,Lopez,45.0,,2023-01-17 16:52:12.783195800,Basico,,6.0,8.0,60.6,Uso medio,Adulto
11395,Mariana,Lopez,28.0,MTY,2023-01-17 23:26:30.697674420,Premium,,8.0,7.0,31.79,Uso medio,Joven
11396,Sofia,Torres,50.0,GDL,2023-01-18 06:00:48.612153040,Basico,,6.0,4.0,39.12,Uso medio,Adulto
11397,Mariana,Gomez,18.0,Medellín,2023-01-18 12:35:06.526631660,Basico,,2.0,4.0,26.46,Bajo uso,Joven
11398,Carlos,Garcia,30.0,Cali,2023-01-18 19:09:24.441110280,Premium,,5.0,0.0,0.0,Uso medio,Adulto
11399,Luis,Gomez,54.0,GDL,2023-01-19 01:43:42.355588900,Basico,,9.0,7.0,25.409999999999997,Uso medio,Adulto
11400,Luis,Lopez,37.0,CDMX,2023-01-19 08:18:00.270067520,Basico,,5.0,3.0,19.46,Uso medio,Adulto
11401,Mateo,Garcia,18.0,Cali,2023-01-19 14:52:18.184546140,Premium,"1,71962E+18",9.0,5.0,15.370000000000001,Uso medio,Joven
11402,Mateo,Gomez,69.0,,2023-01-19 21:26:36.099024760,Premium,,6.0,4.0,25.419999999999998,Uso medio,Adulto Mayor
11403,Luis,Ramirez,20.0,Medellín,2023-01-20 04:00:54.013503376,Basico,,5.0,9.0,66.08,Uso medio,Joven
11404,Mateo,Torres,35.0,GDL,2023-01-20 10:35:11.927981996,Basico,,7.0,5.0,32.31,Uso medio,Adulto
11405,Sofia,Torres,58.0,,2023-01-20 17:09:29.842460616,Premium,,5.0,7.0,23.38,Uso medio,Adulto
11406,Mariana,Ramirez,31.0,,2023-01-20 23:43:47.756939236,Basico,,7.0,5.0,13.03,Uso medio,Adulto
11407,Luis,Lopez,48.0,Bogotá,2023-01-21 06:18:05.671417856,Basico,,5.0,2.0,14.549999999999999,Uso medio,Adulto
11408,Mateo,Garcia,44.0,Cali,2023-01-21 12:52:23.585896476,Basico,"1,73457E+18",9.0,5.0,23.03,Uso medio,Adulto
11409,Luis,Torres,34.0,Cali,2023-01-21 19:26:41.500375096,Basico,,4.0,4.0,9.31,Bajo uso,Adulto
11410,Carlos,Ramirez,72.0,,2023-01-22 02:00:59.414853716,Premium,,2.0,3.0,15.52,Bajo uso,Adulto Mayor
11411,Ana,Ramirez,63.0,Cali,2023-01-22 08:35:17.329332336,Premium,,4.0,2.0,25.18,Bajo uso,Adulto Mayor
11412,Mariana,Lopez,46.0,Medellín,2023-01-22 15:09:35.243810956,Premium,,10.0,9.0,55.46,Alto uso,Adulto
11413,Luis,Lopez,53.0,Medellín,2023-01-22 21:43:53.158289576,Basico,,7.0,1.0,0.41,Uso medio,Adulto
11414,Ana,Gomez,54.0,Bogotá,2023-01-23 04:18:11.072768192,Basico,,4.0,6.0,47.22,Uso medio,Adulto
11415,Mateo,Torres,43.0,Medellín,2023-01-23 10:52:28.987246812,Premium,,1.0,2.0,7.0600000000000005,Bajo uso,Adulto
11416,Ana,Gomez,70.0,Cali,2023-01-23 17:26:46.901725432,Basico,,7.0,7.0,54.17999999999999,Uso medio,Adulto Mayor
11417,Mariana,Ramirez,34.0,,2023-01-24 00:01:04.816204052,Premium,,3.0,5.0,27.0,Uso medio,Adulto
11418,Luis,Garcia,39.0,Bogotá,2023-01-24 06:35:22.730682672,Premium,,8.0,1.0,0.51,Uso medio,Adulto
11419,Carlos,Garcia,78.0,Bogotá,2023-01-24 13:09:40.645161292,Basico,,8.0,6.0,23.73,Uso medio,Adulto Mayor
11420,Mateo,Lopez,42.0,Bogotá,2023-01-24 19:43:58.559639912,Basico,,6.0,4.0,18.18,Uso medio,Adulto
11421,Luis,Garcia,19.0,Medellín,2023-01-25 02:18:16.474118532,Premium,,4.0,6.0,17.720000000000002,Uso medio,Joven
11422,Mariana,Garcia,72.0,Medellín,2023-01-25 08:52:34.388597152,Premium,,4.0,3.0,31.77,Bajo uso,Adulto Mayor
11423,Mateo,Garcia,39.0,CDMX,2023-01-25 15:26:52.303075772,Basico,"1,72385E+18",8.0,1.0,7.91,Uso medio,Adulto
11424,Sofia,Ramirez,22.0,Bogotá,2023-01-25 22:01:10.217554392,Premium,,4.0,4.0,27.21,Bajo uso,Joven
11425,Ana,Garcia,21.0,CDMX,2023-01-26 04:35:28.132033012,Basico,,4.0,4.0,18.14,Bajo uso,Joven
11426,Mariana,Garcia,53.0,CDMX,2023-01-26 11:09:46.046511628,Basico,,11.0,5.0,39.78,Alto uso,Adulto
11427,Sofia,Garcia,23.0,Cali,2023-01-26 17:44:03.960990248,Basico,,8.0,3.0,11.0,Uso medio,Joven
11428,Luis,Gomez,69.0,GDL,2023-01-27 00:18:21.875468868,Premium,,4.0,7.0,28.32,Uso medio,Adulto Mayor
11429,Carlos,Ramirez,38.0,MTY,2023-01-27 06:52:39.789947488,Premium,,4.0,3.0,3.78,Bajo uso,Adulto
11430,Mateo,Lopez,30.0,CDMX,2023-01-27 13:26:57.704426108,Basico,,6.0,3.0,12.2,Uso medio,Adulto
11431,Ana,Gomez,71.0,CDMX,2023-01-27 20:01:15.618904728,Basico,,3.0,8.0,43.059999999999995,Uso medio,Adulto Mayor
11432,Mateo,Torres,54.0,Cali,2023-01-28 02:35:33.533383348,Premium,"1,73422E+18",7.0,7.0,17.969999999999995,Uso medio,Adulto
11433,Luis,Ramirez,72.0,Bogotá,2023-01-28 09:09:51.447861968,Basico,,8.0,6.0,18.95,Uso medio,Adulto Mayor
11434,Mateo,Ramirez,42.0,,2023-01-28 15:44:09.362340588,Basico,,6.0,4.0,14.37,Uso medio,Adulto
11435,Ana,Torres,43.0,MTY,2023-01-28 22:18:27.276819208,Basico,,4.0,2.0,16.85,Bajo uso,Adulto
11436,Luis,Torres,72.0,GDL,2023-01-29 04:52:45.191297828,Basico,,3.0,5.0,6.02,Uso medio,Adulto Mayor
11437,Mateo,Torres,56.0,MTY,2023-01-29 11:27:03.105776448,Premium,,4.0,2.0,0.25,Bajo uso,Adulto
11438,Carlos,Lopez,37.0,Medellín,2023-01-29 18:01:21.020255064,Premium,,7.0,4.0,28.72,Uso medio,Adulto
11439,Mariana,Garcia,50.0,Bogotá,2023-01-30 00:35:38.934733684,Basico,,4.0,4.0,18.67,Bajo uso,Adulto
11440,Luis,Ramirez,31.0,,2023-01-30 07:09:56.849212304,Basico,,5.0,5.0,9.34,Uso medio,Adulto
11441,Mariana,Garcia,73.0,Medellín,2023-01-30 13:44:14.763690924,Basico,,5.0,7.0,57.510000000000005,Uso medio,Adulto Mayor
11442,Luis,Garcia,53.0,Bogotá,2023-01-30 20:18:32.678169544,Basico,,10.0,6.0,21.130000000000003,Alto uso,Adulto
11443,Carlos,Torres,34.0,Cali,2023-01-31 02:52:50.592648164,Basico,,5.0,4.0,37.06999999999999,Uso medio,Adulto
11444,Mariana,Lopez,38.0,,2023-01-31 09:27:08.507126784,Basico,,3.0,3.0,25.340000000000003,Bajo uso,Adulto
11445,Sofia,Gomez,63.0,MTY,2023-01-31 16:01:26.421605404,Premium,,6.0,6.0,31.560000000000002,Uso medio,Adulto Mayor
11446,Ana,Lopez,33.0,GDL,2023-01-31 22:35:44.336084024,Premium,,6.0,4.0,23.17,Uso medio,Adulto
11447,Sofia,Garcia,63.0,Medellín,2023-02-01 05:10:02.250562644,Basico,"1,72584E+18",1.0,6.0,28.950000000000003,Uso medio,Adulto Mayor
11448,Mateo,Lopez,33.0,Bogotá,2023-02-01 11:44:20.165041264,Premium,,4.0,2.0,22.48,Bajo uso,Adulto
11449,Carlos,Torres,73.0,,2023-02-01 18:18:38.079519880,Premium,"1,71867E+18",6.0,5.0,22.900000000000002,Uso medio,Adulto Mayor
11450,Sofia,Gomez,37.0,Bogotá,2023-02-02 00:52:55.993998500,Basico,,9.0,4.0,32.06,Uso medio,Adulto
11451,Luis,Torres,46.0,CDMX,2023-02-02 07:27:13.908477120,Basico,,4.0,2.0,13.9,Bajo uso,Adulto
11452,Mateo,Gomez,45.0,,2023-02-02 14:01:31.822955740,Basico,,4.0,2.0,5.99,Bajo uso,Adulto
11453,Mateo,Garcia,25.0,Cali,2023-02-02 20:35:49.737434360,Basico,,4.0,4.0,15.149999999999999,Bajo uso,Joven
11454,Sofia,Gomez,41.0,CDMX,2023-02-03 03:10:07.651912980,Premium,,4.0,2.0,3.12,Bajo uso,Adulto
11455,Sofia,Gomez,20.0,,2023-02-03 09:44:25.566391600,Premium,,5.0,1.0,3.28,Uso medio,Joven
11456,Carlos,Gomez,42.0,MTY,2023-02-03 16:18:43.480870220,Basico,,6.0,5.0,47.230000000000004,Uso medio,Adulto
11457,Ana,Lopez,36.0,MTY,2023-02-03 22:53:01.395348840,Premium,,7.0,7.0,23.92,Uso medio,Adulto
11458,Sofia,Lopez,50.0,,2023-02-04 05:27:19.309827460,Premium,,10.0,3.0,72.05,Alto uso,Adulto
11459,Sofia,Garcia,19.0,Bogotá,2023-02-04 12:01:37.224306080,Basico,,7.0,5.0,33.95,Uso medio,Joven
11460,Mariana,Gomez,32.0,CDMX,2023-02-04 18:35:55.138784700,Basico,,6.0,6.0,13.290000000000001,Uso medio,Adulto
11461,Luis,Ramirez,39.0,MTY,2023-02-05 01:10:13.053263316,Premium,,3.0,5.0,16.69,Uso medio,Adulto
11462,Mariana,Garcia,77.0,Medellín,2023-02-05 07:44:30.967741936,Premium,,3.0,7.0,43.160000000000004,Uso medio,Adulto Mayor
11463,Mariana,Gomez,27.0,CDMX,2023-02-05 14:18:48.882220556,Premium,,5.0,6.0,28.22,Uso medio,Joven
11464,Mateo,Gomez,35.0,Bogotá,2023-02-05 20:53:06.796699176,Premium,,3.0,4.0,20.92,Bajo uso,Adulto
11465,Ana,Lopez,39.0,Medellín,2023-02-06 03:27:24.711177796,Basico,"1,73223E+18",9.0,3.0,5.17,Uso medio,Adulto
11466,Luis,Garcia,63.0,MTY,2023-02-06 10:01:42.625656416,Basico,,6.0,3.0,16.76,Uso medio,Adulto Mayor
11467,Carlos,Gomez,66.0,Medellín,2023-02-06 16:36:00.540135036,Basico,,6.0,4.0,16.7,Uso medio,Adulto Mayor
11468,Carlos,Gomez,44.0,,2023-02-06 23:10:18.454613656,Basico,,5.0,7.0,36.13,Uso medio,Adulto
11469,Sofia,Garcia,30.0,Bogotá,2023-02-07 05:44:36.369092276,Premium,,7.0,5.0,35.93000000000001,Uso medio,Adulto
11470,Sofia,Ramirez,50.0,MTY,2023-02-07 12:18:54.283570896,Premium,,4.0,7.0,72.93,Uso medio,Adulto
11471,Carlos,Garcia,22.0,GDL,2023-02-07 18:53:12.198049516,Premium,,6.0,6.0,23.7,Uso medio,Joven
11472,Sofia,Garcia,43.0,Medellín,2023-02-08 01:27:30.112528136,Basico,,6.0,6.0,32.06,Uso medio,Adulto
11473,Ana,Ramirez,30.0,,2023-02-08 08:01:48.027006752,Basico,,8.0,9.0,28.68,Uso medio,Adulto
11474,Mariana,Garcia,44.0,MTY,2023-02-08 14:36:05.941485372,Basico,,6.0,2.0,9.469999999999999,Uso medio,Adulto
11475,Sofia,Gomez,74.0,MTY,2023-02-08 21:10:23.855963992,Basico,,4.0,7.0,48.96,Uso medio,Adulto Mayor
11476,Mateo,Garcia,31.0,Bogotá,2023-02-09 03:44:41.770442612,Premium,,3.0,6.0,26.889999999999997,Uso medio,Adulto
11477,Sofia,Ramirez,41.0,Bogotá,2023-02-09 10:18:59.684921232,Basico,,5.0,6.0,28.580000000000002,Uso medio,Adulto
11478,Luis,Torres,20.0,GDL,2023-02-09 16:53:17.599399852,Premium,,4.0,3.0,3.6900000000000004,Bajo uso,Joven
11479,Ana,Garcia,64.0,Cali,2023-02-09 23:27:35.513878472,Premium,,2.0,5.0,12.84,Uso medio,Adulto Mayor
11480,Luis,Lopez,68.0,GDL,2023-02-10 06:01:53.428357092,Basico,,5.0,6.0,25.59,Uso medio,Adulto Mayor
11481,Luis,Gomez,48.0,Medellín,2023-02-10 12:36:11.342835712,Basico,,5.0,4.0,6.17,Uso medio,Adulto
11482,Mateo,Gomez,66.0,Bogotá,2023-02-10 19:10:29.257314332,Premium,,4.0,5.0,40.92,Uso medio,Adulto Mayor
11483,Ana,Lopez,47.0,Bogotá,2023-02-11 01:44:47.171792952,Basico,,4.0,5.0,22.56,Uso medio,Adulto
11484,Ana,Lopez,52.0,CDMX,2023-02-11 08:19:05.086271568,Premium,,5.0,9.0,41.31,Uso medio,Adulto
11485,Ana,Garcia,65.0,Medellín,2023-02-11 14:53:23.000750188,Basico,,6.0,6.0,14.709999999999999,Uso medio,Adulto Mayor
11486,Ana,Lopez,48.0,GDL,2023-02-11 21:27:40.915228808,Basico,"1,72506E+18",9.0,3.0,24.73,Uso medio,Adulto
11487,Ana,Torres,31.0,CDMX,2023-02-12 04:01:58.829707428,Basico,,3.0,5.0,27.570000000000004,Uso medio,Adulto
11488,Mateo,Ramirez,29.0,Bogotá,2023-02-12 10:36:16.744186048,Basico,,4.0,2.0,7.87,Bajo uso,Joven
11489,Sofia,Lopez,45.0,Medellín,2023-02-12 17:10:34.658664668,Premium,,8.0,4.0,20.86,Uso medio,Adulto
11490,Luis,Lopez,61.0,CDMX,2023-02-12 23:44:52.573143288,Basico,,5.0,3.0,18.22,Uso medio,Adulto Mayor
11491,Ana,Torres,46.0,CDMX,2023-02-13 06:19:10.487621908,Premium,"1,72333E+18",6.0,8.0,66.04,Uso medio,Adulto
11492,Sofia,Gomez,60.0,Cali,2023-02-13 12:53:28.402100528,Premium,"1,72351E+18",7.0,3.0,31.599999999999998,Uso medio,Adulto Mayor
11493,Sofia,Gomez,34.0,Cali,2023-02-13 19:27:46.316579148,Premium,,9.0,4.0,9.579999999999998,Uso medio,Adulto
11494,Luis,Garcia,57.0,GDL,2023-02-14 02:02:04.231057768,Basico,"1,72247E+18",2.0,4.0,13.350000000000001,Bajo uso,Adulto
11495,Mateo,Torres,66.0,Medellín,2023-02-14 08:36:22.145536388,Basico,,6.0,5.0,24.85,Uso medio,Adulto Mayor
11496,Carlos,Ramirez,38.0,Bogotá,2023-02-14 15:10:40.060015004,Basico,,5.0,2.0,12.49,Uso medio,Adulto
11497,Carlos,Ramirez,74.0,Medellín,2023-02-14 21:44:57.974493624,Basico,,5.0,4.0,29.25,Uso medio,Adulto Mayor
11498,Sofia,Torres,40.0,,2023-02-15 04:19:15.888972244,Premium,,1.0,2.0,13.879999999999999,Bajo uso,Adulto
11499,Mariana,Ramirez,37.0,CDMX,2023-02-15 10:53:33.803450864,Basico,"1,72238E+18",5.0,1.0,1.09,Uso medio,Adulto
11500,Mariana,Gomez,28.0,Cali,2023-02-15 17:27:51.717929484,Premium,,7.0,4.0,15.469999999999999,Uso medio,Joven
11501,Luis,Ramirez,74.0,Bogotá,2023-02-16 00:02:09.632408104,Basico,,5.0,5.0,9.64,Uso medio,Adulto Mayor
11502,Carlos,Ramirez,74.0,Bogotá,2023-02-16 06:36:27.546886724,Premium,,8.0,6.0,24.01,Uso medio,Adulto Mayor
11503,Sofia,Torres,51.0,Medellín,2023-02-16 13:10:45.461365344,Basico,"1,72567E+18",4.0,7.0,44.68,Uso medio,Adulto
11504,Mateo,Torres,27.0,,2023-02-16 19:45:03.375843964,Premium,"1,73388E+18",4.0,6.0,50.419999999999995,Uso medio,Joven
11505,Carlos,Ramirez,27.0,CDMX,2023-02-17 02:19:21.290322584,Premium,,9.0,9.0,42.62,Uso medio,Joven
11506,Sofia,Lopez,60.0,CDMX,2023-02-17 08:53:39.204801204,Basico,,6.0,4.0,20.439999999999998,Uso medio,Adulto Mayor
11507,Sofia,Torres,77.0,CDMX,2023-02-17 15:27:57.119279820,Basico,,7.0,6.0,43.410000000000004,Uso medio,Adulto Mayor
11508,Ana,Garcia,23.0,,2023-02-17 22:02:15.033758440,Premium,"1,73154E+18",2.0,5.0,43.65,Uso medio,Joven
11509,Mateo,Garcia,53.0,Medellín,2023-02-18 04:36:32.948237060,Basico,,5.0,3.0,4.39,Uso medio,Adulto
11510,Ana,Gomez,41.0,Medellín,2023-02-18 11:10:50.862715680,Basico,,6.0,5.0,17.37,Uso medio,Adulto
11511,Luis,Ramirez,29.0,CDMX,2023-02-18 17:45:08.777194300,Basico,,7.0,4.0,35.71,Uso medio,Joven
11512,Ana,Lopez,60.0,,2023-02-19 00:19:26.691672920,Premium,,5.0,5.0,32.13,Uso medio,Adulto Mayor
11513,Ana,Gomez,72.0,Cali,2023-02-19 06:53:44.606151540,Premium,,4.0,4.0,20.79,Bajo uso,Adulto Mayor
11514,Carlos,Ramirez,40.0,Medellín,2023-02-19 13:28:02.520630160,Premium,,6.0,3.0,11.9,Uso medio,Adulto
11515,Mariana,Torres,44.0,MTY,2023-02-19 20:02:20.435108780,Premium,,5.0,7.0,12.149999999999999,Uso medio,Adulto
11516,Sofia,Garcia,75.0,CDMX,2023-02-20 02:36:38.349587400,Premium,,7.0,3.0,7.380000000000001,Uso medio,Adulto Mayor
11517,Mateo,Lopez,74.0,Bogotá,2023-02-20 09:10:56.264066020,Basico,,6.0,2.0,18.53,Uso medio,Adulto Mayor
11518,Ana,Garcia,62.0,Medellín,2023-02-20 15:45:14.178544640,Basico,"1,71927E+18",6.0,5.0,24.11,Uso medio,Adulto Mayor
11519,Mateo,Torres,54.0,CDMX,2023-02-20 22:19:32.093023256,Basico,,7.0,9.0,29.069999999999997,Uso medio,Adulto
11520,Mariana,Ramirez,23.0,Medellín,2023-02-21 04:53:50.007501876,Premium,,8.0,3.0,15.879999999999999,Uso medio,Joven
11521,Mariana,Torres,18.0,GDL,2023-02-21 11:28:07.921980496,Premium,,6.0,6.0,28.979999999999997,Uso medio,Joven
11522,Ana,Torres,23.0,Cali,2023-02-21 18:02:25.836459116,Basico,,8.0,4.0,34.019999999999996,Uso medio,Joven
11523,Luis,Garcia,67.0,Bogotá,2023-02-22 00:36:43.750937736,Premium,,10.0,10.0,63.05,Alto uso,Adulto Mayor
11524,Ana,Lopez,39.0,CDMX,2023-02-22 07:11:01.665416360,Basico,"1,72956E+18",9.0,4.0,19.82,Uso medio,Adulto
11525,Carlos,Torres,58.0,Bogotá,2023-02-22 13:45:19.579894976,Premium,,4.0,6.0,22.009999999999998,Uso medio,Adulto
11526,Sofia,Garcia,41.0,MTY,2023-02-22 20:19:37.494373592,Basico,,6.0,4.0,21.720000000000002,Uso medio,Adulto
11527,Luis,Lopez,42.0,GDL,2023-02-23 02:53:55.408852216,Basico,,4.0,2.0,5.45,Bajo uso,Adulto
11528,Ana,Ramirez,78.0,Cali,2023-02-23 09:28:13.323330832,Basico,,2.0,2.0,4.16,Bajo uso,Adulto Mayor
11529,Mateo,Ramirez,32.0,CDMX,2023-02-23 16:02:31.237809456,Premium,,3.0,4.0,10.63,Bajo uso,Adulto
11530,Luis,Gomez,43.0,MTY,2023-02-23 22:36:49.152288072,Basico,,7.0,3.0,10.09,Uso medio,Adulto
11531,Luis,Garcia,25.0,CDMX,2023-02-24 05:11:07.066766696,Basico,,4.0,4.0,31.88,Bajo uso,Joven
11532,Ana,Lopez,68.0,CDMX,2023-02-24 11:45:24.981245312,Premium,"1,7293E+18",4.0,4.0,20.8,Bajo uso,Adulto Mayor
11533,Luis,Torres,41.0,GDL,2023-02-24 18:19:42.895723936,Premium,,4.0,4.0,15.850000000000001,Bajo uso,Adulto
11534,Mateo,Ramirez,65.0,CDMX,2023-02-25 00:54:00.810202552,Premium,,2.0,9.0,49.07,Uso medio,Adulto Mayor
11535,Mariana,Lopez,55.0,Bogotá,2023-02-25 07:28:18.724681176,Basico,,3.0,1.0,3.97,Bajo uso,Adulto
11536,Luis,Garcia,78.0,CDMX,2023-02-25 14:02:36.639159792,Premium,,9.0,6.0,37.82,Uso medio,Adulto Mayor
11537,Mariana,Gomez,23.0,Medellín,2023-02-25 20:36:54.553638408,Basico,,5.0,5.0,15.49,Uso medio,Joven
11538,Mateo,Ramirez,71.0,CDMX,2023-02-26 03:11:12.468117032,Premium,,4.0,8.0,35.67999999999999,Uso medio,Adulto Mayor
11539,Ana,Lopez,52.0,CDMX,2023-02-26 09:45:30.382595648,Premium,,7.0,3.0,9.280000000000001,Uso medio,Adulto
11540,Sofia,Lopez,59.0,MTY,2023-02-26 16:19:48.297074272,Basico,,7.0,1.0,0.7,Uso medio,Adulto
11541,Luis,Lopez,18.0,,2023-02-26 22:54:06.211552888,Basico,,3.0,5.0,18.91,Uso medio,Joven
11542,Sofia,Garcia,77.0,Medellín,2023-02-27 05:28:24.126031512,Premium,,6.0,2.0,6.76,Uso medio,Adulto Mayor
11543,Mateo,Garcia,63.0,Cali,2023-02-27 12:02:42.040510128,Basico,,7.0,4.0,11.73,Uso medio,Adulto Mayor
11544,Luis,Garcia,53.0,CDMX,2023-02-27 18:36:59.954988752,Premium,,7.0,6.0,28.86,Uso medio,Adulto
11545,Mariana,Torres,75.0,Cali,2023-02-28 01:11:17.869467368,Basico,,6.0,5.0,21.84,Uso medio,Adulto Mayor
11546,Carlos,Lopez,29.0,CDMX,2023-02-28 07:45:35.783945992,Basico,,5.0,1.0,2.4,Uso medio,Joven
11547,Sofia,Ramirez,55.0,GDL,2023-02-28 14:19:53.698424608,Basico,,6.0,5.0,31.91,Uso medio,Adulto
11548,Luis,Garcia,28.0,Medellín,2023-02-28 20:54:11.612903224,Premium,"1,7178E+18",7.0,5.0,7.5600000000000005,Uso medio,Joven
11549,Sofia,Garcia,29.0,MTY,2023-03-01 03:28:29.527381848,Basico,,4.0,5.0,28.409999999999997,Uso medio,Joven
11550,Luis,Lopez,59.0,,2023-03-01 10:02:47.441860464,Premium,,1.0,6.0,41.95,Uso medio,Adulto
11551,Ana,Garcia,67.0,CDMX,2023-03-01 16:37:05.356339088,Basico,,9.0,6.0,30.5,Uso medio,Adulto Mayor
11552,Mariana,Torres,56.0,,2023-03-01 23:11:23.270817704,Premium,,5.0,3.0,23.380000000000003,Uso medio,Adulto
11553,Sofia,Torres,24.0,Medellín,2023-03-02 05:45:41.185296328,Basico,,4.0,3.0,23.8,Bajo uso,Joven
11554,Carlos,Garcia,28.0,Bogotá,2023-03-02 12:19:59.099774944,Basico,,4.0,2.0,5.76,Bajo uso,Joven
11555,Carlos,Lopez,53.0,CDMX,2023-03-02 18:54:17.014253568,Premium,"1,72748E+18",10.0,7.0,41.160000000000004,Alto uso,Adulto
11556,Mateo,Lopez,69.0,GDL,2023-03-03 01:28:34.928732184,Basico,,6.0,3.0,14.0,Uso medio,Adulto Mayor
11557,Luis,Lopez,48.0,,2023-03-03 08:02:52.843210808,Basico,,7.0,2.0,12.66,Uso medio,Adulto
11558,Sofia,Gomez,50.0,MTY,2023-03-03 14:37:10.757689424,Premium,,8.0,3.0,18.110000000000003,Uso medio,Adulto
11559,Mateo,Garcia,30.0,Medellín,2023-03-03 21:11:28.672168048,Basico,,1.0,3.0,21.98,Bajo uso,Adulto
11560,Sofia,Lopez,35.0,,2023-03-04 03:45:46.586646664,Basico,,6.0,4.0,24.229999999999997,Uso medio,Adulto
11561,Luis,Torres,58.0,GDL,2023-03-04 10:20:04.501125280,Basico,,9.0,4.0,34.0,Uso medio,Adulto
11562,Carlos,Ramirez,75.0,Bogotá,2023-03-04 16:54:22.415603904,Basico,,9.0,4.0,25.18,Uso medio,Adulto Mayor
11563,Ana,Ramirez,73.0,Medellín,2023-03-04 23:28:40.330082520,Basico,,8.0,4.0,28.92,Uso medio,Adulto Mayor
11564,Carlos,Lopez,41.0,CDMX,2023-03-05 06:02:58.244561144,Basico,,8.0,11.0,30.169999999999998,Alto uso,Adulto
11565,Mateo,Ramirez,26.0,CDMX,2023-03-05 12:37:16.159039760,Premium,,5.0,3.0,18.259999999999998,Uso medio,Joven
11566,Mariana,Ramirez,48.0,Bogotá,2023-03-05 19:11:34.073518384,Basico,,8.0,2.0,5.65,Uso medio,Adulto
11567,Ana,Gomez,72.0,MTY,2023-03-06 01:45:51.987997000,Premium,,7.0,4.0,14.669999999999998,Uso medio,Adulto Mayor
11568,Mateo,Torres,78.0,Medellín,2023-03-06 08:20:09.902475624,Basico,,5.0,5.0,13.21,Uso medio,Adulto Mayor
11569,Luis,Torres,58.0,CDMX,2023-03-06 14:54:27.816954240,Basico,,3.0,1.0,3.47,Bajo uso,Adulto
11570,Ana,Gomez,27.0,,2023-03-06 21:28:45.731432864,Basico,,3.0,3.0,5.42,Bajo uso,Joven
11571,Mateo,Gomez,77.0,CDMX,2023-03-07 04:03:03.645911480,Premium,,3.0,2.0,22.82,Bajo uso,Adulto Mayor
11572,Luis,Ramirez,19.0,Medellín,2023-03-07 10:37:21.560390096,Basico,,3.0,2.0,23.43,Bajo uso,Joven
11573,Carlos,Garcia,55.0,Bogotá,2023-03-07 17:11:39.474868720,Premium,,3.0,4.0,6.63,Bajo uso,Adulto
11574,Mariana,Ramirez,32.0,CDMX,2023-03-07 23:45:57.389347336,Basico,,4.0,3.0,12.88,Bajo uso,Adulto
11575,Luis,Gomez,20.0,CDMX,2023-03-08 06:20:15.303825960,Premium,,10.0,3.0,7.26,Alto uso,Joven
11576,Sofia,Torres,60.0,Cali,2023-03-08 12:54:33.218304576,Basico,"1,7261E+18",7.0,4.0,13.66,Uso medio,Adulto Mayor
11577,Luis,Ramirez,48.0,,2023-03-08 19:28:51.132783200,Basico,"1,72498E+18",9.0,6.0,24.509999999999998,Uso medio,Adulto
11578,Luis,Garcia,23.0,GDL,2023-03-09 02:03:09.047261816,Basico,,4.0,0.0,0.0,Bajo uso,Joven
11579,Mariana,Ramirez,20.0,Bogotá,2023-03-09 08:37:26.961740440,Basico,,6.0,0.0,0.0,Uso medio,Joven
11580,Sofia,Lopez,73.0,MTY,2023-03-09 15:11:44.876219056,Basico,,6.0,5.0,17.34,Uso medio,Adulto Mayor
11581,Mateo,Ramirez,48.0,CDMX,2023-03-09 21:46:02.790697680,Basico,,5.0,4.0,13.709999999999999,Uso medio,Adulto
11582,Mateo,Gomez,28.0,Medellín,2023-03-10 04:20:20.705176296,Premium,,3.0,2.0,13.02,Bajo uso,Joven
11583,Luis,Torres,32.0,Cali,2023-03-10 10:54:38.619654912,Basico,,5.0,4.0,10.18,Uso medio,Adulto
11584,Sofia,Torres,62.0,MTY,2023-03-10 17:28:56.534133536,Basico,,5.0,6.0,52.92,Uso medio,Adulto Mayor
11585,Sofia,Gomez,69.0,,2023-03-11 00:03:14.448612152,Basico,,4.0,3.0,20.709999999999997,Bajo uso,Adulto Mayor
11586,Mariana,Lopez,45.0,CDMX,2023-03-11 06:37:32.363090776,Basico,,5.0,5.0,32.690000000000005,Uso medio,Adulto
11587,Carlos,Gomez,27.0,Medellín,2023-03-11 13:11:50.277569392,Basico,,7.0,1.0,6.67,Uso medio,Joven
11588,Mateo,Ramirez,55.0,Bogotá,2023-03-11 19:46:08.192048016,Basico,,4.0,3.0,4.59,Bajo uso,Adulto
11589,Mariana,Gomez,64.0,Bogotá,2023-03-12 02:20:26.106526632,Premium,,3.0,4.0,136.54999999999998,Bajo uso,Adulto Mayor
11590,Ana,Gomez,74.0,Bogotá,2023-03-12 08:54:44.021005256,Basico,,7.0,4.0,18.049999999999997,Uso medio,Adulto Mayor
11591,Mateo,Lopez,67.0,GDL,2023-03-12 15:29:01.935483872,Basico,,9.0,5.0,18.119999999999997,Uso medio,Adulto Mayor
11592,Mariana,Ramirez,67.0,Medellín,2023-03-12 22:03:19.849962496,Basico,,8.0,5.0,38.8,Uso medio,Adulto Mayor
11593,Mateo,Garcia,24.0,Medellín,2023-03-13 04:37:37.764441112,Basico,,4.0,3.0,14.299999999999999,Bajo uso,Joven
11594,Carlos,Garcia,32.0,GDL,2023-03-13 11:11:55.678919736,Basico,,4.0,3.0,2.25,Bajo uso,Adulto
11595,Ana,Torres,35.0,Cali,2023-03-13 17:46:13.593398352,Basico,,10.0,0.0,0.0,Alto uso,Adulto
11596,Carlos,Gomez,35.0,MTY,2023-03-14 00:20:31.507876968,Basico,,6.0,2.0,19.259999999999998,Uso medio,Adulto
11597,Ana,Torres,69.0,Medellín,2023-03-14 06:54:49.422355592,Basico,"1,72256E+18",9.0,3.0,17.78,Uso medio,Adulto Mayor
11598,Luis,Lopez,58.0,CDMX,2023-03-14 13:29:07.336834208,Premium,,8.0,2.0,3.61,Uso medio,Adulto
11599,Mariana,Garcia,41.0,CDMX,2023-03-14 20:03:25.251312832,Basico,,1.0,3.0,29.2,Bajo uso,Adulto
11600,Ana,Gomez,19.0,MTY,2023-03-15 02:37:43.165791448,Basico,,5.0,8.0,31.330000000000002,Uso medio,Joven
11601,Carlos,Lopez,57.0,Bogotá,2023-03-15 09:12:01.080270072,Basico,,6.0,5.0,27.450000000000003,Uso medio,Adulto
11602,Mateo,Lopez,37.0,Medellín,2023-03-15 15:46:18.994748688,Basico,,5.0,2.0,18.580000000000002,Uso medio,Adulto
11603,Ana,Gomez,51.0,MTY,2023-03-15 22:20:36.909227312,Premium,,9.0,4.0,21.89,Uso medio,Adulto
11604,Mariana,Lopez,60.0,CDMX,2023-03-16 04:54:54.823705928,Basico,,5.0,5.0,35.29,Uso medio,Adulto Mayor
11605,Ana,Gomez,43.0,MTY,2023-03-16 11:29:12.738184552,Basico,,4.0,3.0,3.2800000000000002,Bajo uso,Adulto
11606,Sofia,Gomez,24.0,Medellín,2023-03-16 18:03:30.652663168,Premium,,3.0,3.0,10.719999999999999,Bajo uso,Joven
11607,Mateo,Ramirez,55.0,Medellín,2023-03-17 00:37:48.567141784,Basico,,4.0,5.0,26.189999999999998,Uso medio,Adulto
11608,Mariana,Torres,47.0,CDMX,2023-03-17 07:12:06.481620408,Premium,,7.0,1.0,7.29,Uso medio,Adulto
11609,Mariana,Lopez,59.0,CDMX,2023-03-17 13:46:24.396099024,Premium,,2.0,5.0,18.26,Uso medio,Adulto
11610,Luis,Lopez,22.0,Cali,2023-03-17 20:20:42.310577648,Basico,,5.0,3.0,12.850000000000001,Uso medio,Joven
11611,Carlos,Ramirez,28.0,CDMX,2023-03-18 02:55:00.225056264,Basico,,3.0,3.0,16.53,Bajo uso,Joven
11612,Luis,Ramirez,18.0,CDMX,2023-03-18 09:29:18.139534888,Basico,,3.0,3.0,8.44,Bajo uso,Joven
11613,Mariana,Ramirez,51.0,CDMX,2023-03-18 16:03:36.054013504,Basico,,3.0,3.0,4.94,Bajo uso,Adulto
11614,Mateo,Garcia,73.0,Bogotá,2023-03-18 22:37:53.968492128,Basico,,5.0,11.0,41.8,Alto uso,Adulto Mayor
11615,Ana,Garcia,18.0,Bogotá,2023-03-19 05:12:11.882970744,Basico,"1,73301E+18",4.0,3.0,11.82,Bajo uso,Joven
11616,Ana,Garcia,36.0,Medellín,2023-03-19 11:46:29.797449368,Premium,,6.0,4.0,17.869999999999997,Uso medio,Adulto
11617,Mateo,Gomez,19.0,GDL,2023-03-19 18:20:47.711927984,Basico,"1,72204E+18",6.0,5.0,10.16,Uso medio,Joven
11618,Mariana,Lopez,38.0,Medellín,2023-03-20 00:55:05.626406600,Premium,,4.0,8.0,36.76,Uso medio,Adulto
11619,Ana,Torres,37.0,CDMX,2023-03-20 07:29:23.540885224,Premium,"1,73059E+18",7.0,4.0,10.149999999999999,Uso medio,Adulto
11620,Ana,Gomez,78.0,Cali,2023-03-20 14:03:41.455363840,Premium,"1,72696E+18",10.0,3.0,17.909999999999997,Alto uso,Adulto Mayor
11621,Ana,Lopez,40.0,Bogotá,2023-03-20 20:37:59.369842464,Basico,,8.0,2.0,2.87,Uso medio,Adulto
11622,Carlos,Lopez,38.0,Bogotá,2023-03-21 03:12:17.284321080,Basico,,7.0,8.0,34.709999999999994,Uso medio,Adulto
11623,Carlos,Ramirez,41.0,GDL,2023-03-21 09:46:35.198799704,Premium,,4.0,5.0,15.3,Uso medio,Adulto
11624,Sofia,Ramirez,21.0,CDMX,2023-03-21 16:20:53.113278320,Premium,,4.0,6.0,49.06,Uso medio,Joven
11625,Luis,Gomez,48.0,Bogotá,2023-03-21 22:55:11.027756944,Premium,,5.0,6.0,32.62,Uso medio,Adulto
11626,Mateo,Ramirez,29.0,Medellín,2023-03-22 05:29:28.942235560,Premium,,9.0,7.0,30.509999999999998,Uso medio,Joven
11627,Mateo,Lopez,39.0,CDMX,,Basico,,7.0,2.0,20.02,Uso medio,Adulto
11628,Mateo,Ramirez,37.0,,2023-03-22 18:38:04.771192800,Basico,,4.0,4.0,10.84,Bajo uso,Adulto
11629,Sofia,Garcia,35.0,,2023-03-23 01:12:22.685671424,Basico,,8.0,5.0,23.630000000000003,Uso medio,Adulto
11630,Carlos,Ramirez,18.0,Bogotá,2023-03-23 07:46:40.600150040,Basico,,3.0,2.0,1.42,Bajo uso,Joven
11631,Mariana,Lopez,47.0,,2023-03-23 14:20:58.514628656,Basico,,5.0,3.0,20.95,Uso medio,Adulto
11632,Mariana,Gomez,79.0,CDMX,2023-03-23 20:55:16.429107280,Premium,,6.0,8.0,36.61,Uso medio,Adulto Mayor
11633,Sofia,Torres,50.0,CDMX,2023-03-24 03:29:34.343585896,Premium,,4.0,3.0,19.779999999999998,Bajo uso,Adulto
11634,Mariana,Ramirez,41.0,CDMX,2023-03-24 10:03:52.258064520,Premium,,9.0,4.0,30.99,Uso medio,Adulto
11635,Mateo,Lopez,31.0,Bogotá,2023-03-24 16:38:10.172543136,Basico,"1,72428E+18",4.0,5.0,39.91,Uso medio,Adulto
11636,Luis,Torres,53.0,CDMX,2023-03-24 23:12:28.087021760,Basico,"1,72895E+18",6.0,8.0,34.67,Uso medio,Adulto
11637,Ana,Torres,22.0,,2023-03-25 05:46:46.001500376,Premium,,5.0,5.0,13.11,Uso medio,Joven
11638,Carlos,Garcia,28.0,CDMX,2023-03-25 12:21:03.915979000,Basico,,9.0,10.0,60.49000000000001,Alto uso,Joven
11639,Carlos,Torres,41.0,MTY,2023-03-25 18:55:21.830457616,Basico,,3.0,5.0,23.59,Uso medio,Adulto
11640,Sofia,Lopez,77.0,Cali,2023-03-26 01:29:39.744936240,Basico,,10.0,3.0,12.850000000000001,Alto uso,Adulto Mayor
11641,Carlos,Lopez,48.0,GDL,2023-03-26 08:03:57.659414856,Basico,,7.0,5.0,17.99,Uso medio,Adulto
11642,Mateo,Ramirez,72.0,GDL,2023-03-26 14:38:15.573893472,Basico,,6.0,7.0,46.160000000000004,Uso medio,Adulto Mayor
11643,Mariana,Ramirez,30.0,Medellín,2023-03-26 21:12:33.488372096,Premium,,4.0,4.0,18.09,Bajo uso,Adulto
11644,Mateo,Ramirez,33.0,GDL,2023-03-27 03:46:51.402850712,Premium,"1,72852E+18",5.0,5.0,12.79,Uso medio,Adulto
11645,Sofia,Torres,41.0,GDL,2023-03-27 10:21:09.317329336,Premium,,7.0,3.0,8.42,Uso medio,Adulto
11646,Mateo,Torres,30.0,GDL,2023-03-27 16:55:27.231807952,Basico,,7.0,2.0,32.93,Uso medio,Adulto
11647,Mariana,Garcia,41.0,Bogotá,2023-03-27 23:29:45.146286576,Premium,,8.0,3.0,39.45,Uso medio,Adulto
11648,Luis,Ramirez,71.0,,2023-03-28 06:04:03.060765192,Premium,"1,72031E+18",5.0,4.0,19.32,Uso medio,Adulto Mayor
11649,Sofia,Gomez,43.0,Cali,2023-03-28 12:38:20.975243816,Premium,,6.0,5.0,24.04,Uso medio,Adulto
11650,Luis,Garcia,19.0,GDL,2023-03-28 19:12:38.889722432,Premium,,6.0,4.0,17.36,Uso medio,Joven
11651,Ana,Gomez,33.0,MTY,2023-03-29 01:46:56.804201056,Premium,,5.0,3.0,12.23,Uso medio,Adulto
11652,Luis,Torres,55.0,Bogotá,2023-03-29 08:21:14.718679672,Basico,,4.0,3.0,4.11,Bajo uso,Adulto
11653,Ana,Garcia,63.0,,2023-03-29 14:55:32.633158288,Premium,,7.0,6.0,30.46,Uso medio,Adulto Mayor
11654,Ana,Garcia,18.0,CDMX,2023-03-29 21:29:50.547636912,Basico,,7.0,3.0,18.880000000000003,Uso medio,Joven
11655,Luis,Lopez,66.0,MTY,2023-03-30 04:04:08.462115528,Basico,,4.0,6.0,8.930000000000001,Uso medio,Adulto Mayor
11656,Sofia,Torres,28.0,Medellín,2023-03-30 10:38:26.376594152,Premium,,2.0,3.0,8.42,Bajo uso,Joven
11657,Mariana,Torres,68.0,,2023-03-30 17:12:44.291072768,Basico,,1.0,3.0,28.2,Bajo uso,Adulto Mayor
11658,Mateo,Garcia,52.0,CDMX,2023-03-30 23:47:02.205551392,Basico,,7.0,2.0,4.45,Uso medio,Adulto
11659,Mateo,Torres,60.0,GDL,2023-03-31 06:21:20.120030008,Premium,,7.0,5.0,24.86,Uso medio,Adulto Mayor
11660,Mariana,Garcia,46.0,GDL,2023-03-31 12:55:38.034508632,Premium,,5.0,3.0,6.75,Uso medio,Adulto
11661,Ana,Lopez,54.0,CDMX,2023-03-31 19:29:55.948987248,Basico,,11.0,4.0,25.490000000000002,Alto uso,Adulto
11662,Ana,Garcia,34.0,Medellín,2023-04-01 02:04:13.863465872,Premium,,1.0,3.0,13.61,Bajo uso,Adulto
11663,Sofia,Torres,75.0,Medellín,2023-04-01 08:38:31.777944488,Basico,,3.0,0.0,0.0,Bajo uso,Adulto Mayor
11664,Carlos,Torres,71.0,Medellín,2023-04-01 15:12:49.692423104,Basico,,9.0,3.0,23.7,Uso medio,Adulto Mayor
11665,Luis,Garcia,56.0,CDMX,2023-04-01 21:47:07.606901728,Basico,,7.0,4.0,30.880000000000003,Uso medio,Adulto
11666,Ana,Garcia,59.0,CDMX,2023-04-02 04:21:25.521380344,Basico,,6.0,4.0,23.84,Uso medio,Adulto
11667,Mateo,Garcia,45.0,GDL,2023-04-02 10:55:43.435858968,Basico,,8.0,4.0,26.889999999999997,Uso medio,Adulto
11668,Sofia,Ramirez,46.0,GDL,2023-04-02 17:30:01.350337584,Basico,,8.0,10.0,46.14999999999999,Alto uso,Adulto
11669,Luis,Torres,60.0,Cali,2023-04-03 00:04:19.264816208,Premium,,5.0,5.0,20.44,Uso medio,Adulto Mayor
11670,Sofia,Torres,20.0,CDMX,2023-04-03 06:38:37.179294824,Premium,"1,72109E+18",6.0,4.0,9.95,Uso medio,Joven
11671,Luis,Ramirez,69.0,CDMX,2023-04-03 13:12:55.093773448,Premium,,8.0,3.0,11.74,Uso medio,Adulto Mayor
11672,Luis,Garcia,27.0,MTY,2023-04-03 19:47:13.008252064,Premium,,3.0,4.0,11.399999999999999,Bajo uso,Joven
11673,Mariana,Lopez,76.0,Bogotá,2023-04-04 02:21:30.922730688,Basico,"1,72817E+18",4.0,3.0,22.0,Bajo uso,Adulto Mayor
11674,Ana,Garcia,59.0,Bogotá,2023-04-04 08:55:48.837209304,Premium,,4.0,7.0,35.290000000000006,Uso medio,Adulto
11675,Sofia,Garcia,31.0,Cali,2023-04-04 15:30:06.751687928,Premium,,7.0,3.0,17.16,Uso medio,Adulto
11676,Sofia,Ramirez,29.0,CDMX,2023-04-04 22:04:24.666166544,Basico,,4.0,4.0,12.97,Bajo uso,Joven
11677,Mariana,Torres,64.0,Medellín,2023-04-05 04:38:42.580645160,Basico,,10.0,4.0,7.040000000000001,Alto uso,Adulto Mayor
11678,Mateo,Garcia,59.0,MTY,2023-04-05 11:13:00.495123784,Premium,,8.0,10.0,44.24,Alto uso,Adulto
11679,Mateo,Torres,47.0,MTY,,Premium,,9.0,6.0,14.239999999999998,Uso medio,Adulto
11680,Ana,Gomez,49.0,,2023-04-06 00:21:36.324081024,Premium,,2.0,3.0,48.49,Bajo uso,Adulto
11681,Ana,Torres,49.0,GDL,2023-04-06 06:55:54.238559640,Basico,"1,72938E+18",4.0,4.0,30.54,Bajo uso,Adulto
11682,Carlos,Lopez,59.0,Medellín,2023-04-06 13:30:12.153038264,Basico,,5.0,4.0,11.95,Uso medio,Adulto
11683,Mariana,Lopez,49.0,GDL,2023-04-06 20:04:30.067516880,Basico,"1,72092E+18",4.0,5.0,43.37,Uso medio,Adulto
11684,Mateo,Garcia,43.0,Bogotá,2023-04-07 02:38:47.981995504,Basico,,9.0,3.0,9.86,Uso medio,Adulto
11685,Luis,Torres,68.0,Cali,2023-04-07 09:13:05.896474120,Basico,,10.0,3.0,11.93,Alto uso,Adulto Mayor
11686,Sofia,Garcia,18.0,,2023-04-07 15:47:23.810952744,Basico,,4.0,5.0,23.67,Uso medio,Joven
11687,Ana,Ramirez,73.0,Cali,2023-04-07 22:21:41.725431360,Basico,,3.0,7.0,30.880000000000003,Uso medio,Adulto Mayor
11688,Sofia,Lopez,78.0,Bogotá,2023-04-08 04:55:59.639909976,Premium,,8.0,7.0,48.269999999999996,Uso medio,Adulto Mayor
11689,Sofia,Garcia,75.0,GDL,2023-04-08 11:30:17.554388600,Basico,,4.0,5.0,17.43,Uso medio,Adulto Mayor
11690,Carlos,Ramirez,59.0,Medellín,2023-04-08 18:04:35.468867216,Basico,,7.0,8.0,19.02,Uso medio,Adulto
11691,Mateo,Garcia,19.0,Medellín,2023-04-09 00:38:53.383345840,Premium,,9.0,8.0,33.44,Uso medio,Joven
11692,Ana,Torres,34.0,CDMX,2023-04-09 07:13:11.297824456,Premium,,8.0,1.0,3.15,Uso medio,Adulto
11693,Sofia,Torres,47.0,Bogotá,2023-04-09 13:47:29.212303080,Basico,"1,7248E+18",6.0,2.0,6.4,Uso medio,Adulto
11694,Ana,Torres,73.0,Cali,2023-04-09 20:21:47.126781696,Basico,,2.0,5.0,27.46,Uso medio,Adulto Mayor
11695,Luis,Torres,56.0,Bogotá,2023-04-10 02:56:05.041260320,Premium,,5.0,7.0,22.65,Uso medio,Adulto
11696,Carlos,Gomez,24.0,MTY,2023-04-10 09:30:22.955738936,Basico,,7.0,3.0,3.17,Uso medio,Joven
11697,Luis,Ramirez,69.0,,2023-04-10 16:04:40.870217560,Premium,,8.0,5.0,17.349999999999998,Uso medio,Adulto Mayor
11698,Ana,Ramirez,44.0,CDMX,2023-04-10 22:38:58.784696176,Basico,"1,73491E+18",8.0,3.0,14.2,Uso medio,Adulto
11699,Ana,Torres,26.0,GDL,2023-04-11 05:13:16.699174792,Basico,,5.0,4.0,8.729999999999999,Uso medio,Joven
11700,Mateo,Gomez,39.0,Medellín,2023-04-11 11:47:34.613653416,Premium,,6.0,7.0,42.83,Uso medio,Adulto
11701,Sofia,Torres,51.0,MTY,2023-04-11 18:21:52.528132032,Premium,"1,71971E+18",6.0,6.0,24.840000000000003,Uso medio,Adulto
11702,Sofia,Gomez,63.0,Medellín,2023-04-12 00:56:10.442610656,Basico,,9.0,2.0,3.8200000000000003,Uso medio,Adulto Mayor
11703,Luis,Torres,66.0,CDMX,2023-04-12 07:30:28.357089272,Basico,"1,72921E+18",6.0,7.0,22.25,Uso medio,Adulto Mayor
11704,Carlos,Lopez,18.0,GDL,2023-04-12 14:04:46.271567896,Premium,,5.0,3.0,10.26,Uso medio,Joven
11705,Mariana,Lopez,26.0,CDMX,2023-04-12 20:39:04.186046512,Basico,,5.0,4.0,20.89,Uso medio,Joven
11706,Sofia,Garcia,37.0,,2023-04-13 03:13:22.100525136,Basico,,3.0,2.0,7.59,Bajo uso,Adulto
11707,Mateo,Torres,70.0,Bogotá,2023-04-13 09:47:40.015003752,Premium,,8.0,3.0,9.75,Uso medio,Adulto Mayor
11708,Luis,Ramirez,36.0,MTY,2023-04-13 16:21:57.929482376,Basico,,5.0,3.0,15.68,Uso medio,Adulto
11709,Luis,Garcia,53.0,CDMX,2023-04-13 22:56:15.843960992,Premium,,8.0,7.0,32.93,Uso medio,Adulto
11710,Mariana,Lopez,77.0,CDMX,2023-04-14 05:30:33.758439616,Premium,,3.0,6.0,44.629999999999995,Uso medio,Adulto Mayor
11711,Mateo,Torres,57.0,Bogotá,2023-04-14 12:04:51.672918232,Basico,,11.0,8.0,50.96,Alto uso,Adulto
11712,Carlos,Garcia,62.0,CDMX,2023-04-14 18:39:09.587396848,Basico,,6.0,2.0,9.92,Uso medio,Adulto Mayor
11713,Mateo,Torres,21.0,Bogotá,2023-04-15 01:13:27.501875472,Premium,,10.0,9.0,69.36,Alto uso,Joven
11714,Carlos,Lopez,26.0,Bogotá,2023-04-15 07:47:45.416354088,Basico,,1.0,2.0,10.32,Bajo uso,Joven
11715,Mateo,Garcia,58.0,Cali,2023-04-15 14:22:03.330832712,Basico,,7.0,5.0,20.119999999999997,Uso medio,Adulto
11716,Mateo,Lopez,39.0,Medellín,2023-04-15 20:56:21.245311328,Premium,,5.0,2.0,11.84,Uso medio,Adulto
11717,Ana,Gomez,35.0,Bogotá,2023-04-16 03:30:39.159789952,Premium,,4.0,4.0,34.99,Bajo uso,Adulto
11718,Luis,Lopez,29.0,GDL,2023-04-16 10:04:57.074268568,Premium,,2.0,3.0,32.29,Bajo uso,Joven
11719,Mateo,Torres,59.0,Medellín,2023-04-16 16:39:14.988747192,Basico,,7.0,3.0,10.57,Uso medio,Adulto
11720,Mariana,Ramirez,60.0,Medellín,2023-04-16 23:13:32.903225808,Basico,,7.0,2.0,22.73,Uso medio,Adulto Mayor
11721,Mateo,Lopez,56.0,CDMX,2023-04-17 05:47:50.817704432,Basico,,9.0,2.0,10.69,Uso medio,Adulto
11722,Sofia,Ramirez,26.0,,,Premium,"1,71763E+18",3.0,1.0,5.68,Bajo uso,Joven
11723,Luis,Gomez,23.0,CDMX,2023-04-17 18:56:26.646661664,Basico,,2.0,2.0,13.54,Bajo uso,Joven
11724,Sofia,Garcia,36.0,CDMX,2023-04-18 01:30:44.561140288,Basico,,4.0,5.0,18.310000000000002,Uso medio,Adulto
11725,Luis,Garcia,65.0,GDL,2023-04-18 08:05:02.475618904,Basico,,5.0,4.0,33.6,Uso medio,Adulto Mayor
11726,Sofia,Ramirez,79.0,,2023-04-18 14:39:20.390097528,Basico,,6.0,4.0,16.220000000000002,Uso medio,Adulto Mayor
11727,Mateo,Garcia,64.0,Bogotá,2023-04-18 21:13:38.304576144,Basico,,7.0,5.0,133.1,Uso medio,Adulto Mayor
11728,Mateo,Lopez,24.0,Cali,2023-04-19 03:47:56.219054768,Basico,,7.0,6.0,30.330000000000005,Uso medio,Joven
11729,Ana,Ramirez,33.0,GDL,2023-04-19 10:22:14.133533384,Premium,,9.0,5.0,15.55,Uso medio,Adulto
11730,Mariana,Torres,22.0,Bogotá,2023-04-19 16:56:32.048012008,Basico,,5.0,3.0,29.689999999999998,Uso medio,Joven
11731,Sofia,Lopez,33.0,MTY,2023-04-19 23:30:49.962490624,Premium,,3.0,5.0,23.89,Uso medio,Adulto
11732,Carlos,Lopez,18.0,Cali,2023-04-20 06:05:07.876969248,Premium,,3.0,5.0,33.01,Uso medio,Joven
11733,Ana,Lopez,68.0,CDMX,2023-04-20 12:39:25.791447864,Basico,,8.0,5.0,19.449999999999996,Uso medio,Adulto Mayor
11734,Sofia,Torres,54.0,GDL,2023-04-20 19:13:43.705926480,Basico,,4.0,5.0,41.01,Uso medio,Adulto
11735,Sofia,Gomez,56.0,CDMX,2023-04-21 01:48:01.620405104,Basico,,9.0,5.0,25.310000000000002,Uso medio,Adulto
11736,Ana,Garcia,36.0,,,Premium,,7.0,3.0,5.22,Uso medio,Adulto
11737,Mateo,Ramirez,71.0,Bogotá,,Basico,,4.0,4.0,28.51,Bajo uso,Adulto Mayor
11738,Sofia,Gomez,54.0,Bogotá,2023-04-21 21:30:55.363840960,Premium,,3.0,3.0,4.32,Bajo uso,Adulto
11739,Mateo,Ramirez,78.0,Bogotá,2023-04-22 04:05:13.278319584,Premium,,2.0,9.0,61.31,Uso medio,Adulto Mayor
11740,Ana,Garcia,34.0,,2023-04-22 10:39:31.192798200,Premium,"1,73491E+18",4.0,6.0,21.36,Uso medio,Adulto
11741,Mateo,Torres,43.0,,2023-04-22 17:13:49.107276824,Basico,,2.0,9.0,42.38999999999999,Uso medio,Adulto
11742,Luis,Lopez,39.0,Medellín,2023-04-22 23:48:07.021755440,Premium,,7.0,2.0,14.86,Uso medio,Adulto
11743,Carlos,Lopez,79.0,GDL,2023-04-23 06:22:24.936234064,Premium,,7.0,3.0,23.720000000000002,Uso medio,Adulto Mayor
11744,Sofia,Torres,25.0,CDMX,2023-04-23 12:56:42.850712680,Basico,,4.0,5.0,32.5,Uso medio,Joven
11745,Mariana,Gomez,78.0,,2023-04-23 19:31:00.765191304,Basico,,4.0,4.0,9.39,Bajo uso,Adulto Mayor
11746,Carlos,Gomez,78.0,Bogotá,2023-04-24 02:05:18.679669920,Basico,,8.0,6.0,51.44,Uso medio,Adulto Mayor
11747,Mateo,Ramirez,50.0,GDL,2023-04-24 08:39:36.594148536,Basico,,5.0,3.0,9.34,Uso medio,Adulto
11748,Sofia,Torres,19.0,Bogotá,2023-04-24 15:13:54.508627160,Premium,,6.0,6.0,43.879999999999995,Uso medio,Joven
11749,Mateo,Gomez,47.0,,2023-04-24 21:48:12.423105776,Basico,,5.0,3.0,21.88,Uso medio,Adulto
11750,Luis,Torres,64.0,MTY,2023-04-25 04:22:30.337584400,Premium,,2.0,2.0,5.8,Bajo uso,Adulto Mayor
11751,Ana,Garcia,37.0,Bogotá,2023-04-25 10:56:48.252063016,Premium,,11.0,8.0,45.17,Alto uso,Adulto
11752,Sofia,Lopez,77.0,Cali,2023-04-25 17:31:06.166541640,Premium,,6.0,4.0,18.220000000000002,Uso medio,Adulto Mayor
11753,Luis,Lopez,35.0,Bogotá,2023-04-26 00:05:24.081020256,Basico,,3.0,8.0,24.95,Uso medio,Adulto
11754,Luis,Lopez,60.0,GDL,2023-04-26 06:39:41.995498880,Basico,,4.0,3.0,46.49,Bajo uso,Adulto Mayor
11755,Sofia,Torres,74.0,,2023-04-26 13:13:59.909977496,Premium,,6.0,1.0,16.87,Uso medio,Adulto Mayor
11756,Mateo,Torres,27.0,,2023-04-26 19:48:17.824456120,Basico,,8.0,7.0,25.860000000000003,Uso medio,Joven
11757,Mariana,Ramirez,41.0,Cali,2023-04-27 02:22:35.738934736,Basico,,0.0,10.0,71.02,Alto uso,Adulto
11758,Luis,Lopez,73.0,Medellín,2023-04-27 08:56:53.653413352,Basico,,8.0,7.0,24.37,Uso medio,Adulto Mayor
11759,Carlos,Ramirez,21.0,GDL,2023-04-27 15:31:11.567891976,Premium,,4.0,3.0,11.29,Bajo uso,Joven
11760,Luis,Lopez,54.0,,2023-04-27 22:05:29.482370592,Premium,,6.0,5.0,44.15,Uso medio,Adulto
11761,Mariana,Ramirez,21.0,GDL,2023-04-28 04:39:47.396849216,Basico,,4.0,3.0,10.96,Bajo uso,Joven
11762,Mateo,Ramirez,30.0,Cali,2023-04-28 11:14:05.311327832,Basico,,4.0,8.0,32.5,Uso medio,Adulto
11763,Mateo,Garcia,42.0,,2023-04-28 17:48:23.225806456,Premium,"1,72662E+18",4.0,5.0,30.13,Uso medio,Adulto
11764,Carlos,Ramirez,30.0,Medellín,2023-04-29 00:22:41.140285072,Basico,"1,72195E+18",4.0,5.0,33.4,Uso medio,Adulto
11765,Luis,Torres,35.0,Cali,2023-04-29 06:56:59.054763696,Basico,,5.0,7.0,23.89,Uso medio,Adulto
11766,Mateo,Ramirez,78.0,Cali,2023-04-29 13:31:16.969242312,Premium,,3.0,7.0,35.800000000000004,Uso medio,Adulto Mayor
11767,Mariana,Lopez,76.0,GDL,2023-04-29 20:05:34.883720936,Basico,,3.0,3.0,11.469999999999999,Bajo uso,Adulto Mayor
11768,Sofia,Ramirez,41.0,Medellín,2023-04-30 02:39:52.798199552,Basico,,2.0,6.0,41.32000000000001,Uso medio,Adulto
11769,Ana,Gomez,19.0,CDMX,2023-04-30 09:14:10.712678168,Basico,,6.0,3.0,17.82,Uso medio,Joven
11770,Ana,Lopez,65.0,Bogotá,2023-04-30 15:48:28.627156792,Basico,,7.0,8.0,28.73,Uso medio,Adulto Mayor
11771,Ana,Gomez,50.0,CDMX,2023-04-30 22:22:46.541635408,Basico,,7.0,2.0,14.61,Uso medio,Adulto
11772,Luis,Lopez,75.0,Bogotá,2023-05-01 04:57:04.456114032,Basico,"1,72912E+18",6.0,3.0,19.970000000000002,Uso medio,Adulto Mayor
11773,Carlos,Torres,36.0,Cali,2023-05-01 11:31:22.370592648,Basico,,4.0,5.0,35.58,Uso medio,Adulto
11774,Mateo,Torres,26.0,,2023-05-01 18:05:40.285071272,Basico,"1,72904E+18",8.0,6.0,30.81,Uso medio,Joven
11775,Sofia,Torres,45.0,MTY,2023-05-02 00:39:58.199549888,Premium,"1,72066E+18",3.0,2.0,1.98,Bajo uso,Adulto
11776,Mariana,Gomez,52.0,Bogotá,2023-05-02 07:14:16.114028512,Premium,,4.0,5.0,16.21,Uso medio,Adulto
11777,Sofia,Garcia,74.0,Bogotá,2023-05-02 13:48:34.028507128,Basico,,7.0,1.0,8.6,Uso medio,Adulto Mayor
11778,Mariana,Lopez,56.0,,2023-05-02 20:22:51.942985752,Premium,,8.0,2.0,7.04,Uso medio,Adulto
11779,Luis,Torres,78.0,Bogotá,2023-05-03 02:57:09.857464368,Basico,,7.0,4.0,6.819999999999999,Uso medio,Adulto Mayor
11780,Ana,Lopez,27.0,Medellín,2023-05-03 09:31:27.771942992,Basico,,7.0,0.0,0.0,Uso medio,Joven
11781,Luis,Gomez,18.0,,2023-05-03 16:05:45.686421608,Basico,,3.0,2.0,5.890000000000001,Bajo uso,Joven
11782,Carlos,Garcia,59.0,MTY,2023-05-03 22:40:03.600900224,Basico,,3.0,9.0,26.330000000000002,Uso medio,Adulto
11783,Carlos,Gomez,38.0,,2023-05-04 05:14:21.515378848,Premium,"1,7172E+18",4.0,5.0,18.65,Uso medio,Adulto
11784,Mariana,Lopez,26.0,,2023-05-04 11:48:39.429857464,Basico,,9.0,1.0,0.78,Uso medio,Joven
11785,Mateo,Garcia,77.0,,2023-05-04 18:22:57.344336088,Basico,"1,72757E+18",4.0,3.0,3.4300000000000006,Bajo uso,Adulto Mayor
11786,Mateo,Garcia,64.0,GDL,2023-05-05 00:57:15.258814704,Premium,,3.0,8.0,41.14,Uso medio,Adulto Mayor
11787,Mariana,Gomez,32.0,Bogotá,2023-05-05 07:31:33.173293328,Basico,,4.0,5.0,27.340000000000003,Uso medio,Adulto
11788,Carlos,Torres,52.0,,2023-05-05 14:05:51.087771944,Basico,"1,7356E+18",5.0,2.0,29.96,Uso medio,Adulto
11789,Carlos,Lopez,74.0,MTY,2023-05-05 20:40:09.002250568,Basico,,6.0,3.0,19.240000000000002,Uso medio,Adulto Mayor
11790,Carlos,Ramirez,22.0,Medellín,2023-05-06 03:14:26.916729184,Basico,,3.0,8.0,24.58,Uso medio,Joven
11791,Luis,Ramirez,58.0,CDMX,2023-05-06 09:48:44.831207808,Basico,,5.0,4.0,9.74,Uso medio,Adulto
11792,Carlos,Gomez,75.0,CDMX,2023-05-06 16:23:02.745686424,Basico,,4.0,2.0,2.66,Bajo uso,Adulto Mayor
11793,Sofia,Lopez,39.0,Bogotá,2023-05-06 22:57:20.660165040,Basico,,5.0,3.0,14.61,Uso medio,Adulto
11794,Ana,Lopez,58.0,Bogotá,2023-05-07 05:31:38.574643664,Basico,,6.0,2.0,2.9699999999999998,Uso medio,Adulto
11795,Carlos,Gomez,40.0,MTY,2023-05-07 12:05:56.489122280,Premium,,6.0,3.0,18.56,Uso medio,Adulto
11796,Mariana,Lopez,24.0,Bogotá,2023-05-07 18:40:14.403600904,Premium,,5.0,5.0,19.62,Uso medio,Joven
11797,Ana,Torres,73.0,Bogotá,2023-05-08 01:14:32.318079520,Premium,,4.0,5.0,14.89,Uso medio,Adulto Mayor
11798,Luis,Gomez,40.0,Medellín,2023-05-08 07:48:50.232558144,Premium,,6.0,2.0,5.88,Uso medio,Adulto
11799,Mariana,Torres,61.0,Medellín,2023-05-08 14:23:08.147036760,Premium,,4.0,4.0,24.759999999999998,Bajo uso,Adulto Mayor
11800,Ana,Lopez,42.0,Bogotá,2023-05-08 20:57:26.061515384,Premium,,7.0,4.0,10.969999999999999,Uso medio,Adulto
11801,Mariana,Gomez,44.0,Bogotá,2023-05-09 03:31:43.975994000,Basico,,7.0,4.0,10.12,Uso medio,Adulto
11802,Luis,Lopez,58.0,CDMX,2023-05-09 10:06:01.890472624,Basico,,10.0,4.0,19.34,Alto uso,Adulto
11803,Sofia,Gomez,23.0,Bogotá,2023-05-09 16:40:19.804951240,Basico,,9.0,5.0,4.609999999999999,Uso medio,Joven
11804,Luis,Lopez,72.0,Bogotá,2023-05-09 23:14:37.719429856,Basico,,7.0,2.0,14.969999999999999,Uso medio,Adulto Mayor
11805,Luis,Torres,51.0,Bogotá,2023-05-10 05:48:55.633908480,Premium,,5.0,3.0,22.43,Uso medio,Adulto
11806,Mariana,Torres,48.0,MTY,2023-05-10 12:23:13.548387096,Basico,,4.0,2.0,3.16,Bajo uso,Adulto
11807,Mateo,Lopez,26.0,Medellín,2023-05-10 18:57:31.462865720,Premium,,7.0,4.0,16.43,Uso medio,Joven
11808,Carlos,Gomez,77.0,CDMX,2023-05-11 01:31:49.377344336,Basico,,9.0,1.0,6.42,Uso medio,Adulto Mayor
11809,Carlos,Ramirez,78.0,,2023-05-11 08:06:07.291822960,Basico,,5.0,1.0,4.23,Uso medio,Adulto Mayor
11810,Sofia,Torres,66.0,CDMX,2023-05-11 14:40:25.206301576,Basico,,5.0,2.0,14.77,Uso medio,Adulto Mayor
11811,Sofia,Torres,50.0,,2023-05-11 21:14:43.120780200,Basico,,3.0,4.0,5.91,Bajo uso,Adulto
11812,Carlos,Ramirez,68.0,Bogotá,2023-05-12 03:49:01.035258816,Basico,,3.0,3.0,11.52,Bajo uso,Adulto Mayor
11813,Mateo,Lopez,77.0,Bogotá,2023-05-12 10:23:18.949737440,Basico,,4.0,2.0,8.24,Bajo uso,Adulto Mayor
11814,Carlos,Gomez,23.0,GDL,2023-05-12 16:57:36.864216056,Basico,,4.0,4.0,23.54,Bajo uso,Joven
11815,Mateo,Lopez,54.0,CDMX,2023-05-12 23:31:54.778694680,Basico,,3.0,3.0,6.4,Bajo uso,Adulto
11816,Sofia,Garcia,48.0,GDL,2023-05-13 06:06:12.693173296,Premium,,12.0,5.0,25.949999999999996,Alto uso,Adulto
11817,Ana,Torres,51.0,CDMX,2023-05-13 12:40:30.607651912,Basico,"1,72316E+18",3.0,6.0,39.330000000000005,Uso medio,Adulto
11818,Mariana,Garcia,58.0,Medellín,2023-05-13 19:14:48.522130536,Basico,"1,71953E+18",3.0,2.0,9.23,Bajo uso,Adulto
11819,Sofia,Torres,79.0,MTY,2023-05-14 01:49:06.436609152,Premium,,9.0,2.0,6.66,Uso medio,Adulto Mayor
11820,Sofia,Torres,46.0,Cali,2023-05-14 08:23:24.351087776,Basico,,4.0,6.0,21.330000000000002,Uso medio,Adulto
11821,Luis,Garcia,75.0,GDL,2023-05-14 14:57:42.265566392,Basico,,4.0,1.0,11.17,Bajo uso,Adulto Mayor
11822,Luis,Garcia,31.0,,2023-05-14 21:32:00.180045016,Basico,,3.0,6.0,27.17,Uso medio,Adulto
11823,Luis,Lopez,53.0,Bogotá,2023-05-15 04:06:18.094523632,Premium,,4.0,7.0,40.53,Uso medio,Adulto
11824,Mariana,Garcia,53.0,CDMX,2023-05-15 10:40:36.009002256,Basico,,8.0,7.0,42.4,Uso medio,Adulto
11825,Luis,Lopez,70.0,Bogotá,2023-05-15 17:14:53.923480872,Basico,,6.0,4.0,9.100000000000001,Uso medio,Adulto Mayor
11826,Mateo,Lopez,32.0,GDL,2023-05-15 23:49:11.837959496,Premium,,6.0,3.0,8.79,Uso medio,Adulto
11827,Carlos,Lopez,25.0,GDL,2023-05-16 06:23:29.752438112,Basico,,6.0,5.0,10.64,Uso medio,Joven
11828,Ana,Torres,43.0,Bogotá,2023-05-16 12:57:47.666916728,Premium,,8.0,6.0,43.37,Uso medio,Adulto
11829,Sofia,Torres,53.0,Medellín,2023-05-16 19:32:05.581395352,Basico,,4.0,3.0,15.39,Bajo uso,Adulto
11830,Mateo,Garcia,65.0,,2023-05-17 02:06:23.495873968,Basico,,9.0,7.0,41.57,Uso medio,Adulto Mayor
11831,Ana,Torres,38.0,Bogotá,2023-05-17 08:40:41.410352592,Premium,,13.0,3.0,8.94,Alto uso,Adulto
11832,Mateo,Garcia,45.0,,2023-05-17 15:14:59.324831208,Basico,,7.0,4.0,14.05,Uso medio,Adulto
11833,Mateo,Torres,21.0,,2023-05-17 21:49:17.239309832,Premium,,6.0,2.0,15.82,Uso medio,Joven
11834,Sofia,Gomez,79.0,,2023-05-18 04:23:35.153788448,Premium,,4.0,2.0,7.95,Bajo uso,Adulto Mayor
11835,Carlos,Gomez,33.0,Bogotá,2023-05-18 10:57:53.068267072,Basico,,4.0,2.0,8.52,Bajo uso,Adulto
11836,Luis,Garcia,39.0,CDMX,2023-05-18 17:32:10.982745688,Premium,,7.0,9.0,78.2,Uso medio,Adulto
11837,Mariana,Torres,29.0,GDL,2023-05-19 00:06:28.897224312,Basico,,3.0,8.0,63.9,Uso medio,Joven
11838,Carlos,Torres,33.0,Medellín,2023-05-19 06:40:46.811702928,Premium,,7.0,2.0,44.3,Uso medio,Adulto
11839,Mariana,Lopez,68.0,Bogotá,2023-05-19 13:15:04.726181544,Basico,,3.0,4.0,16.58,Bajo uso,Adulto Mayor
11840,Sofia,Ramirez,57.0,CDMX,2023-05-19 19:49:22.640660168,Basico,,4.0,6.0,35.3,Uso medio,Adulto
11841,Sofia,Garcia,55.0,Bogotá,2023-05-20 02:23:40.555138784,Basico,,7.0,1.0,3.37,Uso medio,Adulto
11842,Sofia,Ramirez,59.0,CDMX,2023-05-20 08:57:58.469617408,Basico,,4.0,6.0,30.6,Uso medio,Adulto
11843,Ana,Ramirez,54.0,Medellín,2023-05-20 15:32:16.384096024,Basico,,10.0,5.0,19.590000000000003,Alto uso,Adulto
11844,Mariana,Garcia,46.0,CDMX,2023-05-20 22:06:34.298574648,Premium,,5.0,2.0,11.73,Uso medio,Adulto
11845,Carlos,Torres,48.0,Medellín,2023-05-21 04:40:52.213053264,Premium,,7.0,3.0,28.36,Uso medio,Adulto
11846,Carlos,Garcia,35.0,Cali,2023-05-21 11:15:10.127531888,Basico,"1,73241E+18",4.0,1.0,15.71,Bajo uso,Adulto
11847,Mateo,Ramirez,27.0,CDMX,2023-05-21 17:49:28.042010504,Basico,,1.0,8.0,18.669999999999998,Uso medio,Joven
11848,Mateo,Torres,59.0,Bogotá,2023-05-22 00:23:45.956489128,Premium,,6.0,9.0,25.81,Uso medio,Adulto
11849,Mateo,Gomez,56.0,Cali,2023-05-22 06:58:03.870967744,Basico,,3.0,4.0,16.7,Bajo uso,Adulto
11850,Sofia,Garcia,35.0,GDL,2023-05-22 13:32:21.785446368,Basico,,3.0,1.0,7.96,Bajo uso,Adulto
11851,Carlos,Garcia,18.0,CDMX,2023-05-22 20:06:39.699924984,Basico,,4.0,5.0,22.11,Uso medio,Joven
11852,Mariana,Torres,56.0,MTY,2023-05-23 02:40:57.614403600,Basico,,3.0,4.0,21.81,Bajo uso,Adulto
11853,Sofia,Gomez,38.0,Bogotá,2023-05-23 09:15:15.528882224,Basico,,5.0,4.0,16.36,Uso medio,Adulto
11854,Ana,Gomez,18.0,Bogotá,2023-05-23 15:49:33.443360840,Premium,,4.0,1.0,1.72,Bajo uso,Joven
11855,Mateo,Torres,32.0,CDMX,2023-05-23 22:23:51.357839464,Basico,,10.0,4.0,35.96,Alto uso,Adulto
11856,Sofia,Lopez,21.0,Bogotá,2023-05-24 04:58:09.272318080,Basico,,5.0,5.0,23.900000000000002,Uso medio,Joven
11857,Sofia,Garcia,77.0,GDL,2023-05-24 11:32:27.186796704,Premium,,6.0,5.0,22.82,Uso medio,Adulto Mayor
11858,Ana,Garcia,78.0,Cali,2023-05-24 18:06:45.101275320,Basico,"1,73465E+18",5.0,6.0,12.22,Uso medio,Adulto Mayor
11859,Luis,Ramirez,37.0,MTY,2023-05-25 00:41:03.015753944,Basico,,5.0,7.0,41.95,Uso medio,Adulto
11860,Carlos,Torres,27.0,Cali,2023-05-25 07:15:20.930232560,Basico,,5.0,2.0,6.51,Uso medio,Joven
11861,Mariana,Ramirez,40.0,Bogotá,2023-05-25 13:49:38.844711184,Basico,,5.0,4.0,6.51,Uso medio,Adulto
11862,Luis,Ramirez,58.0,Medellín,,Basico,,4.0,2.0,10.950000000000001,Bajo uso,Adulto
11863,Mateo,Gomez,51.0,Bogotá,2023-05-26 02:58:14.673668416,Basico,,2.0,5.0,27.200000000000003,Uso medio,Adulto
11864,Sofia,Garcia,77.0,Medellín,2023-05-26 09:32:32.588147040,Basico,,3.0,2.0,19.21,Bajo uso,Adulto Mayor
11865,Ana,Ramirez,63.0,MTY,2023-05-26 16:06:50.502625656,Basico,,5.0,1.0,8.65,Uso medio,Adulto Mayor
11866,Ana,Gomez,65.0,Cali,2023-05-26 22:41:08.417104280,Premium,,3.0,7.0,68.16,Uso medio,Adulto Mayor
11867,Carlos,Torres,50.0,Bogotá,2023-05-27 05:15:26.331582896,Premium,,4.0,6.0,36.51,Uso medio,Adulto
11868,Luis,Ramirez,51.0,Bogotá,2023-05-27 11:49:44.246061520,Basico,,8.0,8.0,43.809999999999995,Uso medio,Adulto
11869,Carlos,Garcia,56.0,Bogotá,2023-05-27 18:24:02.160540136,Premium,,4.0,4.0,35.21,Bajo uso,Adulto
11870,Sofia,Ramirez,78.0,Cali,2023-05-28 00:58:20.075018760,Premium,"1,72584E+18",3.0,6.0,20.939999999999998,Uso medio,Adulto Mayor
11871,Carlos,Torres,27.0,Medellín,2023-05-28 07:32:37.989497376,Basico,,8.0,5.0,52.22,Uso medio,Joven
11872,Mariana,Ramirez,71.0,MTY,2023-05-28 14:06:55.903976000,Basico,,6.0,3.0,12.15,Uso medio,Adulto Mayor
11873,Ana,Garcia,37.0,Medellín,2023-05-28 20:41:13.818454616,Basico,,4.0,10.0,46.6,Alto uso,Adulto
11874,Ana,Gomez,18.0,Medellín,2023-05-29 03:15:31.732933232,Premium,,5.0,1.0,10.39,Uso medio,Joven
11875,Mateo,Garcia,30.0,,2023-05-29 09:49:49.647411856,Basico,,4.0,4.0,28.650000000000006,Bajo uso,Adulto
11876,Mateo,Gomez,18.0,Cali,2023-05-29 16:24:07.561890472,Basico,,8.0,5.0,10.03,Uso medio,Joven
11877,Sofia,Lopez,22.0,Medellín,2023-05-29 22:58:25.476369096,Basico,,9.0,4.0,13.219999999999999,Uso medio,Joven
11878,Mariana,Garcia,33.0,MTY,2023-05-30 05:32:43.390847712,Premium,,5.0,4.0,13.2,Uso medio,Adulto
11879,Luis,Garcia,32.0,Cali,2023-05-30 12:07:01.305326336,Premium,,3.0,9.0,44.22,Uso medio,Adulto
11880,Carlos,Torres,66.0,Bogotá,,Basico,,3.0,1.0,17.71,Bajo uso,Adulto Mayor
11881,Sofia,Ramirez,45.0,,2023-05-31 01:15:37.134283576,Basico,,6.0,9.0,77.5,Uso medio,Adulto
11882,Mateo,Gomez,48.0,GDL,2023-05-31 07:49:55.048762192,Premium,,7.0,6.0,42.480000000000004,Uso medio,Adulto
11883,Carlos,Gomez,40.0,CDMX,2023-05-31 14:24:12.963240816,Basico,,6.0,4.0,17.66,Uso medio,Adulto
11884,Mateo,Torres,65.0,CDMX,2023-05-31 20:58:30.877719432,Basico,,4.0,3.0,9.6,Bajo uso,Adulto Mayor
11885,Carlos,Torres,62.0,Medellín,2023-06-01 03:32:48.792198056,Basico,"1,72835E+18",4.0,3.0,20.28,Bajo uso,Adulto Mayor
11886,Luis,Ramirez,60.0,,2023-06-01 10:07:06.706676672,Premium,,6.0,2.0,10.879999999999999,Uso medio,Adulto Mayor
11887,Sofia,Ramirez,34.0,CDMX,2023-06-01 16:41:24.621155288,Premium,,4.0,6.0,18.43,Uso medio,Adulto
11888,Carlos,Garcia,66.0,Medellín,2023-06-01 23:15:42.535633912,Premium,,9.0,6.0,21.11,Uso medio,Adulto Mayor
11889,Mariana,Lopez,51.0,Medellín,2023-06-02 05:50:00.450112528,Basico,,2.0,6.0,30.059999999999995,Uso medio,Adulto
11890,Ana,Ramirez,30.0,Medellín,2023-06-02 12:24:18.364591152,Basico,,8.0,6.0,18.76,Uso medio,Adulto
11891,Mariana,Torres,31.0,MTY,2023-06-02 18:58:36.279069768,Basico,,1.0,1.0,5.99,Bajo uso,Adulto
11892,Mariana,Ramirez,28.0,Cali,2023-06-03 01:32:54.193548392,Premium,,4.0,8.0,27.749999999999996,Uso medio,Joven
11893,Ana,Gomez,45.0,CDMX,2023-06-03 08:07:12.108027008,Basico,,6.0,5.0,19.869999999999997,Uso medio,Adulto
11894,Mariana,Lopez,59.0,Cali,2023-06-03 14:41:30.022505632,Basico,,7.0,3.0,21.69,Uso medio,Adulto
11895,Carlos,Garcia,49.0,GDL,2023-06-03 21:15:47.936984248,Premium,,5.0,5.0,32.959999999999994,Uso medio,Adulto
11896,Carlos,Gomez,52.0,Bogotá,,Basico,,5.0,7.0,32.09,Uso medio,Adulto
11897,Carlos,Gomez,78.0,Cali,2023-06-04 10:24:23.765941488,Basico,"1,72264E+18",8.0,2.0,7.71,Uso medio,Adulto Mayor
11898,Ana,Lopez,76.0,GDL,2023-06-04 16:58:41.680420104,Premium,,5.0,6.0,19.09,Uso medio,Adulto Mayor
11899,Mariana,Garcia,48.0,GDL,2023-06-04 23:32:59.594898728,Basico,,2.0,3.0,12.7,Bajo uso,Adulto
11900,Ana,Torres,34.0,Medellín,2023-06-05 06:07:17.509377344,Basico,,3.0,5.0,47.95,Uso medio,Adulto
11901,Carlos,Garcia,64.0,Bogotá,2023-06-05 12:41:35.423855968,Basico,,1.0,5.0,27.6,Uso medio,Adulto Mayor
11902,Mariana,Ramirez,26.0,Bogotá,2023-06-05 19:15:53.338334584,Basico,,6.0,4.0,6.590000000000001,Uso medio,Joven
11903,Mariana,Gomez,27.0,GDL,2023-06-06 01:50:11.252813208,Basico,,2.0,5.0,18.94,Uso medio,Joven
11904,Mateo,Ramirez,25.0,CDMX,2023-06-06 08:24:29.167291824,Premium,,7.0,4.0,9.93,Uso medio,Joven
11905,Mateo,Torres,38.0,Bogotá,2023-06-06 14:58:47.081770448,Basico,,6.0,4.0,17.369999999999997,Uso medio,Adulto
11906,Luis,Ramirez,30.0,CDMX,2023-06-06 21:33:04.996249064,Premium,,4.0,4.0,20.900000000000002,Bajo uso,Adulto
11907,Sofia,Garcia,76.0,,2023-06-07 04:07:22.910727688,Basico,,4.0,3.0,9.39,Bajo uso,Adulto Mayor
11908,Mateo,Ramirez,67.0,CDMX,2023-06-07 10:41:40.825206304,Basico,,8.0,2.0,15.84,Uso medio,Adulto Mayor
11909,Ana,Torres,22.0,Bogotá,2023-06-07 17:15:58.739684920,Basico,,5.0,5.0,32.81,Uso medio,Joven
11910,Mateo,Torres,23.0,CDMX,2023-06-07 23:50:16.654163544,Premium,,10.0,5.0,29.34,Alto uso,Joven
11911,Luis,Torres,47.0,CDMX,2023-06-08 06:24:34.568642160,Basico,,11.0,3.0,17.2,Alto uso,Adulto
11912,Mariana,Garcia,48.0,Medellín,2023-06-08 12:58:52.483120784,Premium,,2.0,11.0,65.71,Alto uso,Adulto
11913,Luis,Torres,34.0,Medellín,2023-06-08 19:33:10.397599400,Premium,,3.0,5.0,21.259999999999998,Uso medio,Adulto
11914,Mariana,Gomez,28.0,CDMX,2023-06-09 02:07:28.312078024,Premium,,5.0,5.0,13.34,Uso medio,Joven
11915,Mariana,Torres,37.0,CDMX,2023-06-09 08:41:46.226556640,Premium,,10.0,4.0,34.18,Alto uso,Adulto
11916,Sofia,Ramirez,65.0,CDMX,2023-06-09 15:16:04.141035264,Basico,,3.0,7.0,29.62,Uso medio,Adulto Mayor
11917,Mateo,Ramirez,26.0,Cali,2023-06-09 21:50:22.055513880,Premium,,9.0,4.0,18.6,Uso medio,Joven
11918,Ana,Ramirez,19.0,Bogotá,2023-06-10 04:24:39.969992504,Premium,,5.0,1.0,1.2,Uso medio,Joven
11919,Ana,Garcia,54.0,CDMX,2023-06-10 10:58:57.884471120,Premium,,1.0,2.0,8.729999999999999,Bajo uso,Adulto
11920,Carlos,Ramirez,18.0,Bogotá,2023-06-10 17:33:15.798949744,Basico,,11.0,2.0,10.7,Alto uso,Joven
11921,Mariana,Garcia,21.0,Medellín,2023-06-11 00:07:33.713428360,Basico,,7.0,4.0,8.41,Uso medio,Joven
11922,Ana,Garcia,53.0,,2023-06-11 06:41:51.627906976,Basico,,4.0,3.0,3.4899999999999998,Bajo uso,Adulto
11923,Sofia,Torres,71.0,,2023-06-11 13:16:09.542385600,Basico,,5.0,2.0,5.34,Uso medio,Adulto Mayor
11924,Mariana,Gomez,75.0,MTY,2023-06-11 19:50:27.456864216,Premium,,2.0,1.0,2.56,Bajo uso,Adulto Mayor
11925,Sofia,Torres,42.0,CDMX,2023-06-12 02:24:45.371342840,Premium,,7.0,6.0,62.42,Uso medio,Adulto
11926,Ana,Torres,20.0,GDL,2023-06-12 08:59:03.285821456,Basico,,8.0,3.0,4.52,Uso medio,Joven
11927,Ana,Garcia,26.0,Cali,2023-06-12 15:33:21.200300080,Premium,,5.0,6.0,62.99,Uso medio,Joven
11928,Carlos,Garcia,39.0,,2023-06-12 22:07:39.114778696,Basico,,6.0,3.0,7.62,Uso medio,Adulto
11929,Ana,Ramirez,40.0,Bogotá,2023-06-13 04:41:57.029257320,Basico,,1.0,2.0,15.9,Bajo uso,Adulto
11930,Mariana,Ramirez,29.0,MTY,2023-06-13 11:16:14.943735936,Basico,,3.0,4.0,14.690000000000001,Bajo uso,Joven
11931,Mariana,Torres,27.0,Bogotá,2023-06-13 17:50:32.858214560,Basico,,6.0,9.0,50.739999999999995,Uso medio,Joven
11932,Mariana,Lopez,51.0,MTY,2023-06-14 00:24:50.772693176,Premium,,7.0,7.0,41.22,Uso medio,Adulto
11933,Carlos,Lopez,60.0,GDL,2023-06-14 06:59:08.687171792,Basico,,2.0,3.0,38.55,Bajo uso,Adulto Mayor
11934,Carlos,Ramirez,27.0,Bogotá,2023-06-14 13:33:26.601650416,Basico,,6.0,3.0,14.260000000000002,Uso medio,Joven
11935,Ana,Lopez,47.0,CDMX,2023-06-14 20:07:44.516129032,Basico,,2.0,6.0,26.119999999999997,Uso medio,Adulto
11936,Luis,Ramirez,39.0,GDL,2023-06-15 02:42:02.430607656,Basico,,5.0,4.0,14.88,Uso medio,Adulto
11937,Luis,Garcia,23.0,Medellín,2023-06-15 09:16:20.345086272,Premium,,8.0,3.0,4.16,Uso medio,Joven
11938,Carlos,Torres,67.0,CDMX,2023-06-15 15:50:38.259564896,Basico,,1.0,2.0,8.77,Bajo uso,Adulto Mayor
11939,Ana,Gomez,19.0,CDMX,2023-06-15 22:24:56.174043512,Basico,,5.0,10.0,25.440000000000005,Alto uso,Joven
11940,Luis,Torres,47.0,GDL,2023-06-16 04:59:14.088522136,Premium,,6.0,6.0,27.88,Uso medio,Adulto
11941,Ana,Ramirez,19.0,,2023-06-16 11:33:32.003000752,Basico,,5.0,2.0,5.64,Uso medio,Joven
11942,Ana,Ramirez,49.0,Cali,2023-06-16 18:07:49.917479376,Premium,"1,72428E+18",3.0,7.0,24.819999999999997,Uso medio,Adulto
11943,Ana,Torres,59.0,CDMX,2023-06-17 00:42:07.831957992,Basico,,6.0,4.0,15.67,Uso medio,Adulto
11944,Mateo,Ramirez,33.0,Bogotá,2023-06-17 07:16:25.746436608,Basico,,3.0,7.0,21.11,Uso medio,Adulto
11945,Mariana,Lopez,29.0,GDL,2023-06-17 13:50:43.660915232,Premium,,6.0,1.0,17.89,Uso medio,Joven
11946,Ana,Lopez,18.0,Medellín,2023-06-17 20:25:01.575393848,Premium,,4.0,5.0,42.46,Uso medio,Joven
11947,Mateo,Ramirez,70.0,Medellín,2023-06-18 02:59:19.489872472,Basico,,5.0,4.0,10.879999999999999,Uso medio,Adulto Mayor
11948,Carlos,Ramirez,25.0,,2023-06-18 09:33:37.404351088,Basico,,7.0,5.0,29.199999999999996,Uso medio,Joven
11949,Luis,Lopez,65.0,Bogotá,2023-06-18 16:07:55.318829712,Premium,,2.0,9.0,46.89000000000001,Uso medio,Adulto Mayor
11950,Mariana,Ramirez,67.0,,2023-06-18 22:42:13.233308328,Basico,,3.0,2.0,9.74,Bajo uso,Adulto Mayor
11951,Luis,Ramirez,30.0,,2023-06-19 05:16:31.147786952,Basico,,6.0,5.0,44.529999999999994,Uso medio,Adulto
11952,Mariana,Torres,32.0,,2023-06-19 11:50:49.062265568,Basico,,3.0,5.0,23.37,Uso medio,Adulto
11953,Luis,Gomez,70.0,Bogotá,2023-06-19 18:25:06.976744192,Basico,,7.0,1.0,3.89,Uso medio,Adulto Mayor
11954,Mariana,Lopez,61.0,MTY,2023-06-20 00:59:24.891222808,Basico,,8.0,3.0,5.8100000000000005,Uso medio,Adulto Mayor
11955,Luis,Torres,25.0,MTY,2023-06-20 07:33:42.805701424,Premium,,2.0,2.0,18.950000000000003,Bajo uso,Joven
11956,Luis,Gomez,27.0,CDMX,2023-06-20 14:08:00.720180048,Basico,,2.0,1.0,0.11,Bajo uso,Joven
11957,Luis,Ramirez,63.0,GDL,2023-06-20 20:42:18.634658664,Premium,,7.0,4.0,34.72,Uso medio,Adulto Mayor
11958,Luis,Ramirez,22.0,Medellín,2023-06-21 03:16:36.549137288,Basico,,9.0,3.0,16.25,Uso medio,Joven
11959,Carlos,Torres,67.0,Medellín,2023-06-21 09:50:54.463615904,Basico,"1,73388E+18",5.0,3.0,10.34,Uso medio,Adulto Mayor
11960,Ana,Ramirez,36.0,,2023-06-21 16:25:12.378094528,Premium,,4.0,4.0,15.399999999999999,Bajo uso,Adulto
11961,Sofia,Garcia,64.0,CDMX,2023-06-21 22:59:30.292573144,Basico,,6.0,4.0,31.0,Uso medio,Adulto Mayor
11962,Mateo,Torres,55.0,CDMX,2023-06-22 05:33:48.207051768,Basico,,8.0,0.0,0.0,Uso medio,Adulto
11963,Sofia,Gomez,76.0,Cali,2023-06-22 12:08:06.121530384,Basico,,6.0,6.0,6.620000000000001,Uso medio,Adulto Mayor
11964,Sofia,Torres,28.0,MTY,2023-06-22 18:42:24.036009008,Premium,,3.0,7.0,43.49,Uso medio,Joven
11965,Mariana,Lopez,70.0,CDMX,2023-06-23 01:16:41.950487624,Basico,,5.0,4.0,19.9,Uso medio,Adulto Mayor
11966,Ana,Torres,60.0,,2023-06-23 07:50:59.864966248,Basico,,5.0,3.0,7.75,Uso medio,Adulto Mayor
11967,Mariana,Ramirez,37.0,Cali,2023-06-23 14:25:17.779444864,Premium,,5.0,7.0,55.41,Uso medio,Adulto
11968,Ana,Ramirez,37.0,Bogotá,2023-06-23 20:59:35.693923480,Premium,,2.0,5.0,14.079999999999998,Uso medio,Adulto
11969,Ana,Garcia,38.0,Cali,2023-06-24 03:33:53.608402104,Basico,,1.0,1.0,4.1,Bajo uso,Adulto
11970,Luis,Garcia,35.0,Medellín,2023-06-24 10:08:11.522880720,Basico,,1.0,8.0,63.25,Uso medio,Adulto
11971,Carlos,Garcia,74.0,Cali,2023-06-24 16:42:29.437359344,Premium,"1,72765E+18",4.0,5.0,32.58,Uso medio,Adulto Mayor
11972,Luis,Gomez,67.0,Cali,2023-06-24 23:16:47.351837960,Premium,"1,7293E+18",6.0,7.0,32.32000000000001,Uso medio,Adulto Mayor
11973,Carlos,Garcia,27.0,CDMX,2023-06-25 05:51:05.266316584,Basico,,5.0,4.0,10.68,Uso medio,Joven
11974,Mariana,Gomez,51.0,Medellín,2023-06-25 12:25:23.180795200,Basico,,4.0,8.0,28.340000000000003,Uso medio,Adulto
11975,Carlos,Garcia,43.0,CDMX,2023-06-25 18:59:41.095273824,Premium,,3.0,3.0,8.870000000000001,Bajo uso,Adulto
11976,Mariana,Gomez,47.0,CDMX,2023-06-26 01:33:59.009752440,Premium,,8.0,4.0,21.25,Uso medio,Adulto
11977,Sofia,Torres,26.0,,2023-06-26 08:08:16.924231064,Premium,,5.0,3.0,16.97,Uso medio,Joven
11978,Sofia,Torres,63.0,Bogotá,2023-06-26 14:42:34.838709680,Basico,,5.0,6.0,31.499999999999996,Uso medio,Adulto Mayor
11979,Carlos,Ramirez,68.0,Medellín,2023-06-26 21:16:52.753188296,Basico,,7.0,0.0,0.0,Uso medio,Adulto Mayor
11980,Carlos,Gomez,48.0,Cali,2023-06-27 03:51:10.667666920,Basico,,11.0,6.0,18.57,Alto uso,Adulto
11981,Mariana,Lopez,59.0,,2023-06-27 10:25:28.582145536,Basico,,2.0,3.0,39.89,Bajo uso,Adulto
11982,Luis,Ramirez,72.0,,2023-06-27 16:59:46.496624160,Basico,,3.0,1.0,5.09,Bajo uso,Adulto Mayor
11983,Mariana,Torres,21.0,Bogotá,2023-06-27 23:34:04.411102776,Basico,,6.0,2.0,17.689999999999998,Uso medio,Joven
11984,Luis,Gomez,78.0,MTY,2023-06-28 06:08:22.325581400,Basico,,6.0,6.0,41.03,Uso medio,Adulto Mayor
11985,Sofia,Garcia,78.0,CDMX,2023-06-28 12:42:40.240060016,Basico,"1,72359E+18",6.0,6.0,29.66,Uso medio,Adulto Mayor
11986,Ana,Lopez,23.0,Bogotá,2023-06-28 19:16:58.154538640,Premium,,6.0,5.0,13.77,Uso medio,Joven
11987,Carlos,Torres,31.0,MTY,2023-06-29 01:51:16.069017256,Premium,,6.0,2.0,19.05,Uso medio,Adulto
11988,Luis,Ramirez,21.0,Bogotá,2023-06-29 08:25:33.983495880,Premium,,4.0,4.0,25.45,Bajo uso,Joven
11989,Mariana,Gomez,43.0,Medellín,2023-06-29 14:59:51.897974496,Premium,,8.0,2.0,15.899999999999999,Uso medio,Adulto
11990,Sofia,Lopez,64.0,,2023-06-29 21:34:09.812453112,Basico,,4.0,0.0,0.0,Bajo uso,Adulto Mayor
11991,Luis,Gomez,65.0,Medellín,2023-06-30 04:08:27.726931736,Basico,,4.0,9.0,49.67,Uso medio,Adulto Mayor
11992,Mariana,Garcia,56.0,Medellín,2023-06-30 10:42:45.641410352,Basico,,5.0,3.0,22.72,Uso medio,Adulto
11993,Carlos,Ramirez,34.0,MTY,2023-06-30 17:17:03.555888976,Basico,,4.0,3.0,24.3,Bajo uso,Adulto
11994,Carlos,Gomez,36.0,CDMX,2023-06-30 23:51:21.470367592,Premium,,9.0,5.0,27.879999999999995,Uso medio,Adulto
11995,Mateo,Torres,78.0,GDL,2023-07-01 06:25:39.384846216,Basico,,5.0,2.0,8.04,Uso medio,Adulto Mayor
11996,Ana,Ramirez,68.0,Cali,2023-07-01 12:59:57.299324832,Basico,,6.0,3.0,9.59,Uso medio,Adulto Mayor
11997,Mateo,Torres,66.0,GDL,2023-07-01 19:34:15.213803456,Basico,,4.0,4.0,14.27,Bajo uso,Adulto Mayor
11998,Sofia,Gomez,23.0,Medellín,2023-07-02 02:08:33.128282072,Basico,,4.0,4.0,15.34,Bajo uso,Joven
11999,Luis,Ramirez,48.0,Bogotá,2023-07-02 08:42:51.042760696,Premium,"1,721E+18",3.0,6.0,59.67999999999999,Uso medio,Adulto
12000,Sofia,Torres,46.0,CDMX,2023-07-02 15:17:08.957239312,Basico,"1,71858E+18",10.0,1.0,3.04,Alto uso,Adulto
12001,Mariana,Garcia,28.0,GDL,2023-07-02 21:51:26.871717936,Basico,"1,73172E+18",3.0,6.0,28.979999999999997,Uso medio,Joven
12002,Carlos,Garcia,33.0,Bogotá,2023-07-03 04:25:44.786196552,Basico,,2.0,5.0,28.189999999999998,Uso medio,Adulto
12003,Mateo,Gomez,47.0,Bogotá,2023-07-03 11:00:02.700675168,Premium,,5.0,4.0,9.04,Uso medio,Adulto
12004,Mateo,Ramirez,42.0,Cali,2023-07-03 17:34:20.615153792,Basico,"1,73422E+18",5.0,6.0,9.69,Uso medio,Adulto
12005,Mateo,Lopez,57.0,Medellín,2023-07-04 00:08:38.529632408,Basico,,3.0,7.0,31.220000000000002,Uso medio,Adulto
12006,Sofia,Ramirez,28.0,Bogotá,2023-07-04 06:42:56.444111032,Basico,,8.0,4.0,52.93000000000001,Uso medio,Joven
12007,Carlos,Garcia,24.0,Cali,2023-07-04 13:17:14.358589648,Basico,,2.0,2.0,10.09,Bajo uso,Joven
12008,Luis,Torres,43.0,Bogotá,2023-07-04 19:51:32.273068272,Basico,,2.0,2.0,6.68,Bajo uso,Adulto
12009,Mariana,Lopez,73.0,,2023-07-05 02:25:50.187546888,Premium,,6.0,2.0,7.68,Uso medio,Adulto Mayor
12010,Luis,Gomez,39.0,GDL,2023-07-05 09:00:08.102025512,Premium,"1,72342E+18",8.0,5.0,15.77,Uso medio,Adulto
12011,Sofia,Lopez,42.0,Medellín,2023-07-05 15:34:26.016504128,Premium,,7.0,5.0,23.619999999999997,Uso medio,Adulto
12012,Mariana,Gomez,36.0,MTY,2023-07-05 22:08:43.930982752,Basico,,5.0,5.0,38.910000000000004,Uso medio,Adulto
12013,Mateo,Lopez,48.0,GDL,2023-07-06 04:43:01.845461368,Basico,,2.0,12.0,65.55,Alto uso,Adulto
12014,Ana,Gomez,43.0,GDL,2023-07-06 11:17:19.759939984,Basico,,3.0,5.0,8.46,Uso medio,Adulto
12015,Sofia,Gomez,59.0,Bogotá,2023-07-06 17:51:37.674418608,Basico,,6.0,7.0,21.470000000000002,Uso medio,Adulto
12016,Sofia,Lopez,58.0,GDL,2023-07-07 00:25:55.588897224,Basico,"1,72886E+18",9.0,2.0,2.08,Uso medio,Adulto
12017,Carlos,Lopez,53.0,GDL,2023-07-07 07:00:13.503375848,Basico,,6.0,10.0,88.44999999999999,Alto uso,Adulto
12018,Luis,Gomez,40.0,,2023-07-07 13:34:31.417854464,Premium,,6.0,4.0,37.78,Uso medio,Adulto
12019,Sofia,Garcia,64.0,Cali,2023-07-07 20:08:49.332333088,Premium,,5.0,5.0,25.669999999999998,Uso medio,Adulto Mayor
12020,Sofia,Lopez,30.0,Medellín,2023-07-08 02:43:07.246811704,Premium,,6.0,3.0,7.1899999999999995,Uso medio,Adulto
12021,Mateo,Ramirez,42.0,Cali,2023-07-08 09:17:25.161290328,Premium,,7.0,4.0,8.549999999999999,Uso medio,Adulto
12022,Mateo,Torres,19.0,,2023-07-08 15:51:43.075768944,Basico,,3.0,2.0,13.76,Bajo uso,Joven
12023,Mariana,Gomez,19.0,Bogotá,2023-07-08 22:26:00.990247568,Basico,,6.0,5.0,31.779999999999998,Uso medio,Joven
12024,Ana,Gomez,33.0,GDL,2023-07-09 05:00:18.904726184,Basico,,9.0,3.0,6.430000000000001,Uso medio,Adulto
12025,Carlos,Torres,26.0,,2023-07-09 11:34:36.819204800,Basico,,7.0,5.0,24.550000000000004,Uso medio,Joven
12026,Ana,Garcia,45.0,Medellín,2023-07-09 18:08:54.733683424,Basico,,15.0,3.0,9.48,Alto uso,Adulto
12027,Mariana,Torres,30.0,Bogotá,2023-07-10 00:43:12.648162040,Basico,,2.0,8.0,29.04,Uso medio,Adulto
12028,Mateo,Lopez,52.0,Bogotá,2023-07-10 07:17:30.562640664,Basico,,4.0,6.0,41.92,Uso medio,Adulto
12029,Luis,Torres,58.0,Bogotá,2023-07-10 13:51:48.477119280,Premium,,6.0,2.0,6.17,Uso medio,Adulto
12030,Mateo,Gomez,30.0,,2023-07-10 20:26:06.391597904,Premium,"1,73517E+18",7.0,4.0,21.13,Uso medio,Adulto
12031,Carlos,Torres,48.0,MTY,2023-07-11 03:00:24.306076520,Basico,,6.0,8.0,61.220000000000006,Uso medio,Adulto
12032,Mateo,Ramirez,38.0,,2023-07-11 09:34:42.220555144,Basico,,4.0,4.0,18.37,Bajo uso,Adulto
12033,Carlos,Lopez,49.0,,2023-07-11 16:09:00.135033760,Basico,,5.0,6.0,16.429999999999996,Uso medio,Adulto
12034,Carlos,Torres,71.0,Medellín,2023-07-11 22:43:18.049512384,Premium,,9.0,3.0,14.12,Uso medio,Adulto Mayor
12035,Carlos,Gomez,51.0,Bogotá,2023-07-12 05:17:35.963991000,Basico,,7.0,6.0,28.040000000000003,Uso medio,Adulto
12036,Mariana,Lopez,25.0,MTY,2023-07-12 11:51:53.878469624,Premium,"1,71729E+18",5.0,5.0,54.10999999999999,Uso medio,Joven
12037,Carlos,Gomez,76.0,CDMX,2023-07-12 18:26:11.792948240,Basico,,2.0,3.0,32.28,Bajo uso,Adulto Mayor
12038,Carlos,Garcia,58.0,CDMX,2023-07-13 01:00:29.707426856,Basico,,3.0,8.0,34.55,Uso medio,Adulto
12039,Luis,Ramirez,65.0,Cali,2023-07-13 07:34:47.621905480,Basico,,6.0,5.0,25.22,Uso medio,Adulto Mayor
12040,Ana,Garcia,19.0,Bogotá,2023-07-13 14:09:05.536384096,Basico,"1,73552E+18",5.0,3.0,10.09,Uso medio,Joven
12041,Sofia,Ramirez,55.0,CDMX,2023-07-13 20:43:23.450862720,Basico,,6.0,8.0,25.8,Uso medio,Adulto
12042,Ana,Torres,49.0,GDL,2023-07-14 03:17:41.365341336,Premium,,4.0,5.0,30.590000000000003,Uso medio,Adulto
12043,Carlos,Lopez,71.0,,2023-07-14 09:51:59.279819960,Basico,,7.0,1.0,1.59,Uso medio,Adulto Mayor
12044,Luis,Torres,57.0,MTY,2023-07-14 16:26:17.194298576,Basico,,12.0,4.0,16.46,Alto uso,Adulto
12045,Mateo,Ramirez,75.0,,2023-07-14 23:00:35.108777200,Premium,,5.0,4.0,11.6,Uso medio,Adulto Mayor
12046,Luis,Ramirez,45.0,MTY,2023-07-15 05:34:53.023255816,Basico,"1,72074E+18",4.0,4.0,32.56,Bajo uso,Adulto
12047,Carlos,Ramirez,54.0,Bogotá,2023-07-15 12:09:10.937734440,Basico,"1,73059E+18",3.0,3.0,2.85,Bajo uso,Adulto
12048,Luis,Gomez,58.0,CDMX,2023-07-15 18:43:28.852213056,Basico,,3.0,5.0,12.680000000000001,Uso medio,Adulto
12049,Luis,Lopez,18.0,Bogotá,2023-07-16 01:17:46.766691672,Premium,,1.0,7.0,38.91,Uso medio,Joven
12050,Carlos,Torres,58.0,Medellín,2023-07-16 07:52:04.681170296,Basico,,4.0,5.0,18.38,Uso medio,Adulto
12051,Mariana,Torres,27.0,GDL,2023-07-16 14:26:22.595648912,Basico,,5.0,9.0,41.919999999999995,Uso medio,Joven
12052,Luis,Garcia,72.0,Bogotá,2023-07-16 21:00:40.510127536,Premium,,5.0,8.0,39.47,Uso medio,Adulto Mayor
12053,Sofia,Ramirez,21.0,Medellín,2023-07-17 03:34:58.424606152,Premium,,3.0,2.0,11.350000000000001,Bajo uso,Joven
12054,Sofia,Ramirez,52.0,Medellín,2023-07-17 10:09:16.339084776,Basico,"1,72679E+18",8.0,6.0,58.97,Uso medio,Adulto
12055,Luis,Ramirez,79.0,Cali,,Premium,,4.0,8.0,56.11,Uso medio,Adulto Mayor
12056,Mariana,Torres,27.0,MTY,2023-07-17 23:17:52.168042016,Basico,,6.0,6.0,43.279999999999994,Uso medio,Joven
12057,Mateo,Garcia,64.0,Bogotá,2023-07-18 05:52:10.082520632,Premium,,8.0,3.0,12.21,Uso medio,Adulto Mayor
12058,Carlos,Gomez,28.0,,2023-07-18 12:26:27.996999256,Basico,,0.0,1.0,1.85,Bajo uso,Joven
12059,Sofia,Lopez,31.0,,2023-07-18 19:00:45.911477872,Premium,,4.0,8.0,37.419999999999995,Uso medio,Adulto
12060,Mateo,Gomez,55.0,,2023-07-19 01:35:03.825956488,Basico,"1,73267E+18",5.0,4.0,23.520000000000003,Uso medio,Adulto
12061,Luis,Torres,29.0,MTY,2023-07-19 08:09:21.740435112,Premium,"1,72489E+18",12.0,3.0,14.51,Alto uso,Joven
12062,Mateo,Ramirez,62.0,Cali,2023-07-19 14:43:39.654913728,Basico,,7.0,3.0,8.43,Uso medio,Adulto Mayor
12063,Ana,Lopez,34.0,Medellín,2023-07-19 21:17:57.569392352,Basico,,9.0,4.0,11.25,Uso medio,Adulto
12064,Sofia,Torres,33.0,CDMX,2023-07-20 03:52:15.483870968,Basico,,4.0,1.0,16.9,Bajo uso,Adulto
12065,Luis,Torres,52.0,Cali,2023-07-20 10:26:33.398349592,Premium,,4.0,4.0,20.85,Bajo uso,Adulto
12066,Carlos,Torres,19.0,Medellín,2023-07-20 17:00:51.312828208,Premium,"1,73275E+18",10.0,8.0,43.230000000000004,Alto uso,Joven
12067,Mariana,Lopez,28.0,GDL,2023-07-20 23:35:09.227306832,Basico,,5.0,2.0,5.91,Uso medio,Joven
12068,Luis,Lopez,78.0,CDMX,2023-07-21 06:09:27.141785448,Premium,,2.0,5.0,27.91,Uso medio,Adulto Mayor
12069,Carlos,Garcia,58.0,Cali,2023-07-21 12:43:45.056264072,Basico,"1,72999E+18",8.0,7.0,27.22,Uso medio,Adulto
12070,Mariana,Garcia,20.0,CDMX,2023-07-21 19:18:02.970742688,Premium,,6.0,6.0,27.129999999999995,Uso medio,Joven
12071,Mariana,Gomez,46.0,CDMX,2023-07-22 01:52:20.885221312,Premium,,2.0,3.0,4.88,Bajo uso,Adulto
12072,Luis,Lopez,35.0,Bogotá,2023-07-22 08:26:38.799699928,Basico,,5.0,6.0,29.57,Uso medio,Adulto
12073,Mateo,Lopez,37.0,CDMX,2023-07-22 15:00:56.714178544,Premium,,6.0,6.0,17.14,Uso medio,Adulto
12074,Mateo,Lopez,64.0,,2023-07-22 21:35:14.628657168,Basico,,9.0,3.0,16.86,Uso medio,Adulto Mayor
12075,Mariana,Garcia,31.0,Bogotá,2023-07-23 04:09:32.543135784,Basico,,10.0,2.0,11.51,Alto uso,Adulto
12076,Mateo,Torres,51.0,Bogotá,2023-07-23 10:43:50.457614408,Premium,,8.0,4.0,10.28,Uso medio,Adulto
12077,Ana,Ramirez,66.0,,2023-07-23 17:18:08.372093024,Premium,,8.0,10.0,21.03,Alto uso,Adulto Mayor
12078,Mariana,Garcia,71.0,Bogotá,2023-07-23 23:52:26.286571648,Basico,,9.0,7.0,52.11,Uso medio,Adulto Mayor
12079,Mariana,Lopez,48.0,MTY,2023-07-24 06:26:44.201050264,Basico,,7.0,3.0,5.16,Uso medio,Adulto
12080,Carlos,Garcia,75.0,Cali,2023-07-24 13:01:02.115528888,Premium,,6.0,1.0,3.38,Uso medio,Adulto Mayor
12081,Mateo,Gomez,57.0,Bogotá,2023-07-24 19:35:20.030007504,Basico,,8.0,1.0,4.15,Uso medio,Adulto
12082,Mariana,Lopez,59.0,MTY,2023-07-25 02:09:37.944486128,Premium,,5.0,10.0,57.040000000000006,Alto uso,Adulto
12083,Ana,Gomez,75.0,Medellín,2023-07-25 08:43:55.858964744,Premium,,7.0,4.0,10.44,Uso medio,Adulto Mayor
12084,Carlos,Lopez,35.0,Cali,2023-07-25 15:18:13.773443360,Basico,"1,71945E+18",8.0,9.0,64.53999999999999,Uso medio,Adulto
12085,Luis,Garcia,47.0,Cali,2023-07-25 21:52:31.687921984,Basico,,4.0,2.0,20.65,Bajo uso,Adulto
12086,Mariana,Torres,42.0,,2023-07-26 04:26:49.602400600,Basico,"1,73388E+18",5.0,6.0,24.299999999999997,Uso medio,Adulto
12087,Ana,Ramirez,48.0,Cali,2023-07-26 11:01:07.516879224,Basico,,6.0,3.0,23.5,Uso medio,Adulto
12088,Sofia,Gomez,78.0,Cali,2023-07-26 17:35:25.431357840,Premium,,5.0,2.0,0.8099999999999999,Uso medio,Adulto Mayor
12089,Ana,Garcia,36.0,,2023-07-27 00:09:43.345836464,Premium,"1,73336E+18",6.0,4.0,7.43,Uso medio,Adulto
12090,Ana,Torres,25.0,CDMX,2023-07-27 06:44:01.260315080,Basico,,4.0,4.0,17.470000000000002,Bajo uso,Joven
12091,Carlos,Garcia,45.0,MTY,2023-07-27 13:18:19.174793704,Basico,,6.0,3.0,21.749999999999996,Uso medio,Adulto
12092,Luis,Gomez,25.0,Medellín,2023-07-27 19:52:37.089272320,Basico,"1,72308E+18",4.0,6.0,49.28,Uso medio,Joven
12093,Sofia,Ramirez,48.0,Bogotá,,Premium,,5.0,4.0,14.15,Uso medio,Adulto
12094,Mateo,Garcia,20.0,CDMX,2023-07-28 09:01:12.918229560,Premium,,5.0,6.0,42.86999999999999,Uso medio,Joven
12095,Mateo,Lopez,20.0,MTY,2023-07-28 15:35:30.832708176,Premium,"1,72567E+18",7.0,1.0,0.02,Uso medio,Joven
12096,Ana,Torres,61.0,MTY,2023-07-28 22:09:48.747186800,Basico,,4.0,4.0,19.32,Bajo uso,Adulto Mayor
12097,Carlos,Garcia,48.0,Bogotá,2023-07-29 04:44:06.661665416,Premium,"1,73396E+18",7.0,4.0,30.79,Uso medio,Adulto
12098,Carlos,Torres,39.0,Cali,2023-07-29 11:18:24.576144040,Basico,,7.0,12.0,83.05999999999999,Alto uso,Adulto
12099,Mateo,Lopez,34.0,,2023-07-29 17:52:42.490622656,Premium,,7.0,5.0,39.82,Uso medio,Adulto
12100,Sofia,Ramirez,53.0,Cali,2023-07-30 00:27:00.405101280,Premium,,3.0,5.0,28.939999999999994,Uso medio,Adulto
12101,Luis,Ramirez,34.0,Cali,2023-07-30 07:01:18.319579896,Premium,,3.0,2.0,3.95,Bajo uso,Adulto
12102,Sofia,Lopez,31.0,Bogotá,2023-07-30 13:35:36.234058520,Basico,,6.0,4.0,16.490000000000002,Uso medio,Adulto
12103,Mariana,Torres,68.0,MTY,2023-07-30 20:09:54.148537136,Basico,,8.0,5.0,14.549999999999999,Uso medio,Adulto Mayor
12104,Mariana,Garcia,26.0,MTY,2023-07-31 02:44:12.063015760,Basico,,8.0,2.0,2.5,Uso medio,Joven
12105,Luis,Lopez,79.0,Medellín,2023-07-31 09:18:29.977494376,Premium,,6.0,9.0,36.1,Uso medio,Adulto Mayor
12106,Mateo,Gomez,47.0,CDMX,2023-07-31 15:52:47.891973000,Basico,"1,71806E+18",3.0,4.0,14.02,Bajo uso,Adulto
12107,Luis,Torres,38.0,Bogotá,2023-07-31 22:27:05.806451616,Basico,"1,72869E+18",6.0,5.0,35.21999999999999,Uso medio,Adulto
12108,Carlos,Ramirez,29.0,Medellín,2023-08-01 05:01:23.720930232,Basico,,7.0,4.0,21.200000000000003,Uso medio,Joven
12109,Mariana,Lopez,54.0,Bogotá,2023-08-01 11:35:41.635408856,Premium,,8.0,3.0,15.34,Uso medio,Adulto
12110,Ana,Ramirez,49.0,,2023-08-01 18:09:59.549887472,Basico,,6.0,2.0,11.870000000000001,Uso medio,Adulto
12111,Ana,Torres,28.0,Medellín,,Premium,,7.0,2.0,11.91,Uso medio,Joven
12112,Mateo,Ramirez,37.0,GDL,2023-08-02 07:18:35.378844712,Premium,,5.0,6.0,20.259999999999998,Uso medio,Adulto
12113,Carlos,Lopez,52.0,Bogotá,2023-08-02 13:52:53.293323336,Premium,"1,735E+18",9.0,4.0,23.259999999999998,Uso medio,Adulto
12114,Sofia,Torres,70.0,Medellín,2023-08-02 20:27:11.207801952,Basico,,5.0,4.0,13.11,Uso medio,Adulto Mayor
12115,Carlos,Gomez,64.0,MTY,2023-08-03 03:01:29.122280576,Premium,"1,72964E+18",3.0,1.0,11.69,Bajo uso,Adulto Mayor
12116,Ana,Lopez,63.0,CDMX,2023-08-03 09:35:47.036759192,Basico,,4.0,5.0,36.67,Uso medio,Adulto Mayor
12117,Ana,Garcia,28.0,Bogotá,2023-08-03 16:10:04.951237816,Basico,,5.0,3.0,2.5999999999999996,Uso medio,Joven
12118,Mariana,Lopez,69.0,,2023-08-03 22:44:22.865716432,Basico,,7.0,2.0,16.8,Uso medio,Adulto Mayor
12119,Carlos,Torres,25.0,Bogotá,2023-08-04 05:18:40.780195048,Basico,,8.0,6.0,49.76,Uso medio,Joven
12120,Carlos,Lopez,21.0,,2023-08-04 11:52:58.694673672,Basico,,3.0,4.0,19.12,Bajo uso,Joven
12121,Ana,Gomez,44.0,Cali,2023-08-04 18:27:16.609152288,Basico,,4.0,5.0,15.719999999999999,Uso medio,Adulto
12122,Sofia,Gomez,61.0,CDMX,2023-08-05 01:01:34.523630912,Basico,,5.0,3.0,16.740000000000002,Uso medio,Adulto Mayor
12123,Mateo,Garcia,57.0,Medellín,2023-08-05 07:35:52.438109528,Basico,,7.0,2.0,2.5,Uso medio,Adulto
12124,Mateo,Ramirez,55.0,Bogotá,2023-08-05 14:10:10.352588152,Basico,,8.0,7.0,28.869999999999997,Uso medio,Adulto
12125,Carlos,Torres,64.0,GDL,2023-08-05 20:44:28.267066768,Basico,,6.0,9.0,30.750000000000007,Uso medio,Adulto Mayor
12126,Mateo,Torres,47.0,Medellín,2023-08-06 03:18:46.181545392,Premium,,8.0,4.0,52.209999999999994,Uso medio,Adulto
12127,Ana,Ramirez,61.0,Medellín,2023-08-06 09:53:04.096024008,Basico,,5.0,6.0,23.52,Uso medio,Adulto Mayor
12128,Ana,Gomez,65.0,CDMX,2023-08-06 16:27:22.010502632,Basico,"1,72325E+18",3.0,2.0,13.65,Bajo uso,Adulto Mayor
12129,Carlos,Gomez,65.0,,2023-08-06 23:01:39.924981248,Basico,,1.0,8.0,33.74,Uso medio,Adulto Mayor
12130,Carlos,Lopez,44.0,Cali,2023-08-07 05:35:57.839459864,Basico,,3.0,6.0,30.560000000000002,Uso medio,Adulto
12131,Mariana,Garcia,38.0,,2023-08-07 12:10:15.753938488,Basico,,7.0,4.0,12.64,Uso medio,Adulto
12132,Carlos,Garcia,69.0,MTY,2023-08-07 18:44:33.668417104,Basico,,5.0,2.0,2.31,Uso medio,Adulto Mayor
12133,Sofia,Garcia,37.0,,2023-08-08 01:18:51.582895728,Premium,,9.0,3.0,7.65,Uso medio,Adulto
12134,Mateo,Lopez,77.0,MTY,2023-08-08 07:53:09.497374344,Premium,,3.0,6.0,20.3,Uso medio,Adulto Mayor
12135,Carlos,Garcia,21.0,CDMX,2023-08-08 14:27:27.411852968,Premium,,5.0,4.0,31.189999999999998,Uso medio,Joven
12136,Luis,Ramirez,28.0,Cali,2023-08-08 21:01:45.326331584,Premium,,4.0,2.0,0.9299999999999999,Bajo uso,Joven
12137,Mariana,Lopez,30.0,Medellín,2023-08-09 03:36:03.240810208,Premium,,9.0,3.0,13.969999999999999,Uso medio,Adulto
12138,Luis,Ramirez,78.0,Bogotá,2023-08-09 10:10:21.155288824,Premium,,3.0,1.0,3.5,Bajo uso,Adulto Mayor
12139,Ana,Lopez,26.0,Bogotá,2023-08-09 16:44:39.069767448,Premium,,4.0,6.0,26.249999999999996,Uso medio,Joven
12140,Mateo,Garcia,21.0,CDMX,2023-08-09 23:18:56.984246064,Basico,"1,73517E+18",9.0,4.0,21.78,Uso medio,Joven
12141,Carlos,Ramirez,29.0,Medellín,2023-08-10 05:53:14.898724688,Basico,,9.0,2.0,1.13,Uso medio,Joven
12142,Luis,Ramirez,26.0,Bogotá,2023-08-10 12:27:32.813203304,Basico,,2.0,5.0,35.96,Uso medio,Joven
12143,Mateo,Ramirez,30.0,Bogotá,2023-08-10 19:01:50.727681920,Basico,,6.0,2.0,9.95,Uso medio,Adulto
12144,Ana,Lopez,65.0,Bogotá,2023-08-11 01:36:08.642160544,Premium,,6.0,4.0,14.98,Uso medio,Adulto Mayor
12145,Sofia,Torres,43.0,,2023-08-11 08:10:26.556639160,Basico,,5.0,4.0,14.54,Uso medio,Adulto
12146,Mariana,Garcia,55.0,Medellín,2023-08-11 14:44:44.471117784,Premium,,9.0,4.0,34.44,Uso medio,Adulto
12147,Mateo,Ramirez,59.0,Medellín,2023-08-11 21:19:02.385596400,Basico,"1,72809E+18",5.0,2.0,13.22,Uso medio,Adulto
12148,Mateo,Torres,30.0,,2023-08-12 03:53:20.300075024,Basico,,7.0,2.0,5.32,Uso medio,Adulto
12149,Sofia,Garcia,56.0,Bogotá,2023-08-12 10:27:38.214553640,Basico,,5.0,1.0,10.18,Uso medio,Adulto
12150,Mateo,Garcia,45.0,CDMX,2023-08-12 17:01:56.129032264,Basico,,1.0,6.0,46.19,Uso medio,Adulto
12151,Ana,Ramirez,75.0,CDMX,2023-08-12 23:36:14.043510880,Basico,,4.0,6.0,47.22,Uso medio,Adulto Mayor
12152,Ana,Ramirez,36.0,Medellín,2023-08-13 06:10:31.957989504,Basico,,7.0,4.0,8.37,Uso medio,Adulto
12153,Sofia,Lopez,41.0,GDL,2023-08-13 12:44:49.872468120,Basico,,5.0,2.0,0.06,Uso medio,Adulto
12154,Mariana,Torres,36.0,Bogotá,2023-08-13 19:19:07.786946736,Basico,,4.0,3.0,24.990000000000002,Bajo uso,Adulto
12155,Carlos,Torres,66.0,GDL,2023-08-14 01:53:25.701425360,Basico,,7.0,4.0,23.32,Uso medio,Adulto Mayor
12156,Luis,Ramirez,30.0,GDL,2023-08-14 08:27:43.615903976,Basico,,7.0,3.0,10.040000000000001,Uso medio,Adulto
12157,Carlos,Garcia,30.0,Bogotá,2023-08-14 15:02:01.530382600,Basico,,4.0,8.0,37.85999999999999,Uso medio,Adulto
12158,Mateo,Ramirez,75.0,,2023-08-14 21:36:19.444861216,Basico,,4.0,2.0,3.4899999999999998,Bajo uso,Adulto Mayor
12159,Luis,Garcia,45.0,Medellín,2023-08-15 04:10:37.359339840,Basico,,6.0,2.0,3.05,Uso medio,Adulto
12160,Sofia,Garcia,70.0,,2023-08-15 10:44:55.273818456,Basico,,8.0,3.0,6.859999999999999,Uso medio,Adulto Mayor
12161,Sofia,Ramirez,19.0,,2023-08-15 17:19:13.188297080,Basico,"1,72558E+18",10.0,2.0,40.55,Alto uso,Joven
12162,Mariana,Gomez,27.0,GDL,,Basico,,10.0,10.0,41.24,Alto uso,Joven
12163,Luis,Torres,79.0,MTY,2023-08-16 06:27:49.017254320,Premium,,9.0,0.0,0.0,Uso medio,Adulto Mayor
12164,Ana,Garcia,39.0,Cali,2023-08-16 13:02:06.931732936,Basico,,5.0,5.0,11.6,Uso medio,Adulto
12165,Luis,Garcia,30.0,,2023-08-16 19:36:24.846211552,Basico,,7.0,3.0,3.18,Uso medio,Adulto
12166,Mateo,Gomez,75.0,Bogotá,2023-08-17 02:10:42.760690176,Basico,,8.0,2.0,34.43,Uso medio,Adulto Mayor
12167,Ana,Lopez,26.0,,2023-08-17 08:45:00.675168792,Basico,,8.0,2.0,28.130000000000003,Uso medio,Joven
12168,Sofia,Gomez,50.0,CDMX,2023-08-17 15:19:18.589647416,Basico,,3.0,4.0,25.459999999999997,Bajo uso,Adulto
12169,Luis,Gomez,31.0,GDL,2023-08-17 21:53:36.504126032,Premium,,7.0,5.0,33.57,Uso medio,Adulto
12170,Carlos,Garcia,78.0,Medellín,2023-08-18 04:27:54.418604656,Premium,,3.0,8.0,48.21,Uso medio,Adulto Mayor
12171,Mariana,Torres,65.0,Bogotá,2023-08-18 11:02:12.333083272,Basico,,9.0,3.0,11.26,Uso medio,Adulto Mayor
12172,Carlos,Gomez,37.0,CDMX,2023-08-18 17:36:30.247561896,Premium,"1,72238E+18",6.0,9.0,47.39999999999999,Uso medio,Adulto
12173,Mariana,Lopez,32.0,MTY,2023-08-19 00:10:48.162040512,Basico,,4.0,5.0,7.1499999999999995,Uso medio,Adulto
12174,Mateo,Ramirez,49.0,CDMX,2023-08-19 06:45:06.076519136,Basico,,7.0,6.0,15.05,Uso medio,Adulto
12175,Carlos,Gomez,50.0,Medellín,2023-08-19 13:19:23.990997752,Premium,,6.0,8.0,47.709999999999994,Uso medio,Adulto
12176,Luis,Gomez,34.0,,2023-08-19 19:53:41.905476368,Premium,,13.0,7.0,46.879999999999995,Alto uso,Adulto
12177,Luis,Lopez,41.0,,2023-08-20 02:27:59.819954992,Basico,,7.0,4.0,15.569999999999999,Uso medio,Adulto
12178,Carlos,Torres,47.0,Medellín,2023-08-20 09:02:17.734433608,Basico,,6.0,5.0,11.99,Uso medio,Adulto
12179,Luis,Gomez,79.0,Bogotá,2023-08-20 15:36:35.648912232,Basico,"1,73042E+18",4.0,0.0,0.0,Bajo uso,Adulto Mayor
12180,Mateo,Gomez,30.0,Bogotá,2023-08-20 22:10:53.563390848,Basico,,7.0,7.0,26.599999999999994,Uso medio,Adulto
12181,Ana,Torres,79.0,CDMX,2023-08-21 04:45:11.477869472,Basico,,8.0,6.0,7.13,Uso medio,Adulto Mayor
12182,Mateo,Lopez,76.0,MTY,2023-08-21 11:19:29.392348088,Basico,"1,72152E+18",7.0,5.0,21.339999999999996,Uso medio,Adulto Mayor
12183,Mariana,Gomez,64.0,GDL,2023-08-21 17:53:47.306826712,Basico,,5.0,2.0,19.93,Uso medio,Adulto Mayor
12184,Mateo,Torres,65.0,Cali,,Premium,,7.0,5.0,15.86,Uso medio,Adulto Mayor
12185,Mariana,Gomez,33.0,,2023-08-22 07:02:23.135783952,Basico,,7.0,4.0,5.93,Uso medio,Adulto
12186,Luis,Ramirez,19.0,Bogotá,2023-08-22 13:36:41.050262568,Premium,,3.0,5.0,12.170000000000002,Uso medio,Joven
12187,Ana,Garcia,34.0,Medellín,2023-08-22 20:10:58.964741192,Basico,,7.0,6.0,19.16,Uso medio,Adulto
12188,Luis,Ramirez,49.0,CDMX,2023-08-23 02:45:16.879219808,Premium,,9.0,6.0,41.35000000000001,Uso medio,Adulto
12189,Sofia,Gomez,60.0,Medellín,2023-08-23 09:19:34.793698424,Basico,,8.0,5.0,29.13,Uso medio,Adulto Mayor
12190,Luis,Lopez,25.0,Medellín,2023-08-23 15:53:52.708177048,Basico,,5.0,4.0,15.809999999999999,Uso medio,Joven
12191,Mariana,Garcia,69.0,Bogotá,2023-08-23 22:28:10.622655664,Premium,,8.0,3.0,6.720000000000001,Uso medio,Adulto Mayor
12192,Luis,Ramirez,20.0,GDL,2023-08-24 05:02:28.537134288,Basico,,3.0,2.0,11.1,Bajo uso,Joven
12193,Luis,Torres,78.0,,2023-08-24 11:36:46.451612904,Basico,,12.0,6.0,40.01,Alto uso,Adulto Mayor
12194,Ana,Lopez,29.0,Medellín,2023-08-24 18:11:04.366091528,Basico,,5.0,3.0,11.22,Uso medio,Joven
12195,Luis,Ramirez,37.0,,2023-08-25 00:45:22.280570144,Basico,,5.0,4.0,21.270000000000003,Uso medio,Adulto
12196,Ana,Torres,33.0,Cali,2023-08-25 07:19:40.195048768,Basico,,7.0,3.0,10.72,Uso medio,Adulto
12197,Carlos,Gomez,31.0,,2023-08-25 13:53:58.109527384,Basico,,4.0,6.0,31.659999999999997,Uso medio,Adulto
12198,Sofia,Torres,33.0,GDL,2023-08-25 20:28:16.024006008,Premium,,6.0,3.0,13.9,Uso medio,Adulto
12199,Ana,Ramirez,76.0,CDMX,2023-08-26 03:02:33.938484624,Basico,,6.0,8.0,32.629999999999995,Uso medio,Adulto Mayor
12200,Mariana,Ramirez,70.0,MTY,,Basico,,4.0,1.0,2.55,Bajo uso,Adulto Mayor
12201,Carlos,Gomez,66.0,CDMX,2023-08-26 16:11:09.767441864,Premium,,5.0,11.0,75.28,Alto uso,Adulto Mayor
12202,Ana,Torres,48.0,Bogotá,2023-08-26 22:45:27.681920480,Basico,,5.0,4.0,41.129999999999995,Uso medio,Adulto
12203,Ana,Torres,79.0,Medellín,2023-08-27 05:19:45.596399104,Basico,,8.0,2.0,6.62,Uso medio,Adulto Mayor
12204,Sofia,Gomez,60.0,Bogotá,2023-08-27 11:54:03.510877720,Basico,,7.0,1.0,2.79,Uso medio,Adulto Mayor
12205,Mariana,Torres,66.0,GDL,2023-08-27 18:28:21.425356344,Basico,,6.0,7.0,38.76,Uso medio,Adulto Mayor
12206,Mateo,Gomez,68.0,,2023-08-28 01:02:39.339834960,Basico,,6.0,4.0,27.11,Uso medio,Adulto Mayor
12207,Mateo,Lopez,71.0,CDMX,2023-08-28 07:36:57.254313584,Basico,,2.0,4.0,28.490000000000002,Bajo uso,Adulto Mayor
12208,Ana,Ramirez,50.0,MTY,2023-08-28 14:11:15.168792200,Basico,,5.0,4.0,25.619999999999997,Uso medio,Adulto
12209,Luis,Lopez,47.0,Medellín,2023-08-28 20:45:33.083270824,Premium,,3.0,2.0,4.609999999999999,Bajo uso,Adulto
12210,Mariana,Garcia,76.0,Cali,2023-08-29 03:19:50.997749440,Premium,,5.0,4.0,27.479999999999997,Uso medio,Adulto Mayor
12211,Carlos,Garcia,29.0,Bogotá,2023-08-29 09:54:08.912228056,Basico,,5.0,4.0,21.39,Uso medio,Joven
12212,Luis,Garcia,32.0,CDMX,2023-08-29 16:28:26.826706680,Premium,,8.0,5.0,8.41,Uso medio,Adulto
12213,Luis,Gomez,35.0,Medellín,2023-08-29 23:02:44.741185296,Basico,,3.0,5.0,28.090000000000003,Uso medio,Adulto
12214,Mariana,Torres,48.0,CDMX,2023-08-30 05:37:02.655663920,Basico,,8.0,2.0,12.469999999999999,Uso medio,Adulto
12215,Ana,Lopez,45.0,CDMX,2023-08-30 12:11:20.570142536,Basico,,0.0,3.0,13.82,Bajo uso,Adulto
12216,Ana,Lopez,79.0,Medellín,2023-08-30 18:45:38.484621160,Basico,,5.0,5.0,13.08,Uso medio,Adulto Mayor
12217,Ana,Lopez,40.0,MTY,2023-08-31 01:19:56.399099776,Premium,,6.0,4.0,32.81,Uso medio,Adulto
12218,Ana,Lopez,31.0,MTY,2023-08-31 07:54:14.313578400,Basico,,5.0,3.0,7.6,Uso medio,Adulto
12219,Mateo,Garcia,47.0,Bogotá,2023-08-31 14:28:32.228057016,Basico,,3.0,7.0,26.869999999999997,Uso medio,Adulto
12220,Ana,Lopez,50.0,,2023-08-31 21:02:50.142535640,Basico,,7.0,11.0,60.769999999999996,Alto uso,Adulto
12221,Mateo,Torres,62.0,,2023-09-01 03:37:08.057014256,Basico,,5.0,9.0,62.16000000000001,Uso medio,Adulto Mayor
12222,Mateo,Garcia,79.0,Bogotá,2023-09-01 10:11:25.971492880,Basico,,5.0,4.0,36.980000000000004,Uso medio,Adulto Mayor
12223,Ana,Lopez,32.0,GDL,2023-09-01 16:45:43.885971496,Premium,,4.0,3.0,35.65,Bajo uso,Adulto
12224,Sofia,Gomez,24.0,MTY,2023-09-01 23:20:01.800450112,Premium,,8.0,6.0,24.5,Uso medio,Joven
12225,Carlos,Ramirez,32.0,GDL,2023-09-02 05:54:19.714928736,Basico,,6.0,12.0,31.360000000000007,Alto uso,Adulto
12226,Luis,Ramirez,69.0,Bogotá,2023-09-02 12:28:37.629407352,Basico,,4.0,1.0,0.81,Bajo uso,Adulto Mayor
12227,Mateo,Ramirez,59.0,Medellín,2023-09-02 19:02:55.543885976,Basico,,10.0,4.0,8.36,Alto uso,Adulto
12228,Mariana,Garcia,63.0,Bogotá,2023-09-03 01:37:13.458364592,Premium,,7.0,6.0,49.38000000000001,Uso medio,Adulto Mayor
12229,Mariana,Lopez,55.0,Bogotá,2023-09-03 08:11:31.372843216,Basico,,9.0,2.0,11.799999999999999,Uso medio,Adulto
12230,Carlos,Garcia,63.0,GDL,2023-09-03 14:45:49.287321832,Basico,,3.0,4.0,44.73,Bajo uso,Adulto Mayor
12231,Mariana,Torres,73.0,Bogotá,2023-09-03 21:20:07.201800456,Premium,,3.0,3.0,18.91,Bajo uso,Adulto Mayor
12232,Sofia,Gomez,74.0,MTY,2023-09-04 03:54:25.116279072,Basico,,3.0,5.0,24.029999999999998,Uso medio,Adulto Mayor
12233,Mariana,Gomez,71.0,Bogotá,2023-09-04 10:28:43.030757696,Basico,,4.0,4.0,29.04,Bajo uso,Adulto Mayor
12234,Luis,Ramirez,61.0,Medellín,2023-09-04 17:03:00.945236312,Basico,,7.0,7.0,53.31,Uso medio,Adulto Mayor
12235,Luis,Ramirez,28.0,Medellín,,Basico,,5.0,2.0,16.78,Uso medio,Joven
12236,Mateo,Ramirez,46.0,Bogotá,2023-09-05 06:11:36.774193552,Basico,"1,72066E+18",4.0,5.0,23.57,Uso medio,Adulto
12237,Ana,Lopez,48.0,Bogotá,2023-09-05 12:45:54.688672168,Basico,,10.0,9.0,47.59,Alto uso,Adulto
12238,Sofia,Torres,79.0,GDL,2023-09-05 19:20:12.603150792,Basico,,3.0,5.0,36.84,Uso medio,Adulto Mayor
12239,Mateo,Torres,42.0,CDMX,2023-09-06 01:54:30.517629408,Basico,,6.0,6.0,24.880000000000003,Uso medio,Adulto
12240,Sofia,Torres,69.0,Medellín,2023-09-06 08:28:48.432108032,Premium,,5.0,3.0,9.28,Uso medio,Adulto Mayor
12241,Ana,Torres,71.0,GDL,2023-09-06 15:03:06.346586648,Basico,,5.0,2.0,5.140000000000001,Uso medio,Adulto Mayor
12242,Mariana,Ramirez,41.0,Medellín,2023-09-06 21:37:24.261065272,Premium,,6.0,2.0,14.73,Uso medio,Adulto
12243,Mariana,Gomez,74.0,Medellín,2023-09-07 04:11:42.175543888,Basico,,5.0,2.0,8.610000000000001,Uso medio,Adulto Mayor
12244,Ana,Ramirez,36.0,,2023-09-07 10:46:00.090022512,Basico,,9.0,2.0,17.46,Uso medio,Adulto
12245,Mateo,Torres,19.0,,2023-09-07 17:20:18.004501128,Basico,,5.0,2.0,28.009999999999998,Uso medio,Joven
12246,Ana,Ramirez,39.0,CDMX,2023-09-07 23:54:35.918979744,Basico,"1,73172E+18",4.0,1.0,6.38,Bajo uso,Adulto
12247,Carlos,Torres,37.0,,2023-09-08 06:28:53.833458368,Basico,,5.0,0.0,0.0,Uso medio,Adulto
12248,Luis,Garcia,50.0,Medellín,2023-09-08 13:03:11.747936984,Basico,,4.0,2.0,6.140000000000001,Bajo uso,Adulto
12249,Mateo,Gomez,25.0,Medellín,2023-09-08 19:37:29.662415608,Basico,"1,72411E+18",4.0,4.0,13.219999999999999,Bajo uso,Joven
12250,Sofia,Garcia,42.0,CDMX,2023-09-09 02:11:47.576894224,Basico,,3.0,9.0,16.04,Uso medio,Adulto
12251,Carlos,Lopez,63.0,,2023-09-09 08:46:05.491372848,Premium,,8.0,3.0,143.35999999999999,Uso medio,Adulto Mayor
12252,Mateo,Ramirez,26.0,CDMX,2023-09-09 15:20:23.405851464,Basico,,9.0,5.0,14.82,Uso medio,Joven
12253,Ana,Lopez,51.0,Cali,2023-09-09 21:54:41.320330088,Basico,,5.0,7.0,32.0,Uso medio,Adulto
12254,Ana,Ramirez,74.0,CDMX,2023-09-10 04:28:59.234808704,Basico,,3.0,2.0,12.95,Bajo uso,Adulto Mayor
12255,Ana,Garcia,40.0,Medellín,2023-09-10 11:03:17.149287328,Basico,,3.0,3.0,16.57,Bajo uso,Adulto
12256,Ana,Torres,22.0,Bogotá,2023-09-10 17:37:35.063765944,Premium,,4.0,6.0,28.7,Uso medio,Joven
12257,Sofia,Torres,72.0,GDL,2023-09-11 00:11:52.978244568,Basico,,4.0,6.0,22.040000000000003,Uso medio,Adulto Mayor
12258,Carlos,Ramirez,78.0,CDMX,2023-09-11 06:46:10.892723184,Basico,,3.0,3.0,9.07,Bajo uso,Adulto Mayor
12259,Mariana,Torres,42.0,Bogotá,2023-09-11 13:20:28.807201800,Basico,,3.0,7.0,28.599999999999998,Uso medio,Adulto
12260,Luis,Garcia,25.0,CDMX,2023-09-11 19:54:46.721680424,Premium,,2.0,4.0,21.74,Bajo uso,Joven
12261,Sofia,Torres,33.0,Bogotá,2023-09-12 02:29:04.636159040,Basico,,6.0,7.0,26.87,Uso medio,Adulto
12262,Sofia,Garcia,71.0,Medellín,2023-09-12 09:03:22.550637664,Basico,"1,73318E+18",6.0,3.0,16.02,Uso medio,Adulto Mayor
12263,Mariana,Lopez,65.0,Cali,2023-09-12 15:37:40.465116280,Basico,"1,73388E+18",4.0,7.0,19.999999999999996,Uso medio,Adulto Mayor
12264,Mariana,Garcia,62.0,Medellín,2023-09-12 22:11:58.379594904,Basico,,5.0,5.0,27.169999999999998,Uso medio,Adulto Mayor
12265,Luis,Gomez,69.0,CDMX,2023-09-13 04:46:16.294073520,Basico,,6.0,1.0,5.68,Uso medio,Adulto Mayor
12266,Luis,Gomez,78.0,MTY,2023-09-13 11:20:34.208552144,Premium,"1,73508E+18",7.0,6.0,19.16,Uso medio,Adulto Mayor
12267,Mariana,Gomez,32.0,GDL,2023-09-13 17:54:52.123030760,Premium,,3.0,7.0,47.84,Uso medio,Adulto
12268,Ana,Ramirez,18.0,,2023-09-14 00:29:10.037509384,Basico,"1,73465E+18",3.0,2.0,13.07,Bajo uso,Joven
12269,Sofia,Ramirez,39.0,,2023-09-14 07:03:27.951988000,Basico,,7.0,7.0,21.369999999999997,Uso medio,Adulto
12270,Mateo,Ramirez,20.0,MTY,2023-09-14 13:37:45.866466616,Basico,,7.0,2.0,8.74,Uso medio,Joven
12271,Luis,Garcia,55.0,CDMX,2023-09-14 20:12:03.780945240,Basico,,4.0,5.0,9.26,Uso medio,Adulto
12272,Luis,Ramirez,71.0,,2023-09-15 02:46:21.695423856,Basico,,5.0,3.0,12.34,Uso medio,Adulto Mayor
12273,Mariana,Lopez,31.0,,2023-09-15 09:20:39.609902480,Basico,,9.0,2.0,8.01,Uso medio,Adulto
12274,Carlos,Gomez,53.0,,2023-09-15 15:54:57.524381096,Premium,,1.0,4.0,27.509999999999998,Bajo uso,Adulto
12275,Mateo,Garcia,35.0,Cali,2023-09-15 22:29:15.438859720,Basico,,6.0,12.0,27.44,Alto uso,Adulto
12276,Mateo,Gomez,64.0,Bogotá,2023-09-16 05:03:33.353338336,Premium,"1,73448E+18",4.0,5.0,31.29,Uso medio,Adulto Mayor
12277,Luis,Ramirez,58.0,CDMX,2023-09-16 11:37:51.267816960,Basico,,10.0,6.0,28.3,Alto uso,Adulto
12278,Ana,Garcia,35.0,Bogotá,2023-09-16 18:12:09.182295576,Basico,,2.0,3.0,15.11,Bajo uso,Adulto
12279,Carlos,Torres,20.0,Bogotá,2023-09-17 00:46:27.096774200,Basico,,8.0,3.0,14.530000000000001,Uso medio,Joven
12280,Mateo,Lopez,27.0,Bogotá,2023-09-17 07:20:45.011252816,Premium,,6.0,3.0,4.1,Uso medio,Joven
12281,Luis,Ramirez,66.0,Bogotá,2023-09-17 13:55:02.925731432,Basico,,9.0,1.0,2.13,Uso medio,Adulto Mayor
12282,Mateo,Ramirez,56.0,GDL,2023-09-17 20:29:20.840210056,Premium,"1,72463E+18",4.0,9.0,48.870000000000005,Uso medio,Adulto
12283,Carlos,Lopez,64.0,MTY,2023-09-18 03:03:38.754688672,Premium,"1,73465E+18",8.0,6.0,36.4,Uso medio,Adulto Mayor
12284,Carlos,Lopez,18.0,Bogotá,2023-09-18 09:37:56.669167296,Premium,,3.0,6.0,27.05,Uso medio,Joven
12285,Sofia,Torres,44.0,CDMX,2023-09-18 16:12:14.583645912,Premium,,5.0,4.0,45.03,Uso medio,Adulto
12286,Mariana,Ramirez,74.0,Bogotá,2023-09-18 22:46:32.498124536,Premium,,7.0,7.0,20.13,Uso medio,Adulto Mayor
12287,Mariana,Ramirez,44.0,Cali,2023-09-19 05:20:50.412603152,Premium,,5.0,6.0,39.43,Uso medio,Adulto
12288,Luis,Gomez,28.0,Cali,2023-09-19 11:55:08.327081776,Basico,,9.0,5.0,37.14,Uso medio,Joven
12289,Carlos,Garcia,66.0,Bogotá,2023-09-19 18:29:26.241560392,Premium,"1,72299E+18",9.0,3.0,10.379999999999999,Uso medio,Adulto Mayor
12290,Sofia,Garcia,22.0,Bogotá,2023-09-20 01:03:44.156039016,Premium,,6.0,6.0,18.6,Uso medio,Joven
12291,Sofia,Gomez,24.0,CDMX,2023-09-20 07:38:02.070517632,Basico,,4.0,2.0,7.07,Bajo uso,Joven
12292,Mateo,Garcia,36.0,Medellín,2023-09-20 14:12:19.984996256,Premium,,7.0,9.0,33.17,Uso medio,Adulto
12293,Mateo,Lopez,74.0,Bogotá,2023-09-20 20:46:37.899474872,Basico,,5.0,5.0,29.019999999999996,Uso medio,Adulto Mayor
12294,Sofia,Garcia,73.0,Bogotá,2023-09-21 03:20:55.813953488,Basico,,8.0,1.0,3.47,Uso medio,Adulto Mayor
12295,Mateo,Garcia,46.0,,2023-09-21 09:55:13.728432112,Basico,,5.0,1.0,31.63,Uso medio,Adulto
12296,Carlos,Gomez,32.0,Bogotá,2023-09-21 16:29:31.642910728,Basico,,9.0,5.0,23.119999999999997,Uso medio,Adulto
12297,Ana,Torres,52.0,CDMX,2023-09-21 23:03:49.557389352,Premium,"1,7318E+18",7.0,5.0,34.779999999999994,Uso medio,Adulto
12298,Carlos,Garcia,64.0,GDL,2023-09-22 05:38:07.471867968,Premium,,4.0,8.0,48.57,Uso medio,Adulto Mayor
12299,Sofia,Garcia,54.0,Bogotá,2023-09-22 12:12:25.386346592,Premium,,7.0,4.0,14.399999999999999,Uso medio,Adulto
12300,Sofia,Torres,72.0,Bogotá,2023-09-22 18:46:43.300825208,Premium,,3.0,1.0,0.22,Bajo uso,Adulto Mayor
12301,Carlos,Gomez,29.0,,2023-09-23 01:21:01.215303832,Basico,,7.0,7.0,47.50000000000001,Uso medio,Joven
12302,Mateo,Torres,47.0,Bogotá,2023-09-23 07:55:19.129782448,Basico,,15.0,5.0,23.259999999999998,Alto uso,Adulto
12303,Mateo,Gomez,37.0,Medellín,2023-09-23 14:29:37.044261072,Basico,,3.0,2.0,2.71,Bajo uso,Adulto
12304,Mariana,Lopez,54.0,Bogotá,2023-09-23 21:03:54.958739688,Premium,,2.0,1.0,4.09,Bajo uso,Adulto
12305,Sofia,Gomez,20.0,Bogotá,2023-09-24 03:38:12.873218304,Basico,"1,73422E+18",2.0,4.0,19.790000000000003,Bajo uso,Joven
12306,Luis,Lopez,26.0,Bogotá,2023-09-24 10:12:30.787696928,Premium,,2.0,2.0,5.41,Bajo uso,Joven
12307,Mariana,Lopez,75.0,Bogotá,,Basico,,2.0,8.0,47.78,Uso medio,Adulto Mayor
12308,Mateo,Gomez,58.0,Bogotá,2023-09-24 23:21:06.616654168,Premium,"1,72791E+18",5.0,4.0,18.380000000000003,Uso medio,Adulto
12309,Carlos,Ramirez,56.0,GDL,2023-09-25 05:55:24.531132784,Basico,,5.0,8.0,30.360000000000007,Uso medio,Adulto
12310,Mateo,Gomez,43.0,,2023-09-25 12:29:42.445611408,Basico,,6.0,3.0,12.600000000000001,Uso medio,Adulto
12311,Carlos,Garcia,19.0,MTY,2023-09-25 19:04:00.360090024,Premium,,2.0,4.0,24.23,Bajo uso,Joven
12312,Mariana,Garcia,40.0,CDMX,2023-09-26 01:38:18.274568648,Premium,,6.0,2.0,5.12,Uso medio,Adulto
12313,Sofia,Ramirez,40.0,CDMX,2023-09-26 08:12:36.189047264,Basico,,5.0,7.0,50.8,Uso medio,Adulto
12314,Mateo,Lopez,76.0,CDMX,2023-09-26 14:46:54.103525888,Premium,,5.0,5.0,20.84,Uso medio,Adulto Mayor
12315,Carlos,Ramirez,38.0,Bogotá,2023-09-26 21:21:12.018004504,Premium,,3.0,3.0,34.52,Bajo uso,Adulto
12316,Sofia,Garcia,33.0,GDL,2023-09-27 03:55:29.932483120,Basico,,6.0,4.0,21.040000000000003,Uso medio,Adulto
12317,Luis,Ramirez,26.0,CDMX,2023-09-27 10:29:47.846961744,Basico,,3.0,7.0,34.949999999999996,Uso medio,Joven
12318,Carlos,Gomez,30.0,Bogotá,2023-09-27 17:04:05.761440360,Basico,,6.0,7.0,18.89,Uso medio,Adulto
12319,Mariana,Ramirez,45.0,Medellín,2023-09-27 23:38:23.675918984,Basico,,3.0,5.0,22.65,Uso medio,Adulto
12320,Luis,Lopez,44.0,CDMX,2023-09-28 06:12:41.590397600,Premium,,3.0,4.0,16.68,Bajo uso,Adulto
12321,Luis,Gomez,68.0,Bogotá,2023-09-28 12:46:59.504876224,Basico,,7.0,4.0,13.879999999999999,Uso medio,Adulto Mayor
12322,Ana,Torres,69.0,Medellín,2023-09-28 19:21:17.419354840,Basico,,8.0,2.0,4.7,Uso medio,Adulto Mayor
12323,Mateo,Garcia,34.0,,2023-09-29 01:55:35.333833464,Basico,,2.0,2.0,6.97,Bajo uso,Adulto
12324,Carlos,Garcia,55.0,Medellín,2023-09-29 08:29:53.248312080,Basico,,5.0,3.0,9.52,Uso medio,Adulto
12325,Luis,Ramirez,53.0,GDL,2023-09-29 15:04:11.162790704,Basico,,4.0,7.0,24.550000000000004,Uso medio,Adulto
12326,Ana,Gomez,18.0,Medellín,2023-09-29 21:38:29.077269320,Basico,,12.0,7.0,15.25,Alto uso,Joven
12327,Mariana,Torres,35.0,Bogotá,2023-09-30 04:12:46.991747944,Basico,"1,73483E+18",5.0,3.0,17.98,Uso medio,Adulto
12328,Sofia,Gomez,48.0,GDL,2023-09-30 10:47:04.906226560,Basico,,9.0,2.0,2.38,Uso medio,Adulto
12329,Carlos,Garcia,68.0,,2023-09-30 17:21:22.820705176,Premium,,7.0,4.0,18.39,Uso medio,Adulto Mayor
12330,Luis,Gomez,26.0,Bogotá,2023-09-30 23:55:40.735183800,Basico,,9.0,6.0,28.640000000000004,Uso medio,Joven
12331,Mateo,Torres,30.0,,2023-10-01 06:29:58.649662416,Basico,,6.0,2.0,9.89,Uso medio,Adulto
12332,Ana,Ramirez,57.0,Medellín,2023-10-01 13:04:16.564141040,Basico,,7.0,6.0,16.12,Uso medio,Adulto
12333,Luis,Lopez,72.0,Medellín,2023-10-01 19:38:34.478619656,Basico,,7.0,6.0,31.800000000000004,Uso medio,Adulto Mayor
12334,Mateo,Gomez,62.0,Medellín,2023-10-02 02:12:52.393098280,Basico,,6.0,4.0,3.29,Uso medio,Adulto Mayor
12335,Luis,Lopez,32.0,Bogotá,2023-10-02 08:47:10.307576896,Premium,,6.0,4.0,11.99,Uso medio,Adulto
12336,Carlos,Garcia,60.0,Bogotá,2023-10-02 15:21:28.222055520,Basico,,6.0,5.0,39.830000000000005,Uso medio,Adulto Mayor
12337,Carlos,Ramirez,61.0,,2023-10-02 21:55:46.136534136,Premium,,6.0,3.0,7.17,Uso medio,Adulto Mayor
12338,Carlos,Ramirez,63.0,Medellín,2023-10-03 04:30:04.051012760,Basico,,8.0,5.0,42.88,Uso medio,Adulto Mayor
12339,Mariana,Gomez,21.0,,2023-10-03 11:04:21.965491376,Premium,,2.0,4.0,16.34,Bajo uso,Joven
12340,Mariana,Ramirez,50.0,,2023-10-03 17:38:39.879969992,Premium,,2.0,5.0,38.57,Uso medio,Adulto
12341,Ana,Gomez,41.0,,2023-10-04 00:12:57.794448616,Basico,,6.0,7.0,26.82,Uso medio,Adulto
12342,Carlos,Gomez,53.0,Medellín,2023-10-04 06:47:15.708927232,Basico,"1,71893E+18",6.0,5.0,41.199999999999996,Uso medio,Adulto
12343,Mateo,Lopez,68.0,Bogotá,2023-10-04 13:21:33.623405856,Basico,,7.0,6.0,19.71,Uso medio,Adulto Mayor
12344,Luis,Ramirez,58.0,CDMX,2023-10-04 19:55:51.537884472,Basico,"1,71815E+18",4.0,7.0,24.73,Uso medio,Adulto
12345,Sofia,Gomez,27.0,Medellín,2023-10-05 02:30:09.452363096,Premium,,3.0,3.0,9.59,Bajo uso,Joven
12346,Mateo,Lopez,53.0,GDL,2023-10-05 09:04:27.366841712,Basico,,3.0,5.0,8.28,Uso medio,Adulto
12347,Mariana,Torres,37.0,GDL,2023-10-05 15:38:45.281320336,Basico,,4.0,4.0,11.49,Bajo uso,Adulto
12348,Mariana,Lopez,79.0,GDL,2023-10-05 22:13:03.195798952,Premium,,6.0,5.0,39.53,Uso medio,Adulto Mayor
12349,Mateo,Lopez,58.0,,2023-10-06 04:47:21.110277576,Premium,"1,71841E+18",6.0,7.0,19.1,Uso medio,Adulto
12350,Mariana,Gomez,62.0,,2023-10-06 11:21:39.024756192,Basico,,4.0,3.0,21.709999999999997,Bajo uso,Adulto Mayor
12351,Carlos,Garcia,61.0,Medellín,2023-10-06 17:55:56.939234808,Premium,,6.0,3.0,15.42,Uso medio,Adulto Mayor
12352,Ana,Garcia,28.0,Bogotá,2023-10-07 00:30:14.853713432,Basico,,3.0,3.0,2.46,Bajo uso,Joven
12353,Luis,Garcia,29.0,Medellín,2023-10-07 07:04:32.768192048,Premium,,3.0,8.0,36.95,Uso medio,Joven
12354,Ana,Lopez,79.0,Medellín,2023-10-07 13:38:50.682670672,Premium,,6.0,6.0,22.22,Uso medio,Adulto Mayor
12355,Luis,Gomez,35.0,Bogotá,2023-10-07 20:13:08.597149288,Premium,,3.0,6.0,32.26,Uso medio,Adulto
12356,Luis,Ramirez,47.0,MTY,2023-10-08 02:47:26.511627912,Basico,,4.0,3.0,12.649999999999999,Bajo uso,Adulto
12357,Ana,Lopez,61.0,MTY,2023-10-08 09:21:44.426106528,Basico,,6.0,6.0,15.98,Uso medio,Adulto Mayor
12358,Mateo,Lopez,65.0,Bogotá,2023-10-08 15:56:02.340585152,Basico,,6.0,1.0,2.09,Uso medio,Adulto Mayor
12359,Luis,Gomez,54.0,Medellín,2023-10-08 22:30:20.255063768,Basico,"1,73491E+18",7.0,10.0,66.61,Alto uso,Adulto
12360,Ana,Torres,48.0,Bogotá,2023-10-09 05:04:38.169542392,Basico,,8.0,6.0,30.72,Uso medio,Adulto
12361,Luis,Lopez,37.0,,2023-10-09 11:38:56.084021008,Premium,,1.0,4.0,32.68,Bajo uso,Adulto
12362,Sofia,Torres,42.0,CDMX,2023-10-09 18:13:13.998499632,Basico,"1,7331E+18",5.0,7.0,47.43000000000001,Uso medio,Adulto
12363,Mateo,Torres,29.0,MTY,2023-10-10 00:47:31.912978248,Basico,"1,71988E+18",4.0,6.0,36.73,Uso medio,Joven
12364,Carlos,Garcia,38.0,Bogotá,2023-10-10 07:21:49.827456864,Premium,,7.0,6.0,40.29,Uso medio,Adulto
12365,Luis,Gomez,42.0,CDMX,2023-10-10 13:56:07.741935488,Premium,,7.0,3.0,17.42,Uso medio,Adulto
12366,Sofia,Torres,28.0,MTY,2023-10-10 20:30:25.656414104,Basico,,7.0,6.0,21.05,Uso medio,Joven
12367,Carlos,Gomez,26.0,GDL,2023-10-11 03:04:43.570892728,Basico,,8.0,6.0,47.27000000000001,Uso medio,Joven
12368,Carlos,Garcia,79.0,Bogotá,2023-10-11 09:39:01.485371344,Premium,,4.0,3.0,19.5,Bajo uso,Adulto Mayor
12369,Luis,Gomez,67.0,MTY,2023-10-11 16:13:19.399849968,Premium,,7.0,4.0,9.33,Uso medio,Adulto Mayor
12370,Ana,Lopez,79.0,Medellín,2023-10-11 22:47:37.314328584,Basico,,7.0,7.0,19.17,Uso medio,Adulto Mayor
12371,Luis,Torres,48.0,Bogotá,2023-10-12 05:21:55.228807208,Basico,,4.0,7.0,39.54,Uso medio,Adulto
12372,Sofia,Gomez,42.0,CDMX,2023-10-12 11:56:13.143285824,Basico,,10.0,5.0,38.160000000000004,Alto uso,Adulto
12373,Carlos,Ramirez,52.0,Cali,2023-10-12 18:30:31.057764448,Premium,,2.0,3.0,15.56,Bajo uso,Adulto
12374,Luis,Gomez,69.0,CDMX,2023-10-13 01:04:48.972243064,Basico,"1,72359E+18",2.0,4.0,20.86,Bajo uso,Adulto Mayor
12375,Ana,Torres,49.0,Cali,2023-10-13 07:39:06.886721680,Basico,,3.0,3.0,29.67,Bajo uso,Adulto
12376,Luis,Garcia,66.0,,2023-10-13 14:13:24.801200304,Basico,,12.0,2.0,7.47,Alto uso,Adulto Mayor
12377,Mateo,Garcia,31.0,MTY,2023-10-13 20:47:42.715678920,Premium,,5.0,3.0,24.96,Uso medio,Adulto
12378,Ana,Torres,18.0,,2023-10-14 03:22:00.630157544,Basico,,5.0,4.0,14.209999999999999,Uso medio,Joven
12379,Sofia,Lopez,34.0,Cali,2023-10-14 09:56:18.544636160,Basico,,6.0,3.0,14.030000000000001,Uso medio,Adulto
12380,Carlos,Lopez,42.0,,2023-10-14 16:30:36.459114784,Premium,,6.0,5.0,8.5,Uso medio,Adulto
12381,Luis,Garcia,76.0,Medellín,2023-10-14 23:04:54.373593400,Basico,,2.0,3.0,10.92,Bajo uso,Adulto Mayor
12382,Ana,Garcia,25.0,GDL,2023-10-15 05:39:12.288072024,Basico,,9.0,6.0,33.82,Uso medio,Joven
12383,Mateo,Torres,22.0,,2023-10-15 12:13:30.202550640,Premium,,8.0,7.0,29.450000000000003,Uso medio,Joven
12384,Ana,Lopez,22.0,GDL,2023-10-15 18:47:48.117029264,Basico,,5.0,6.0,29.689999999999998,Uso medio,Joven
12385,Mariana,Garcia,58.0,GDL,2023-10-16 01:22:06.031507880,Premium,,9.0,2.0,6.18,Uso medio,Adulto
12386,Mateo,Lopez,52.0,GDL,2023-10-16 07:56:23.945986496,Basico,,7.0,5.0,34.11,Uso medio,Adulto
12387,Sofia,Garcia,36.0,MTY,2023-10-16 14:30:41.860465120,Basico,,5.0,1.0,1.4,Uso medio,Adulto
12388,Carlos,Gomez,40.0,Bogotá,2023-10-16 21:04:59.774943736,Premium,,2.0,1.0,9.64,Bajo uso,Adulto
12389,Sofia,Ramirez,26.0,Medellín,2023-10-17 03:39:17.689422360,Basico,,0.0,9.0,27.39,Uso medio,Joven
12390,Luis,Gomez,71.0,,2023-10-17 10:13:35.603900976,Premium,,6.0,5.0,38.760000000000005,Uso medio,Adulto Mayor
12391,Ana,Garcia,47.0,CDMX,2023-10-17 16:47:53.518379600,Basico,,4.0,6.0,12.540000000000001,Uso medio,Adulto
12392,Mariana,Ramirez,67.0,,2023-10-17 23:22:11.432858216,Basico,,4.0,1.0,3.29,Bajo uso,Adulto Mayor
12393,Mateo,Ramirez,33.0,,2023-10-18 05:56:29.347336840,Premium,,4.0,0.0,0.0,Bajo uso,Adulto
12394,Mateo,Garcia,50.0,CDMX,2023-10-18 12:30:47.261815456,Basico,,3.0,5.0,22.340000000000003,Uso medio,Adulto
12395,Ana,Garcia,19.0,MTY,2023-10-18 19:05:05.176294080,Basico,,5.0,4.0,12.43,Uso medio,Joven
12396,Mariana,Lopez,31.0,Cali,2023-10-19 01:39:23.090772696,Basico,,6.0,3.0,11.17,Uso medio,Adulto
12397,Ana,Garcia,63.0,Medellín,2023-10-19 08:13:41.005251320,Basico,,5.0,2.0,4.88,Uso medio,Adulto Mayor
12398,Luis,Torres,18.0,Cali,2023-10-19 14:47:58.919729936,Premium,,7.0,8.0,38.7,Uso medio,Joven
12399,Sofia,Garcia,43.0,Medellín,2023-10-19 21:22:16.834208552,Premium,,7.0,5.0,78.6,Uso medio,Adulto
12400,Mateo,Torres,75.0,Bogotá,2023-10-20 03:56:34.748687176,Premium,,4.0,4.0,35.91,Bajo uso,Adulto Mayor
12401,Luis,Garcia,42.0,CDMX,2023-10-20 10:30:52.663165792,Premium,"1,72524E+18",6.0,1.0,0.14,Uso medio,Adulto
12402,Sofia,Lopez,33.0,Bogotá,2023-10-20 17:05:10.577644416,Basico,,2.0,2.0,10.96,Bajo uso,Adulto
12403,Luis,Torres,32.0,CDMX,2023-10-20 23:39:28.492123032,Basico,,4.0,3.0,5.94,Bajo uso,Adulto
12404,Mariana,Gomez,43.0,Medellín,2023-10-21 06:13:46.406601656,Premium,,5.0,8.0,17.2,Uso medio,Adulto
12405,Mateo,Torres,64.0,Cali,2023-10-21 12:48:04.321080272,Basico,,9.0,4.0,22.71,Uso medio,Adulto Mayor
12406,Ana,Lopez,61.0,Bogotá,2023-10-21 19:22:22.235558896,Basico,,5.0,3.0,14.64,Uso medio,Adulto Mayor
12407,Ana,Torres,33.0,,2023-10-22 01:56:40.150037512,Premium,,1.0,5.0,25.93,Uso medio,Adulto
12408,Sofia,Garcia,31.0,Bogotá,2023-10-22 08:30:58.064516136,Basico,,8.0,4.0,24.39,Uso medio,Adulto
12409,Carlos,Garcia,46.0,Medellín,2023-10-22 15:05:15.978994752,Basico,"1,71962E+18",8.0,1.0,7.33,Uso medio,Adulto
12410,Mariana,Lopez,41.0,Medellín,2023-10-22 21:39:33.893473368,Basico,,6.0,4.0,19.79,Uso medio,Adulto
12411,Sofia,Ramirez,64.0,,2023-10-23 04:13:51.807951992,Premium,"1,72446E+18",3.0,4.0,10.76,Bajo uso,Adulto Mayor
12412,Carlos,Garcia,72.0,Medellín,2023-10-23 10:48:09.722430608,Basico,,1.0,7.0,19.939999999999998,Uso medio,Adulto Mayor
12413,Luis,Gomez,32.0,CDMX,2023-10-23 17:22:27.636909232,Basico,,4.0,6.0,13.51,Uso medio,Adulto
12414,Mariana,Lopez,36.0,,2023-10-23 23:56:45.551387848,Premium,,3.0,3.0,18.27,Bajo uso,Adulto
12415,Luis,Torres,25.0,Medellín,2023-10-24 06:31:03.465866472,Premium,,4.0,5.0,129.75,Uso medio,Joven
12416,Mateo,Torres,51.0,CDMX,2023-10-24 13:05:21.380345088,Premium,"1,73344E+18",7.0,6.0,15.25,Uso medio,Adulto
12417,Mariana,Gomez,19.0,Medellín,2023-10-24 19:39:39.294823712,Basico,,6.0,5.0,42.6,Uso medio,Joven
12418,Carlos,Garcia,44.0,,2023-10-25 02:13:57.209302328,Basico,,7.0,7.0,49.800000000000004,Uso medio,Adulto
12419,Mateo,Lopez,27.0,Bogotá,2023-10-25 08:48:15.123780952,Basico,,4.0,5.0,17.37,Uso medio,Joven
12420,Ana,Gomez,52.0,MTY,2023-10-25 15:22:33.038259568,Basico,,5.0,4.0,31.979999999999997,Uso medio,Adulto
12421,Carlos,Garcia,40.0,Cali,2023-10-25 21:56:50.952738184,Basico,,5.0,5.0,28.1,Uso medio,Adulto
12422,Sofia,Lopez,66.0,Cali,2023-10-26 04:31:08.867216808,Basico,"1,73042E+18",5.0,7.0,29.110000000000003,Uso medio,Adulto Mayor
12423,Ana,Torres,25.0,Bogotá,2023-10-26 11:05:26.781695424,Basico,,9.0,6.0,65.84,Uso medio,Joven
12424,Ana,Lopez,45.0,CDMX,2023-10-26 17:39:44.696174048,Premium,"1,72515E+18",11.0,6.0,24.740000000000002,Alto uso,Adulto
12425,Sofia,Ramirez,40.0,GDL,2023-10-27 00:14:02.610652664,Premium,,9.0,6.0,29.71,Uso medio,Adulto
12426,Mariana,Lopez,21.0,Medellín,2023-10-27 06:48:20.525131288,Basico,,1.0,6.0,32.02,Uso medio,Joven
12427,Ana,Ramirez,31.0,Cali,2023-10-27 13:22:38.439609904,Basico,,8.0,4.0,7.989999999999999,Uso medio,Adulto
12428,Carlos,Lopez,48.0,GDL,2023-10-27 19:56:56.354088528,Basico,,8.0,5.0,31.509999999999998,Uso medio,Adulto
12429,Mateo,Ramirez,70.0,MTY,2023-10-28 02:31:14.268567144,Basico,,8.0,7.0,31.189999999999998,Uso medio,Adulto Mayor
12430,Ana,Torres,59.0,CDMX,2023-10-28 09:05:32.183045768,Basico,,6.0,6.0,26.089999999999996,Uso medio,Adulto
12431,Carlos,Garcia,46.0,Medellín,2023-10-28 15:39:50.097524384,Basico,"1,73172E+18",4.0,3.0,2.86,Bajo uso,Adulto
12432,Luis,Ramirez,18.0,CDMX,2023-10-28 22:14:08.012003008,Premium,,6.0,2.0,11.11,Uso medio,Joven
12433,Carlos,Ramirez,21.0,CDMX,2023-10-29 04:48:25.926481624,Premium,,8.0,3.0,5.32,Uso medio,Joven
12434,Mateo,Torres,48.0,CDMX,2023-10-29 11:22:43.840960240,Basico,,1.0,2.0,44.43,Bajo uso,Adulto
12435,Carlos,Ramirez,49.0,Medellín,2023-10-29 17:57:01.755438864,Premium,,5.0,4.0,19.78,Uso medio,Adulto
12436,Sofia,Gomez,50.0,Bogotá,2023-10-30 00:31:19.669917480,Premium,,3.0,3.0,19.82,Bajo uso,Adulto
12437,Mateo,Torres,66.0,GDL,2023-10-30 07:05:37.584396104,Premium,,4.0,6.0,27.479999999999997,Uso medio,Adulto Mayor
12438,Mariana,Gomez,43.0,,2023-10-30 13:39:55.498874720,Basico,,4.0,6.0,28.03,Uso medio,Adulto
12439,Luis,Torres,34.0,GDL,2023-10-30 20:14:13.413353344,Basico,"1,71832E+18",4.0,4.0,16.119999999999997,Bajo uso,Adulto
12440,Sofia,Ramirez,56.0,MTY,2023-10-31 02:48:31.327831960,Premium,,2.0,7.0,32.51,Uso medio,Adulto
12441,Mariana,Gomez,40.0,,2023-10-31 09:22:49.242310584,Basico,,6.0,7.0,41.91,Uso medio,Adulto
12442,Carlos,Ramirez,49.0,Bogotá,2023-10-31 15:57:07.156789200,Premium,,1.0,6.0,12.340000000000002,Uso medio,Adulto
12443,Mateo,Torres,69.0,Bogotá,2023-10-31 22:31:25.071267824,Premium,,10.0,4.0,28.769999999999996,Alto uso,Adulto Mayor
12444,Luis,Ramirez,32.0,CDMX,2023-11-01 05:05:42.985746440,Premium,,4.0,2.0,8.75,Bajo uso,Adulto
12445,Sofia,Gomez,30.0,Cali,2023-11-01 11:40:00.900225056,Basico,,4.0,6.0,32.74,Uso medio,Adulto
12446,Mariana,Gomez,77.0,Bogotá,2023-11-01 18:14:18.814703680,Basico,,6.0,6.0,9.48,Uso medio,Adulto Mayor
12447,Mariana,Ramirez,19.0,Cali,2023-11-02 00:48:36.729182296,Premium,,4.0,5.0,10.68,Uso medio,Joven
12448,Luis,Lopez,77.0,GDL,2023-11-02 07:22:54.643660920,Premium,,1.0,1.0,1.75,Bajo uso,Adulto Mayor
12449,Carlos,Torres,36.0,Bogotá,2023-11-02 13:57:12.558139536,Basico,,5.0,4.0,28.69,Uso medio,Adulto
12450,Luis,Torres,41.0,Cali,2023-11-02 20:31:30.472618160,Premium,,5.0,5.0,18.68,Uso medio,Adulto
12451,Mariana,Ramirez,62.0,,2023-11-03 03:05:48.387096776,Premium,,4.0,9.0,51.35,Uso medio,Adulto Mayor
12452,Ana,Lopez,41.0,CDMX,2023-11-03 09:40:06.301575400,Basico,,4.0,6.0,8.360000000000001,Uso medio,Adulto
12453,Sofia,Gomez,28.0,Cali,2023-11-03 16:14:24.216054016,Premium,,6.0,8.0,41.07000000000001,Uso medio,Joven
12454,Luis,Garcia,76.0,MTY,2023-11-03 22:48:42.130532640,Basico,"1,7318E+18",11.0,4.0,1.17,Alto uso,Adulto Mayor
12455,Mariana,Garcia,39.0,Bogotá,2023-11-04 05:23:00.045011256,Basico,,4.0,2.0,1.66,Bajo uso,Adulto
12456,Carlos,Ramirez,32.0,GDL,2023-11-04 11:57:17.959489872,Basico,,3.0,1.0,5.45,Bajo uso,Adulto
12457,Mariana,Lopez,27.0,Medellín,2023-11-04 18:31:35.873968496,Premium,,8.0,7.0,24.249999999999996,Uso medio,Joven
12458,Carlos,Lopez,58.0,MTY,2023-11-05 01:05:53.788447112,Premium,,6.0,7.0,42.32,Uso medio,Adulto
12459,Luis,Torres,44.0,MTY,2023-11-05 07:40:11.702925736,Basico,,1.0,2.0,14.01,Bajo uso,Adulto
12460,Carlos,Gomez,77.0,CDMX,2023-11-05 14:14:29.617404352,Premium,,10.0,6.0,29.64,Alto uso,Adulto Mayor
12461,Mateo,Lopez,26.0,CDMX,2023-11-05 20:48:47.531882976,Premium,,4.0,5.0,49.349999999999994,Uso medio,Joven
12462,Mateo,Garcia,69.0,,2023-11-06 03:23:05.446361592,Premium,,7.0,6.0,48.519999999999996,Uso medio,Adulto Mayor
12463,Mateo,Gomez,45.0,,2023-11-06 09:57:23.360840216,Basico,,10.0,2.0,11.92,Alto uso,Adulto
12464,Ana,Gomez,18.0,Cali,2023-11-06 16:31:41.275318832,Basico,,6.0,6.0,53.85,Uso medio,Joven
12465,Luis,Ramirez,34.0,GDL,2023-11-06 23:05:59.189797456,Basico,"1,71755E+18",7.0,5.0,26.929999999999996,Uso medio,Adulto
12466,Mariana,Lopez,48.0,Bogotá,2023-11-07 05:40:17.104276072,Premium,,7.0,1.0,6.19,Uso medio,Adulto
12467,Mariana,Ramirez,61.0,Medellín,2023-11-07 12:14:35.018754688,Basico,,6.0,4.0,9.41,Uso medio,Adulto Mayor
12468,Ana,Lopez,27.0,,2023-11-07 18:48:52.933233312,Premium,,8.0,4.0,17.770000000000003,Uso medio,Joven
12469,Carlos,Torres,48.0,Bogotá,2023-11-08 01:23:10.847711928,Premium,,10.0,4.0,8.780000000000001,Alto uso,Adulto
12470,Ana,Ramirez,54.0,Cali,2023-11-08 07:57:28.762190552,Premium,,4.0,6.0,47.39,Uso medio,Adulto
12471,Carlos,Ramirez,79.0,,2023-11-08 14:31:46.676669168,Premium,"1,71737E+18",10.0,5.0,24.53,Alto uso,Adulto Mayor
12472,Carlos,Garcia,46.0,,2023-11-08 21:06:04.591147792,Basico,"1,71919E+18",6.0,7.0,141.36999999999998,Uso medio,Adulto
12473,Sofia,Ramirez,35.0,GDL,2023-11-09 03:40:22.505626408,Premium,,7.0,3.0,23.630000000000003,Uso medio,Adulto
12474,Mariana,Lopez,64.0,CDMX,2023-11-09 10:14:40.420105032,Basico,,5.0,3.0,15.86,Uso medio,Adulto Mayor
12475,Mateo,Garcia,55.0,Bogotá,,Premium,,7.0,4.0,8.49,Uso medio,Adulto
12476,Carlos,Ramirez,56.0,Bogotá,2023-11-09 23:23:16.249062272,Premium,,4.0,4.0,14.959999999999999,Bajo uso,Adulto
12477,Sofia,Ramirez,66.0,GDL,2023-11-10 05:57:34.163540888,Premium,,4.0,3.0,8.4,Bajo uso,Adulto Mayor
12478,Mariana,Torres,23.0,GDL,2023-11-10 12:31:52.078019512,Premium,"1,72074E+18",6.0,6.0,10.18,Uso medio,Joven
12479,Mateo,Ramirez,57.0,Cali,2023-11-10 19:06:09.992498128,Basico,,9.0,7.0,24.13,Uso medio,Adulto
12480,Carlos,Gomez,29.0,Bogotá,2023-11-11 01:40:27.906976744,Basico,,3.0,2.0,7.0600000000000005,Bajo uso,Joven
12481,Carlos,Garcia,70.0,MTY,2023-11-11 08:14:45.821455368,Premium,,3.0,5.0,36.56,Uso medio,Adulto Mayor
12482,Ana,Gomez,31.0,Medellín,2023-11-11 14:49:03.735933984,Basico,,6.0,4.0,14.15,Uso medio,Adulto
12483,Ana,Garcia,61.0,Medellín,2023-11-11 21:23:21.650412608,Basico,,3.0,2.0,3.6100000000000003,Bajo uso,Adulto Mayor
12484,Mariana,Torres,72.0,Cali,2023-11-12 03:57:39.564891224,Basico,"1,71763E+18",5.0,4.0,31.66,Uso medio,Adulto Mayor
12485,Mateo,Ramirez,27.0,CDMX,2023-11-12 10:31:57.479369848,Basico,,5.0,2.0,4.949999999999999,Uso medio,Joven
12486,Carlos,Ramirez,71.0,Medellín,2023-11-12 17:06:15.393848464,Basico,,3.0,7.0,24.86,Uso medio,Adulto Mayor
12487,Mariana,Ramirez,37.0,Bogotá,2023-11-12 23:40:33.308327088,Premium,,8.0,3.0,24.58,Uso medio,Adulto
12488,Mariana,Garcia,32.0,CDMX,2023-11-13 06:14:51.222805704,Basico,,2.0,7.0,18.88,Uso medio,Adulto
12489,Luis,Ramirez,48.0,Cali,2023-11-13 12:49:09.137284328,Basico,,7.0,6.0,37.269999999999996,Uso medio,Adulto
12490,Ana,Gomez,24.0,MTY,2023-11-13 19:23:27.051762944,Premium,,6.0,6.0,16.84,Uso medio,Joven
12491,Mateo,Ramirez,75.0,MTY,2023-11-14 01:57:44.966241560,Basico,"1,71737E+18",3.0,7.0,29.06,Uso medio,Adulto Mayor
12492,Carlos,Torres,58.0,Bogotá,2023-11-14 08:32:02.880720184,Basico,"1,72644E+18",7.0,12.0,50.019999999999996,Alto uso,Adulto
12493,Mariana,Gomez,27.0,MTY,2023-11-14 15:06:20.795198800,Premium,,7.0,6.0,13.81,Uso medio,Joven
12494,Carlos,Ramirez,27.0,MTY,2023-11-14 21:40:38.709677424,Premium,,5.0,5.0,49.32,Uso medio,Joven
12495,Luis,Ramirez,65.0,Cali,2023-11-15 04:14:56.624156040,Basico,,5.0,4.0,8.95,Uso medio,Adulto Mayor
12496,Mateo,Lopez,78.0,CDMX,2023-11-15 10:49:14.538634664,Premium,"1,72428E+18",4.0,5.0,19.44,Uso medio,Adulto Mayor
12497,Mariana,Garcia,56.0,,2023-11-15 17:23:32.453113280,Premium,,5.0,3.0,25.740000000000002,Uso medio,Adulto
12498,Carlos,Gomez,45.0,Bogotá,2023-11-15 23:57:50.367591904,Basico,,9.0,4.0,8.8,Uso medio,Adulto
12499,Ana,Lopez,47.0,GDL,2023-11-16 06:32:08.282070520,Basico,,1.0,4.0,26.689999999999998,Bajo uso,Adulto
12500,Luis,Torres,54.0,CDMX,2023-11-16 13:06:26.196549144,Premium,,9.0,2.0,20.64,Uso medio,Adulto
12501,Mateo,Garcia,72.0,Bogotá,2023-11-16 19:40:44.111027760,Basico,,3.0,1.0,3.1,Bajo uso,Adulto Mayor
12502,Luis,Gomez,20.0,Medellín,2023-11-17 02:15:02.025506376,Basico,,2.0,6.0,51.970000000000006,Uso medio,Joven
12503,Ana,Ramirez,67.0,CDMX,2023-11-17 08:49:19.939985000,Premium,,8.0,7.0,38.660000000000004,Uso medio,Adulto Mayor
12504,Mateo,Gomez,60.0,GDL,2023-11-17 15:23:37.854463616,Basico,,2.0,5.0,12.639999999999999,Uso medio,Adulto Mayor
12505,Luis,Ramirez,32.0,Cali,2023-11-17 21:57:55.768942240,Basico,,5.0,5.0,12.36,Uso medio,Adulto
12506,Sofia,Garcia,38.0,CDMX,2023-11-18 04:32:13.683420856,Basico,"1,728E+18",9.0,6.0,26.479999999999997,Uso medio,Adulto
12507,Ana,Ramirez,69.0,,2023-11-18 11:06:31.597899480,Premium,,6.0,1.0,12.3,Uso medio,Adulto Mayor
12508,Ana,Torres,54.0,Medellín,2023-11-18 17:40:49.512378096,Basico,"1,72048E+18",5.0,3.0,16.07,Uso medio,Adulto
12509,Ana,Ramirez,73.0,Bogotá,2023-11-19 00:15:07.426856720,Basico,,4.0,5.0,28.32,Uso medio,Adulto Mayor
12510,Sofia,Torres,29.0,MTY,2023-11-19 06:49:25.341335336,Basico,,1.0,5.0,19.509999999999998,Uso medio,Joven
12511,Sofia,Garcia,21.0,CDMX,2023-11-19 13:23:43.255813960,Basico,"1,73146E+18",6.0,11.0,48.75,Alto uso,Joven
12512,Carlos,Garcia,64.0,Cali,2023-11-19 19:58:01.170292576,Premium,,4.0,3.0,22.78,Bajo uso,Adulto Mayor
12513,Mariana,Gomez,26.0,CDMX,2023-11-20 02:32:19.084771200,Premium,,6.0,5.0,16.709999999999997,Uso medio,Joven
12514,Luis,Torres,56.0,MTY,2023-11-20 09:06:36.999249816,Basico,,1.0,6.0,10.95,Uso medio,Adulto
12515,Carlos,Torres,59.0,Bogotá,2023-11-20 15:40:54.913728432,Premium,,5.0,7.0,52.60999999999999,Uso medio,Adulto
12516,Luis,Lopez,78.0,GDL,2023-11-20 22:15:12.828207056,Premium,,3.0,8.0,33.26,Uso medio,Adulto Mayor
12517,Mariana,Lopez,45.0,Bogotá,2023-11-21 04:49:30.742685672,Premium,,4.0,3.0,15.659999999999998,Bajo uso,Adulto
12518,Sofia,Lopez,40.0,Cali,2023-11-21 11:23:48.657164296,Basico,,3.0,5.0,20.51,Uso medio,Adulto
12519,Mariana,Ramirez,48.0,Bogotá,2023-11-21 17:58:06.571642912,Basico,,4.0,10.0,30.130000000000003,Alto uso,Adulto
12520,Sofia,Lopez,62.0,,2023-11-22 00:32:24.486121536,Premium,"1,721E+18",8.0,8.0,20.94,Uso medio,Adulto Mayor
12521,Mariana,Torres,78.0,Cali,2023-11-22 07:06:42.400600152,Basico,"1,73448E+18",5.0,3.0,29.21,Uso medio,Adulto Mayor
12522,Carlos,Ramirez,57.0,MTY,2023-11-22 13:41:00.315078776,Basico,,6.0,6.0,14.74,Uso medio,Adulto
12523,Mateo,Garcia,61.0,MTY,2023-11-22 20:15:18.229557392,Basico,,1.0,4.0,10.93,Bajo uso,Adulto Mayor
12524,Carlos,Gomez,39.0,Bogotá,2023-11-23 02:49:36.144036016,Premium,,4.0,6.0,39.47,Uso medio,Adulto
12525,Luis,Lopez,41.0,Medellín,2023-11-23 09:23:54.058514632,Basico,,5.0,1.0,0.32,Uso medio,Adulto
12526,Carlos,Garcia,68.0,GDL,2023-11-23 15:58:11.972993248,Basico,,4.0,9.0,35.56999999999999,Uso medio,Adulto Mayor
12527,Ana,Torres,75.0,,2023-11-23 22:32:29.887471872,Basico,,8.0,9.0,44.35,Uso medio,Adulto Mayor
12528,Luis,Gomez,43.0,Medellín,2023-11-24 05:06:47.801950488,Premium,,5.0,3.0,37.81999999999999,Uso medio,Adulto
12529,Mariana,Garcia,47.0,MTY,2023-11-24 11:41:05.716429112,Basico,"1,72584E+18",4.0,6.0,27.379999999999995,Uso medio,Adulto
12530,Luis,Gomez,50.0,Medellín,2023-11-24 18:15:23.630907728,Basico,,6.0,4.0,10.89,Uso medio,Adulto
12531,Mateo,Lopez,33.0,MTY,2023-11-25 00:49:41.545386352,Basico,,3.0,4.0,15.39,Bajo uso,Adulto
12532,Sofia,Torres,39.0,Cali,2023-11-25 07:23:59.459864968,Basico,,7.0,2.0,7.470000000000001,Uso medio,Adulto
12533,Mariana,Gomez,66.0,Bogotá,2023-11-25 13:58:17.374343592,Basico,,5.0,7.0,19.14,Uso medio,Adulto Mayor
12534,Luis,Garcia,74.0,CDMX,2023-11-25 20:32:35.288822208,Basico,,5.0,2.0,3.72,Uso medio,Adulto Mayor
12535,Mariana,Lopez,79.0,CDMX,2023-11-26 03:06:53.203300832,Premium,"1,73431E+18",9.0,5.0,23.73,Uso medio,Adulto Mayor
12536,Mariana,Lopez,67.0,,2023-11-26 09:41:11.117779448,Basico,,7.0,3.0,19.66,Uso medio,Adulto Mayor
12537,Mariana,Garcia,60.0,Bogotá,2023-11-26 16:15:29.032258064,Premium,,5.0,0.0,0.0,Uso medio,Adulto Mayor
12538,Sofia,Garcia,35.0,,2023-11-26 22:49:46.946736688,Basico,"1,73457E+18",7.0,3.0,10.01,Uso medio,Adulto
12539,Carlos,Gomez,24.0,CDMX,2023-11-27 05:24:04.861215304,Basico,,3.0,0.0,0.0,Bajo uso,Joven
12540,Mariana,Ramirez,67.0,GDL,2023-11-27 11:58:22.775693928,Basico,,6.0,4.0,20.130000000000003,Uso medio,Adulto Mayor
12541,Ana,Lopez,43.0,GDL,2023-11-27 18:32:40.690172544,Basico,,5.0,5.0,30.46,Uso medio,Adulto
12542,Mateo,Gomez,25.0,Bogotá,2023-11-28 01:06:58.604651168,Basico,"1,73068E+18",7.0,7.0,46.769999999999996,Uso medio,Joven
12543,Sofia,Garcia,23.0,MTY,2023-11-28 07:41:16.519129784,Basico,"1,73275E+18",4.0,4.0,12.17,Bajo uso,Joven
12544,Luis,Gomez,47.0,CDMX,2023-11-28 14:15:34.433608408,Premium,,6.0,5.0,27.95,Uso medio,Adulto
12545,Sofia,Garcia,56.0,Medellín,2023-11-28 20:49:52.348087024,Basico,,3.0,6.0,28.560000000000006,Uso medio,Adulto
12546,Luis,Torres,40.0,Bogotá,2023-11-29 03:24:10.262565648,Basico,,6.0,2.0,20.16,Uso medio,Adulto
12547,Sofia,Garcia,49.0,GDL,2023-11-29 09:58:28.177044264,Basico,,7.0,5.0,22.98,Uso medio,Adulto
12548,Luis,Garcia,39.0,Bogotá,2023-11-29 16:32:46.091522888,Basico,,4.0,4.0,23.169999999999998,Bajo uso,Adulto
12549,Mariana,Garcia,59.0,Medellín,2023-11-29 23:07:04.006001504,Basico,,3.0,11.0,65.79,Alto uso,Adulto
12550,Carlos,Ramirez,60.0,GDL,2023-11-30 05:41:21.920480120,Basico,,9.0,6.0,17.439999999999998,Uso medio,Adulto Mayor
12551,Luis,Garcia,74.0,GDL,2023-11-30 12:15:39.834958744,Basico,,9.0,5.0,27.52,Uso medio,Adulto Mayor
12552,Luis,Lopez,62.0,MTY,2023-11-30 18:49:57.749437360,Basico,,7.0,8.0,50.809999999999995,Uso medio,Adulto Mayor
12553,Ana,Lopez,26.0,Medellín,2023-12-01 01:24:15.663915984,Basico,,6.0,6.0,34.09,Uso medio,Joven
12554,Luis,Gomez,48.0,Cali,2023-12-01 07:58:33.578394600,Basico,"1,73379E+18",5.0,5.0,12.84,Uso medio,Adulto
12555,Ana,Ramirez,24.0,MTY,2023-12-01 14:32:51.492873224,Basico,,1.0,5.0,32.15,Uso medio,Joven
12556,Mateo,Gomez,26.0,GDL,2023-12-01 21:07:09.407351840,Basico,,7.0,10.0,34.699999999999996,Alto uso,Joven
12557,Mariana,Lopez,30.0,,2023-12-02 03:41:27.321830464,Basico,,3.0,4.0,29.919999999999998,Bajo uso,Adulto
12558,Ana,Lopez,75.0,,2023-12-02 10:15:45.236309080,Basico,,7.0,3.0,13.720000000000002,Uso medio,Adulto Mayor
12559,Carlos,Torres,20.0,Medellín,2023-12-02 16:50:03.150787704,Basico,,2.0,4.0,9.31,Bajo uso,Joven
12560,Mariana,Garcia,52.0,,2023-12-02 23:24:21.065266320,Basico,,3.0,5.0,18.07,Uso medio,Adulto
12561,Ana,Lopez,50.0,Medellín,2023-12-03 05:58:38.979744936,Basico,"1,71979E+18",4.0,4.0,14.72,Bajo uso,Adulto
12562,Mariana,Gomez,38.0,Medellín,2023-12-03 12:32:56.894223560,Basico,,8.0,6.0,34.64,Uso medio,Adulto
12563,Mariana,Gomez,48.0,MTY,2023-12-03 19:07:14.808702176,Basico,"1,73448E+18",6.0,7.0,19.27,Uso medio,Adulto
12564,Mariana,Garcia,69.0,Bogotá,2023-12-04 01:41:32.723180800,Basico,,7.0,9.0,35.6,Uso medio,Adulto Mayor
12565,Mateo,Garcia,51.0,CDMX,2023-12-04 08:15:50.637659416,Basico,,7.0,5.0,35.75,Uso medio,Adulto
12566,Carlos,Torres,49.0,Cali,2023-12-04 14:50:08.552138040,Premium,,9.0,5.0,18.75,Uso medio,Adulto
12567,Sofia,Ramirez,74.0,,2023-12-04 21:24:26.466616656,Premium,,9.0,4.0,11.97,Uso medio,Adulto Mayor
12568,Sofia,Gomez,52.0,Medellín,2023-12-05 03:58:44.381095280,Basico,,4.0,3.0,7.84,Bajo uso,Adulto
12569,Ana,Garcia,32.0,MTY,2023-12-05 10:33:02.295573896,Premium,,4.0,5.0,20.259999999999998,Uso medio,Adulto
12570,Mariana,Gomez,73.0,CDMX,2023-12-05 17:07:20.210052520,Basico,,5.0,5.0,4.96,Uso medio,Adulto Mayor
12571,Ana,Garcia,49.0,GDL,2023-12-05 23:41:38.124531136,Basico,,4.0,0.0,0.0,Bajo uso,Adulto
12572,Mateo,Lopez,23.0,GDL,2023-12-06 06:15:56.039009752,Premium,,2.0,4.0,26.93,Bajo uso,Joven
12573,Mateo,Gomez,79.0,Medellín,2023-12-06 12:50:13.953488376,Premium,,4.0,3.0,21.45,Bajo uso,Adulto Mayor
12574,Luis,Lopez,62.0,,2023-12-06 19:24:31.867966992,Premium,,10.0,4.0,15.799999999999999,Alto uso,Adulto Mayor
12575,Mateo,Gomez,38.0,CDMX,2023-12-07 01:58:49.782445616,Basico,,6.0,3.0,16.63,Uso medio,Adulto
12576,Luis,Ramirez,50.0,CDMX,2023-12-07 08:33:07.696924232,Basico,"1,7267E+18",5.0,4.0,8.59,Uso medio,Adulto
12577,Carlos,Torres,49.0,Medellín,2023-12-07 15:07:25.611402856,Basico,"1,72238E+18",7.0,4.0,20.759999999999998,Uso medio,Adulto
12578,Ana,Lopez,69.0,GDL,2023-12-07 21:41:43.525881472,Basico,,3.0,4.0,28.749999999999996,Bajo uso,Adulto Mayor
12579,Carlos,Garcia,36.0,,2023-12-08 04:16:01.440360096,Basico,,2.0,8.0,39.209999999999994,Uso medio,Adulto
12580,Mateo,Ramirez,50.0,MTY,2023-12-08 10:50:19.354838712,Premium,,5.0,2.0,11.629999999999999,Uso medio,Adulto
12581,Carlos,Gomez,45.0,GDL,2023-12-08 17:24:37.269317336,Basico,"1,72394E+18",4.0,5.0,16.99,Uso medio,Adulto
12582,Carlos,Lopez,48.0,GDL,2023-12-08 23:58:55.183795952,Basico,,5.0,2.0,10.98,Uso medio,Adulto
12583,Carlos,Gomez,38.0,CDMX,2023-12-09 06:33:13.098274576,Basico,,3.0,2.0,14.790000000000001,Bajo uso,Adulto
12584,Mateo,Gomez,71.0,Bogotá,2023-12-09 13:07:31.012753192,Basico,,3.0,4.0,18.46,Bajo uso,Adulto Mayor
12585,Mariana,Gomez,51.0,CDMX,2023-12-09 19:41:48.927231808,Basico,,11.0,6.0,26.29,Alto uso,Adulto
12586,Carlos,Torres,32.0,Bogotá,2023-12-10 02:16:06.841710432,Premium,,5.0,6.0,43.05,Uso medio,Adulto
12587,Luis,Torres,31.0,Bogotá,2023-12-10 08:50:24.756189048,Basico,,5.0,4.0,32.46,Uso medio,Adulto
12588,Mateo,Garcia,36.0,CDMX,2023-12-10 15:24:42.670667672,Basico,,2.0,5.0,14.929999999999998,Uso medio,Adulto
12589,Carlos,Lopez,60.0,CDMX,2023-12-10 21:59:00.585146288,Premium,,4.0,3.0,19.42,Bajo uso,Adulto Mayor
12590,Mariana,Ramirez,79.0,Bogotá,2023-12-11 04:33:18.499624912,Premium,,6.0,4.0,12.01,Uso medio,Adulto Mayor
12591,Mateo,Ramirez,32.0,Medellín,2023-12-11 11:07:36.414103528,Premium,,5.0,2.0,8.39,Uso medio,Adulto
12592,Sofia,Ramirez,23.0,,2023-12-11 17:41:54.328582152,Premium,,6.0,7.0,29.35,Uso medio,Joven
12593,Mariana,Gomez,69.0,CDMX,2023-12-12 00:16:12.243060768,Basico,,5.0,9.0,36.43,Uso medio,Adulto Mayor
12594,Luis,Torres,26.0,CDMX,2023-12-12 06:50:30.157539392,Premium,,4.0,6.0,22.01,Uso medio,Joven
12595,Carlos,Lopez,54.0,CDMX,2023-12-12 13:24:48.072018008,Basico,,11.0,1.0,0.88,Alto uso,Adulto
12596,Sofia,Gomez,37.0,Bogotá,2023-12-12 19:59:05.986496624,Premium,,7.0,7.0,21.65,Uso medio,Adulto
12597,Sofia,Torres,51.0,Medellín,2023-12-13 02:33:23.900975248,Premium,,6.0,3.0,4.529999999999999,Uso medio,Adulto
12598,Mateo,Torres,55.0,Cali,2023-12-13 09:07:41.815453864,Basico,,5.0,7.0,39.980000000000004,Uso medio,Adulto
12599,Sofia,Lopez,43.0,Medellín,2023-12-13 15:41:59.729932488,Basico,,7.0,3.0,8.879999999999999,Uso medio,Adulto
12600,Luis,Lopez,35.0,GDL,2023-12-13 22:16:17.644411104,Basico,,4.0,4.0,7.93,Bajo uso,Adulto
12601,Luis,Lopez,45.0,Bogotá,2023-12-14 04:50:35.558889728,Premium,,2.0,2.0,4.46,Bajo uso,Adulto
12602,Ana,Gomez,78.0,,2023-12-14 11:24:53.473368344,Basico,,3.0,5.0,19.91,Uso medio,Adulto Mayor
12603,Luis,Garcia,72.0,MTY,2023-12-14 17:59:11.387846968,Premium,,4.0,6.0,52.04,Uso medio,Adulto Mayor
12604,Mariana,Lopez,68.0,Bogotá,2023-12-15 00:33:29.302325584,Basico,,4.0,9.0,49.25,Uso medio,Adulto Mayor
12605,Sofia,Garcia,26.0,,2023-12-15 07:07:47.216804208,Basico,,6.0,5.0,34.089999999999996,Uso medio,Joven
12606,Luis,Gomez,49.0,Medellín,2023-12-15 13:42:05.131282824,Premium,,7.0,6.0,35.35,Uso medio,Adulto
12607,Mateo,Garcia,76.0,Medellín,2023-12-15 20:16:23.045761440,Basico,,6.0,4.0,42.81,Uso medio,Adulto Mayor
12608,Ana,Ramirez,70.0,GDL,2023-12-16 02:50:40.960240064,Basico,,4.0,5.0,18.9,Uso medio,Adulto Mayor
12609,Sofia,Garcia,73.0,Bogotá,2023-12-16 09:24:58.874718680,Basico,,5.0,5.0,38.78,Uso medio,Adulto Mayor
12610,Ana,Lopez,76.0,CDMX,2023-12-16 15:59:16.789197304,Premium,,9.0,1.0,0.18,Uso medio,Adulto Mayor
12611,Sofia,Gomez,23.0,Medellín,2023-12-16 22:33:34.703675920,Premium,"1,72394E+18",8.0,3.0,12.56,Uso medio,Joven
12612,Mateo,Lopez,31.0,CDMX,2023-12-17 05:07:52.618154544,Premium,,3.0,8.0,54.879999999999995,Uso medio,Adulto
12613,Ana,Ramirez,45.0,Cali,2023-12-17 11:42:10.532633160,Premium,,3.0,4.0,20.23,Bajo uso,Adulto
12614,Carlos,Lopez,75.0,Cali,2023-12-17 18:16:28.447111784,Basico,,2.0,7.0,27.240000000000002,Uso medio,Adulto Mayor
12615,Mariana,Lopez,41.0,Bogotá,2023-12-18 00:50:46.361590400,Basico,"1,72705E+18",4.0,7.0,52.55,Uso medio,Adulto
12616,Mariana,Lopez,78.0,CDMX,2023-12-18 07:25:04.276069024,Basico,,2.0,5.0,24.900000000000002,Uso medio,Adulto Mayor
12617,Sofia,Torres,30.0,CDMX,2023-12-18 13:59:22.190547640,Basico,,5.0,6.0,30.22,Uso medio,Adulto
12618,Carlos,Ramirez,60.0,Cali,2023-12-18 20:33:40.105026264,Basico,,4.0,4.0,8.94,Bajo uso,Adulto Mayor
12619,Ana,Lopez,29.0,Medellín,2023-12-19 03:07:58.019504880,Basico,,7.0,4.0,18.97,Uso medio,Joven
12620,Carlos,Lopez,68.0,Medellín,2023-12-19 09:42:15.933983496,Basico,,4.0,2.0,2.3600000000000003,Bajo uso,Adulto Mayor
12621,Carlos,Lopez,36.0,MTY,2023-12-19 16:16:33.848462120,Basico,,4.0,4.0,18.479999999999997,Bajo uso,Adulto
12622,Ana,Gomez,38.0,Bogotá,2023-12-19 22:50:51.762940736,Premium,"1,73396E+18",6.0,3.0,18.939999999999998,Uso medio,Adulto
12623,Mateo,Torres,44.0,Medellín,2023-12-20 05:25:09.677419360,Premium,,3.0,3.0,14.86,Bajo uso,Adulto
12624,Carlos,Gomez,75.0,Bogotá,2023-12-20 11:59:27.591897976,Basico,,3.0,4.0,9.44,Bajo uso,Adulto Mayor
12625,Carlos,Torres,36.0,Medellín,2023-12-20 18:33:45.506376600,Premium,,7.0,5.0,52.28,Uso medio,Adulto
12626,Mateo,Lopez,41.0,Cali,2023-12-21 01:08:03.420855216,Premium,,7.0,4.0,18.07,Uso medio,Adulto
12627,Carlos,Ramirez,43.0,GDL,2023-12-21 07:42:21.335333840,Basico,,9.0,9.0,29.33,Uso medio,Adulto
12628,Carlos,Garcia,62.0,CDMX,2023-12-21 14:16:39.249812456,Basico,,4.0,4.0,25.080000000000002,Bajo uso,Adulto Mayor
12629,Carlos,Garcia,45.0,Bogotá,2023-12-21 20:50:57.164291080,Basico,,7.0,2.0,13.02,Uso medio,Adulto
12630,Mariana,Lopez,63.0,CDMX,2023-12-22 03:25:15.078769696,Basico,,7.0,6.0,36.26,Uso medio,Adulto Mayor
12631,Luis,Gomez,73.0,Cali,2023-12-22 09:59:32.993248312,Premium,,5.0,7.0,29.21,Uso medio,Adulto Mayor
12632,Mateo,Ramirez,35.0,Medellín,2023-12-22 16:33:50.907726936,Premium,,5.0,5.0,17.35,Uso medio,Adulto
12633,Carlos,Torres,61.0,,2023-12-22 23:08:08.822205552,Premium,,6.0,7.0,70.11999999999999,Uso medio,Adulto Mayor
12634,Mariana,Lopez,53.0,Medellín,2023-12-23 05:42:26.736684176,Basico,,5.0,2.0,19.740000000000002,Uso medio,Adulto
12635,Mateo,Ramirez,59.0,CDMX,2023-12-23 12:16:44.651162792,Premium,,8.0,4.0,16.95,Uso medio,Adulto
12636,Sofia,Ramirez,46.0,GDL,2023-12-23 18:51:02.565641416,Basico,,7.0,9.0,23.509999999999998,Uso medio,Adulto
12637,Sofia,Torres,34.0,Cali,2023-12-24 01:25:20.480120032,Premium,,5.0,7.0,45.06,Uso medio,Adulto
12638,Carlos,Ramirez,21.0,CDMX,2023-12-24 07:59:38.394598656,Basico,,9.0,5.0,10.17,Uso medio,Joven
12639,Mariana,Gomez,61.0,Medellín,2023-12-24 14:33:56.309077272,Basico,,6.0,7.0,34.18,Uso medio,Adulto Mayor
12640,Mariana,Gomez,62.0,Cali,2023-12-24 21:08:14.223555896,Basico,,8.0,8.0,31.65,Uso medio,Adulto Mayor
12641,Mateo,Gomez,78.0,MTY,2023-12-25 03:42:32.138034512,Premium,,3.0,3.0,19.28,Bajo uso,Adulto Mayor
12642,Mateo,Ramirez,76.0,MTY,2023-12-25 10:16:50.052513128,Basico,,2.0,5.0,11.9,Uso medio,Adulto Mayor
12643,Mariana,Gomez,46.0,Bogotá,2023-12-25 16:51:07.966991752,Basico,,6.0,6.0,20.96,Uso medio,Adulto
12644,Mateo,Torres,21.0,,2023-12-25 23:25:25.881470368,Premium,,3.0,3.0,8.69,Bajo uso,Joven
12645,Mariana,Ramirez,27.0,GDL,2023-12-26 05:59:43.795948992,Premium,,10.0,6.0,39.33999999999999,Alto uso,Joven
12646,Luis,Garcia,42.0,,2023-12-26 12:34:01.710427608,Basico,,6.0,6.0,41.48,Uso medio,Adulto
12647,Mariana,Ramirez,48.0,Bogotá,2023-12-26 19:08:19.624906232,Premium,,8.0,4.0,13.21,Uso medio,Adulto
12648,Sofia,Torres,20.0,,2023-12-27 01:42:37.539384848,Basico,,11.0,5.0,18.479999999999997,Alto uso,Joven
12649,Mateo,Garcia,64.0,CDMX,2023-12-27 08:16:55.453863472,Basico,,2.0,4.0,34.949999999999996,Bajo uso,Adulto Mayor
12650,Mariana,Ramirez,19.0,CDMX,2023-12-27 14:51:13.368342088,Basico,,8.0,4.0,11.08,Uso medio,Joven
12651,Mariana,Gomez,74.0,Cali,2023-12-27 21:25:31.282820712,Basico,,3.0,6.0,41.41,Uso medio,Adulto Mayor
12652,Mateo,Lopez,42.0,,2023-12-28 03:59:49.197299328,Basico,,4.0,1.0,7.45,Bajo uso,Adulto
12653,Luis,Lopez,66.0,Bogotá,2023-12-28 10:34:07.111777952,Basico,,6.0,4.0,20.31,Uso medio,Adulto Mayor
12654,Luis,Gomez,23.0,Medellín,2023-12-28 17:08:25.026256568,Basico,,7.0,3.0,21.32,Uso medio,Joven
12655,Mateo,Lopez,43.0,,2023-12-28 23:42:42.940735184,Premium,"1,72385E+18",1.0,8.0,33.72,Uso medio,Adulto
12656,Ana,Lopez,25.0,CDMX,2023-12-29 06:17:00.855213808,Premium,"1,71755E+18",1.0,6.0,68.03999999999999,Uso medio,Joven
12657,Mateo,Gomez,52.0,Bogotá,2023-12-29 12:51:18.769692424,Basico,,7.0,1.0,1.96,Uso medio,Adulto
12658,Mateo,Gomez,44.0,,2023-12-29 19:25:36.684171048,Basico,,6.0,4.0,26.830000000000002,Uso medio,Adulto
12659,Luis,Ramirez,42.0,MTY,2023-12-30 01:59:54.598649664,Basico,,7.0,3.0,16.27,Uso medio,Adulto
12660,Luis,Ramirez,35.0,MTY,2023-12-30 08:34:12.513128288,Premium,,6.0,6.0,27.19,Uso medio,Adulto
12661,Mateo,Gomez,71.0,Cali,2023-12-30 15:08:30.427606904,Basico,,7.0,4.0,9.780000000000001,Uso medio,Adulto Mayor
12662,Mateo,Torres,18.0,MTY,2023-12-30 21:42:48.342085528,Basico,,5.0,2.0,10.49,Uso medio,Joven
12663,Mateo,Lopez,78.0,CDMX,2023-12-31 04:17:06.256564144,Basico,,7.0,5.0,16.39,Uso medio,Adulto Mayor
12664,Luis,Ramirez,65.0,,2023-12-31 10:51:24.171042768,Basico,,8.0,6.0,19.75,Uso medio,Adulto Mayor
12665,Mateo,Lopez,56.0,Bogotá,2023-12-31 17:25:42.085521384,Basico,,7.0,6.0,31.560000000000002,Uso medio,Adulto
12666,Mateo,Garcia,20.0,Cali,2024-01-01 00:00:00.000000000,Premium,,13.0,3.0,11.5,Alto uso,Joven
12667,Carlos,Gomez,72.0,Cali,2024-01-01 06:34:17.914478624,Premium,,3.0,7.0,33.269999999999996,Uso medio,Adulto Mayor
12668,Ana,Torres,21.0,CDMX,2024-01-01 13:08:35.828957240,Basico,,5.0,7.0,87.55999999999999,Uso medio,Joven
12669,Sofia,Garcia,58.0,CDMX,2024-01-01 19:42:53.743435864,Basico,,4.0,5.0,27.62,Uso medio,Adulto
12670,Ana,Garcia,54.0,MTY,2024-01-02 02:17:11.657914480,Premium,,9.0,4.0,31.900000000000002,Uso medio,Adulto
12671,Carlos,Garcia,68.0,MTY,2024-01-02 08:51:29.572393104,Basico,,7.0,3.0,7.73,Uso medio,Adulto Mayor
12672,Sofia,Gomez,32.0,Medellín,2024-01-02 15:25:47.486871720,Basico,,6.0,5.0,17.64,Uso medio,Adulto
12673,Mateo,Ramirez,25.0,Medellín,2024-01-02 22:00:05.401350344,Premium,,4.0,3.0,1.75,Bajo uso,Joven
12674,Carlos,Gomez,55.0,Bogotá,2024-01-03 04:34:23.315828960,Premium,"1,72022E+18",5.0,3.0,2.61,Uso medio,Adulto
12675,Mateo,Ramirez,67.0,GDL,2024-01-03 11:08:41.230307584,Basico,,3.0,4.0,31.57,Bajo uso,Adulto Mayor
12676,Luis,Garcia,36.0,MTY,2024-01-03 17:42:59.144786200,Basico,,15.0,3.0,24.98,Alto uso,Adulto
12677,Mariana,Garcia,73.0,Bogotá,2024-01-04 00:17:17.059264816,Premium,,9.0,6.0,73.0,Uso medio,Adulto Mayor
12678,Carlos,Torres,64.0,Bogotá,2024-01-04 06:51:34.973743440,Premium,,8.0,6.0,18.490000000000002,Uso medio,Adulto Mayor
12679,Luis,Ramirez,43.0,CDMX,2024-01-04 13:25:52.888222056,Premium,"1,73232E+18",8.0,8.0,51.11000000000001,Uso medio,Adulto
12680,Carlos,Garcia,56.0,Medellín,2024-01-04 20:00:10.802700680,Premium,,9.0,4.0,11.870000000000001,Uso medio,Adulto
12681,Carlos,Lopez,27.0,CDMX,2024-01-05 02:34:28.717179296,Basico,,4.0,7.0,25.290000000000003,Uso medio,Joven
12682,Luis,Torres,55.0,MTY,2024-01-05 09:08:46.631657920,Basico,,3.0,1.0,5.47,Bajo uso,Adulto
12683,Sofia,Gomez,31.0,Medellín,2024-01-05 15:43:04.546136536,Basico,,4.0,7.0,51.86,Uso medio,Adulto
12684,Ana,Torres,66.0,CDMX,2024-01-05 22:17:22.460615160,Basico,,6.0,2.0,6.6899999999999995,Uso medio,Adulto Mayor
12685,Mateo,Lopez,58.0,Bogotá,2024-01-06 04:51:40.375093776,Basico,,6.0,3.0,5.27,Uso medio,Adulto
12686,Carlos,Ramirez,36.0,MTY,2024-01-06 11:25:58.289572400,Basico,,9.0,6.0,33.05,Uso medio,Adulto
12687,Mateo,Gomez,47.0,CDMX,2024-01-06 18:00:16.204051016,Premium,,3.0,1.0,11.68,Bajo uso,Adulto
12688,Mariana,Gomez,22.0,GDL,2024-01-07 00:34:34.118529632,Premium,,3.0,3.0,11.859999999999998,Bajo uso,Joven
12689,Luis,Ramirez,72.0,,2024-01-07 07:08:52.033008256,Basico,,4.0,4.0,19.549999999999997,Bajo uso,Adulto Mayor
12690,Mateo,Torres,48.0,Bogotá,2024-01-07 13:43:09.947486872,Basico,,7.0,2.0,21.64,Uso medio,Adulto
12691,Luis,Garcia,24.0,,2024-01-07 20:17:27.861965496,Basico,,3.0,1.0,6.26,Bajo uso,Joven
12692,Mateo,Torres,36.0,Bogotá,2024-01-08 02:51:45.776444112,Basico,,6.0,6.0,24.919999999999998,Uso medio,Adulto
12693,Ana,Lopez,48.0,Bogotá,2024-01-08 09:26:03.690922736,Premium,,7.0,3.0,7.76,Uso medio,Adulto
12694,Ana,Garcia,69.0,MTY,2024-01-08 16:00:21.605401352,Basico,,4.0,8.0,23.04,Uso medio,Adulto Mayor
12695,Ana,Torres,75.0,MTY,2024-01-08 22:34:39.519879976,Basico,,7.0,6.0,16.98,Uso medio,Adulto Mayor
12696,Ana,Ramirez,56.0,GDL,2024-01-09 05:08:57.434358592,Basico,,6.0,8.0,36.29,Uso medio,Adulto
12697,Ana,Lopez,41.0,MTY,2024-01-09 11:43:15.348837216,Premium,,3.0,6.0,48.339999999999996,Uso medio,Adulto
12698,Ana,Lopez,51.0,Bogotá,2024-01-09 18:17:33.263315832,Premium,,8.0,3.0,19.389999999999997,Uso medio,Adulto
12699,Luis,Lopez,74.0,GDL,2024-01-10 00:51:51.177794456,Premium,,13.0,2.0,10.180000000000001,Alto uso,Adulto Mayor
12700,Carlos,Garcia,40.0,GDL,2024-01-10 07:26:09.092273072,Basico,"1,73517E+18",1.0,8.0,22.7,Uso medio,Adulto
12701,Mateo,Gomez,65.0,GDL,2024-01-10 14:00:27.006751688,Basico,,8.0,3.0,38.24,Uso medio,Adulto Mayor
12702,Ana,Garcia,62.0,Bogotá,2024-01-10 20:34:44.921230312,Basico,,5.0,5.0,19.630000000000003,Uso medio,Adulto Mayor
12703,Luis,Torres,57.0,Medellín,2024-01-11 03:09:02.835708928,Basico,,8.0,5.0,40.72,Uso medio,Adulto
12704,Luis,Gomez,23.0,,2024-01-11 09:43:20.750187552,Basico,,9.0,4.0,10.37,Uso medio,Joven
12705,Luis,Torres,55.0,GDL,2024-01-11 16:17:38.664666168,Basico,,4.0,9.0,39.43,Uso medio,Adulto
12706,Carlos,Gomez,58.0,GDL,2024-01-11 22:51:56.579144792,Basico,,3.0,6.0,41.86,Uso medio,Adulto
12707,Mateo,Garcia,53.0,MTY,2024-01-12 05:26:14.493623408,Basico,,2.0,7.0,48.57000000000001,Uso medio,Adulto
12708,Carlos,Lopez,44.0,,2024-01-12 12:00:32.408102032,Basico,,6.0,6.0,13.79,Uso medio,Adulto
12709,Sofia,Ramirez,28.0,CDMX,2024-01-12 18:34:50.322580648,Basico,,9.0,5.0,34.71,Uso medio,Joven
12710,Luis,Lopez,22.0,Medellín,2024-01-13 01:09:08.237059272,Premium,"1,7204E+18",6.0,4.0,13.34,Uso medio,Joven
12711,Sofia,Garcia,74.0,Bogotá,2024-01-13 07:43:26.151537888,Premium,,8.0,3.0,132.92,Uso medio,Adulto Mayor
12712,Mariana,Gomez,34.0,CDMX,2024-01-13 14:17:44.066016504,Basico,,7.0,3.0,4.49,Uso medio,Adulto
12713,Ana,Lopez,69.0,MTY,2024-01-13 20:52:01.980495128,Basico,,7.0,5.0,26.35,Uso medio,Adulto Mayor
12714,Ana,Garcia,24.0,GDL,2024-01-14 03:26:19.894973744,Premium,,7.0,5.0,20.45,Uso medio,Joven
12715,Carlos,Torres,44.0,,2024-01-14 10:00:37.809452368,Basico,"1,73085E+18",5.0,3.0,8.57,Uso medio,Adulto
12716,Mateo,Ramirez,64.0,Bogotá,2024-01-14 16:34:55.723930984,Premium,,7.0,6.0,18.55,Uso medio,Adulto Mayor
12717,Sofia,Lopez,74.0,Bogotá,2024-01-14 23:09:13.638409608,Basico,,6.0,5.0,11.180000000000001,Uso medio,Adulto Mayor
12718,Mateo,Gomez,32.0,Bogotá,2024-01-15 05:43:31.552888224,Premium,,4.0,5.0,23.96,Uso medio,Adulto
12719,Carlos,Torres,63.0,Medellín,2024-01-15 12:17:49.467366848,Premium,,7.0,3.0,8.9,Uso medio,Adulto Mayor
12720,Ana,Garcia,30.0,Bogotá,2024-01-15 18:52:07.381845464,Premium,,5.0,5.0,20.96,Uso medio,Adulto
12721,Mateo,Ramirez,28.0,CDMX,2024-01-16 01:26:25.296324088,Premium,,9.0,5.0,46.13999999999999,Uso medio,Joven
12722,Mateo,Gomez,77.0,MTY,2024-01-16 08:00:43.210802704,Basico,"1,72757E+18",7.0,2.0,8.48,Uso medio,Adulto Mayor
12723,Ana,Garcia,62.0,GDL,2024-01-16 14:35:01.125281320,Basico,,2.0,2.0,4.99,Bajo uso,Adulto Mayor
12724,Sofia,Garcia,43.0,Medellín,2024-01-16 21:09:19.039759944,Basico,,4.0,5.0,37.13000000000001,Uso medio,Adulto
12725,Ana,Lopez,39.0,CDMX,2024-01-17 03:43:36.954238560,Basico,,2.0,6.0,32.0,Uso medio,Adulto
12726,Mateo,Lopez,45.0,Bogotá,2024-01-17 10:17:54.868717184,Basico,,8.0,7.0,27.509999999999998,Uso medio,Adulto
12727,Sofia,Gomez,41.0,GDL,2024-01-17 16:52:12.783195800,Basico,,3.0,3.0,19.37,Bajo uso,Adulto
12728,Sofia,Garcia,46.0,,2024-01-17 23:26:30.697674424,Premium,,8.0,3.0,27.919999999999998,Uso medio,Adulto
12729,Ana,Lopez,26.0,MTY,2024-01-18 06:00:48.612153040,Basico,,6.0,5.0,30.54,Uso medio,Joven
12730,Mateo,Ramirez,59.0,MTY,2024-01-18 12:35:06.526631664,Basico,,9.0,3.0,16.880000000000003,Uso medio,Adulto
12731,Carlos,Ramirez,21.0,,2024-01-18 19:09:24.441110280,Basico,,5.0,4.0,11.73,Uso medio,Joven
12732,Mateo,Garcia,66.0,Bogotá,2024-01-19 01:43:42.355588904,Basico,,5.0,9.0,38.18,Uso medio,Adulto Mayor
12733,Luis,Lopez,63.0,,2024-01-19 08:18:00.270067520,Basico,"1,73137E+18",4.0,6.0,32.11,Uso medio,Adulto Mayor
12734,Mariana,Gomez,73.0,CDMX,2024-01-19 14:52:18.184546144,Premium,,3.0,3.0,20.32,Bajo uso,Adulto Mayor
12735,Carlos,Gomez,35.0,MTY,2024-01-19 21:26:36.099024760,Basico,,4.0,6.0,35.980000000000004,Uso medio,Adulto
12736,Sofia,Gomez,60.0,Medellín,2024-01-20 04:00:54.013503376,Basico,,7.0,11.0,87.38000000000001,Alto uso,Adulto Mayor
12737,Carlos,Ramirez,33.0,,2024-01-20 10:35:11.927982000,Basico,,4.0,6.0,30.759999999999998,Uso medio,Adulto
12738,Sofia,Lopez,50.0,GDL,2024-01-20 17:09:29.842460616,Basico,,4.0,6.0,31.0,Uso medio,Adulto
12739,Sofia,Lopez,46.0,,2024-01-20 23:43:47.756939240,Premium,,7.0,5.0,12.22,Uso medio,Adulto
12740,Carlos,Ramirez,56.0,Bogotá,2024-01-21 06:18:05.671417856,Basico,,6.0,4.0,1.8599999999999999,Uso medio,Adulto
12741,Sofia,Gomez,77.0,Cali,2024-01-21 12:52:23.585896480,Basico,,8.0,2.0,19.97,Uso medio,Adulto Mayor
12742,Sofia,Gomez,27.0,MTY,2024-01-21 19:26:41.500375096,Basico,,3.0,7.0,32.55,Uso medio,Joven
12743,Luis,Garcia,26.0,GDL,,Premium,"1,72463E+18",3.0,4.0,41.57,Bajo uso,Joven
12744,Mateo,Torres,76.0,,2024-01-22 08:35:17.329332336,Basico,,2.0,5.0,29.62,Uso medio,Adulto Mayor
12745,Mateo,Lopez,48.0,,2024-01-22 15:09:35.243810960,Premium,,10.0,4.0,15.35,Alto uso,Adulto
12746,Mariana,Lopez,45.0,Bogotá,2024-01-22 21:43:53.158289576,Basico,,5.0,8.0,34.760000000000005,Uso medio,Adulto
12747,Mariana,Lopez,77.0,CDMX,2024-01-23 04:18:11.072768192,Basico,,6.0,6.0,45.330000000000005,Uso medio,Adulto Mayor
12748,Luis,Torres,74.0,CDMX,2024-01-23 10:52:28.987246816,Premium,"1,73474E+18",7.0,4.0,36.370000000000005,Uso medio,Adulto Mayor
12749,Mariana,Garcia,20.0,Bogotá,2024-01-23 17:26:46.901725432,Basico,,10.0,7.0,39.27,Alto uso,Joven
12750,Carlos,Torres,71.0,CDMX,2024-01-24 00:01:04.816204056,Basico,,2.0,5.0,24.740000000000002,Uso medio,Adulto Mayor
12751,Ana,Gomez,72.0,MTY,2024-01-24 06:35:22.730682672,Basico,,1.0,6.0,10.849999999999998,Uso medio,Adulto Mayor
12752,Ana,Gomez,31.0,MTY,2024-01-24 13:09:40.645161296,Basico,,6.0,6.0,24.52,Uso medio,Adulto
12753,Ana,Lopez,75.0,Medellín,2024-01-24 19:43:58.559639912,Premium,,4.0,7.0,37.55,Uso medio,Adulto Mayor
12754,Luis,Ramirez,42.0,CDMX,2024-01-25 02:18:16.474118536,Basico,,3.0,1.0,2.27,Bajo uso,Adulto
12755,Luis,Lopez,32.0,Bogotá,2024-01-25 08:52:34.388597152,Premium,,3.0,4.0,29.29,Bajo uso,Adulto
12756,Sofia,Ramirez,19.0,Bogotá,2024-01-25 15:26:52.303075776,Basico,"1,73102E+18",5.0,5.0,6.210000000000001,Uso medio,Joven
12757,Ana,Torres,41.0,Medellín,2024-01-25 22:01:10.217554392,Basico,,4.0,5.0,40.07000000000001,Uso medio,Adulto
12758,Carlos,Gomez,31.0,Bogotá,2024-01-26 04:35:28.132033008,Premium,,3.0,2.0,23.53,Bajo uso,Adulto
12759,Mariana,Ramirez,65.0,MTY,2024-01-26 11:09:46.046511632,Basico,,2.0,9.0,32.06,Uso medio,Adulto Mayor
12760,Carlos,Torres,24.0,Medellín,2024-01-26 17:44:03.960990248,Basico,,5.0,7.0,19.050000000000004,Uso medio,Joven
12761,Mariana,Gomez,53.0,Cali,2024-01-27 00:18:21.875468872,Basico,,8.0,4.0,11.35,Uso medio,Adulto
12762,Ana,Ramirez,67.0,Medellín,2024-01-27 06:52:39.789947488,Basico,,9.0,8.0,28.24,Uso medio,Adulto Mayor
12763,Ana,Lopez,41.0,,2024-01-27 13:26:57.704426112,Premium,,3.0,3.0,2.0300000000000002,Bajo uso,Adulto
12764,Ana,Lopez,44.0,Medellín,2024-01-27 20:01:15.618904728,Basico,,5.0,5.0,23.979999999999997,Uso medio,Adulto
12765,Luis,Lopez,54.0,Cali,2024-01-28 02:35:33.533383352,Basico,,1.0,3.0,5.340000000000001,Bajo uso,Adulto
12766,Mariana,Torres,55.0,CDMX,2024-01-28 09:09:51.447861968,Premium,,5.0,4.0,9.120000000000001,Uso medio,Adulto
12767,Luis,Lopez,47.0,Bogotá,2024-01-28 15:44:09.362340592,Basico,"1,72895E+18",6.0,11.0,44.59,Alto uso,Adulto
12768,Luis,Garcia,44.0,Bogotá,2024-01-28 22:18:27.276819208,Basico,"1,73025E+18",2.0,3.0,4.73,Bajo uso,Adulto
12769,Mateo,Gomez,56.0,GDL,2024-01-29 04:52:45.191297832,Basico,,5.0,0.0,0.0,Uso medio,Adulto
12770,Carlos,Torres,48.0,Bogotá,2024-01-29 11:27:03.105776448,Premium,,6.0,3.0,17.52,Uso medio,Adulto
12771,Carlos,Lopez,32.0,GDL,2024-01-29 18:01:21.020255064,Premium,,2.0,8.0,63.830000000000005,Uso medio,Adulto
12772,Sofia,Gomez,43.0,Medellín,2024-01-30 00:35:38.934733688,Premium,"1,72066E+18",3.0,5.0,16.91,Uso medio,Adulto
12773,Luis,Ramirez,18.0,Bogotá,2024-01-30 07:09:56.849212304,Basico,,7.0,4.0,18.02,Uso medio,Joven
12774,Mariana,Lopez,73.0,Bogotá,2024-01-30 13:44:14.763690928,Basico,,6.0,5.0,41.75,Uso medio,Adulto Mayor
12775,Mateo,Gomez,21.0,,2024-01-30 20:18:32.678169544,Basico,,7.0,6.0,39.730000000000004,Uso medio,Joven
12776,Mateo,Garcia,46.0,MTY,2024-01-31 02:52:50.592648168,Basico,,3.0,8.0,50.370000000000005,Uso medio,Adulto
12777,Carlos,Ramirez,74.0,MTY,2024-01-31 09:27:08.507126784,Premium,,4.0,5.0,9.79,Uso medio,Adulto Mayor
12778,Luis,Garcia,18.0,MTY,2024-01-31 16:01:26.421605408,Basico,,4.0,6.0,28.709999999999997,Uso medio,Joven
12779,Sofia,Gomez,60.0,,2024-01-31 22:35:44.336084024,Basico,,4.0,6.0,24.02,Uso medio,Adulto Mayor
12780,Luis,Garcia,67.0,Bogotá,2024-02-01 05:10:02.250562648,Premium,,6.0,10.0,61.379999999999995,Alto uso,Adulto Mayor
12781,Ana,Gomez,63.0,Medellín,2024-02-01 11:44:20.165041264,Premium,,9.0,7.0,44.74,Uso medio,Adulto Mayor
12782,Luis,Gomez,39.0,GDL,2024-02-01 18:18:38.079519880,Basico,,5.0,4.0,10.690000000000001,Uso medio,Adulto
12783,Ana,Garcia,28.0,Bogotá,2024-02-02 00:52:55.993998504,Basico,"1,73223E+18",4.0,2.0,6.8100000000000005,Bajo uso,Joven
12784,Ana,Gomez,27.0,GDL,2024-02-02 07:27:13.908477120,Basico,,4.0,5.0,16.34,Uso medio,Joven
12785,Sofia,Lopez,76.0,Medellín,2024-02-02 14:01:31.822955744,Basico,,5.0,3.0,16.240000000000002,Uso medio,Adulto Mayor
12786,Mariana,Gomez,79.0,Cali,2024-02-02 20:35:49.737434360,Basico,,7.0,4.0,137.04999999999998,Uso medio,Adulto Mayor
12787,Carlos,Torres,34.0,Medellín,2024-02-03 03:10:07.651912984,Basico,,4.0,1.0,4.17,Bajo uso,Adulto
12788,Luis,Gomez,53.0,Medellín,2024-02-03 09:44:25.566391600,Premium,,6.0,2.0,5.19,Uso medio,Adulto
12789,Ana,Torres,73.0,Bogotá,2024-02-03 16:18:43.480870224,Basico,"1,72074E+18",5.0,9.0,32.06,Uso medio,Adulto Mayor
12790,Luis,Gomez,64.0,Medellín,2024-02-03 22:53:01.395348840,Basico,"1,72161E+18",2.0,6.0,14.77,Uso medio,Adulto Mayor
12791,Mariana,Gomez,43.0,Bogotá,2024-02-04 05:27:19.309827464,Basico,,5.0,3.0,14.08,Uso medio,Adulto
12792,Carlos,Garcia,65.0,Medellín,2024-02-04 12:01:37.224306080,Basico,,6.0,7.0,26.56,Uso medio,Adulto Mayor
12793,Mariana,Lopez,38.0,GDL,2024-02-04 18:35:55.138784696,Basico,,2.0,7.0,33.17,Uso medio,Adulto
12794,Carlos,Lopez,30.0,CDMX,2024-02-05 01:10:13.053263320,Premium,,12.0,3.0,7.01,Alto uso,Adulto
12795,Mateo,Ramirez,26.0,Bogotá,2024-02-05 07:44:30.967741936,Premium,,10.0,5.0,27.81,Alto uso,Joven
12796,Carlos,Garcia,28.0,Bogotá,2024-02-05 14:18:48.882220560,Basico,,6.0,3.0,8.84,Uso medio,Joven
12797,Sofia,Garcia,28.0,GDL,2024-02-05 20:53:06.796699176,Premium,,6.0,3.0,21.919999999999998,Uso medio,Joven
12798,Mariana,Lopez,23.0,Medellín,2024-02-06 03:27:24.711177800,Basico,,10.0,6.0,20.490000000000002,Alto uso,Joven
12799,Ana,Garcia,18.0,CDMX,2024-02-06 10:01:42.625656416,Basico,,5.0,4.0,27.830000000000002,Uso medio,Joven
12800,Mateo,Lopez,71.0,GDL,2024-02-06 16:36:00.540135040,Basico,,2.0,3.0,9.27,Bajo uso,Adulto Mayor
12801,Sofia,Garcia,23.0,Medellín,2024-02-06 23:10:18.454613656,Premium,,5.0,4.0,17.42,Uso medio,Joven
12802,Luis,Gomez,30.0,Bogotá,2024-02-07 05:44:36.369092280,Basico,,9.0,5.0,17.18,Uso medio,Adulto
12803,Mariana,Lopez,39.0,Medellín,2024-02-07 12:18:54.283570896,Basico,,2.0,4.0,19.63,Bajo uso,Adulto
12804,Ana,Lopez,73.0,Bogotá,2024-02-07 18:53:12.198049520,Premium,,5.0,3.0,15.14,Uso medio,Adulto Mayor
12805,Carlos,Torres,48.0,,2024-02-08 01:27:30.112528136,Basico,,5.0,7.0,53.36000000000001,Uso medio,Adulto
12806,Ana,Garcia,39.0,Bogotá,2024-02-08 08:01:48.027006752,Basico,,8.0,5.0,47.040000000000006,Uso medio,Adulto
12807,Luis,Garcia,54.0,CDMX,2024-02-08 14:36:05.941485376,Basico,,1.0,1.0,0.25,Bajo uso,Adulto
12808,Mateo,Lopez,64.0,MTY,2024-02-08 21:10:23.855963992,Premium,,4.0,3.0,8.49,Bajo uso,Adulto Mayor
12809,Mateo,Gomez,44.0,CDMX,2024-02-09 03:44:41.770442616,Basico,,6.0,2.0,10.530000000000001,Uso medio,Adulto
12810,Mariana,Gomez,67.0,,2024-02-09 10:18:59.684921232,Basico,,10.0,7.0,33.67,Alto uso,Adulto Mayor
12811,Mateo,Gomez,69.0,CDMX,2024-02-09 16:53:17.599399856,Premium,,2.0,8.0,46.39,Uso medio,Adulto Mayor
12812,Mariana,Garcia,31.0,MTY,2024-02-09 23:27:35.513878472,Basico,,2.0,3.0,17.79,Bajo uso,Adulto
12813,Mariana,Torres,64.0,GDL,2024-02-10 06:01:53.428357096,Basico,"1,72532E+18",5.0,2.0,5.57,Uso medio,Adulto Mayor
12814,Mariana,Lopez,75.0,Cali,2024-02-10 12:36:11.342835712,Premium,,7.0,5.0,25.490000000000002,Uso medio,Adulto Mayor
12815,Carlos,Ramirez,22.0,MTY,2024-02-10 19:10:29.257314336,Premium,,3.0,1.0,1.47,Bajo uso,Joven
12816,Sofia,Torres,75.0,,2024-02-11 01:44:47.171792952,Premium,,7.0,7.0,40.28,Uso medio,Adulto Mayor
12817,Mariana,Ramirez,53.0,CDMX,2024-02-11 08:19:05.086271568,Basico,"1,71841E+18",4.0,5.0,26.28,Uso medio,Adulto
12818,Mariana,Torres,49.0,CDMX,2024-02-11 14:53:23.000750192,Basico,"1,73362E+18",8.0,3.0,13.580000000000002,Uso medio,Adulto
12819,Sofia,Gomez,51.0,GDL,2024-02-11 21:27:40.915228808,Premium,,5.0,7.0,37.93000000000001,Uso medio,Adulto
12820,Ana,Garcia,24.0,Cali,2024-02-12 04:01:58.829707432,Premium,,6.0,6.0,18.53,Uso medio,Joven
12821,Mariana,Ramirez,59.0,,2024-02-12 10:36:16.744186048,Basico,,4.0,6.0,56.7,Uso medio,Adulto
12822,Carlos,Torres,65.0,CDMX,2024-02-12 17:10:34.658664672,Basico,,5.0,2.0,4.33,Uso medio,Adulto Mayor
12823,Mateo,Garcia,27.0,CDMX,2024-02-12 23:44:52.573143288,Basico,"1,72956E+18",6.0,7.0,44.449999999999996,Uso medio,Joven
12824,Mateo,Ramirez,67.0,Medellín,2024-02-13 06:19:10.487621912,Basico,,6.0,6.0,50.32000000000001,Uso medio,Adulto Mayor
12825,Luis,Lopez,34.0,CDMX,2024-02-13 12:53:28.402100528,Premium,,8.0,4.0,40.25999999999999,Uso medio,Adulto
12826,Luis,Torres,47.0,CDMX,2024-02-13 19:27:46.316579152,Basico,,7.0,4.0,12.129999999999999,Uso medio,Adulto
12827,Mateo,Lopez,38.0,CDMX,2024-02-14 02:02:04.231057768,Basico,,7.0,5.0,16.5,Uso medio,Adulto
12828,Mateo,Gomez,77.0,CDMX,2024-02-14 08:36:22.145536384,Basico,,6.0,2.0,13.940000000000001,Uso medio,Adulto Mayor
12829,Carlos,Lopez,30.0,GDL,2024-02-14 15:10:40.060015008,Basico,,3.0,6.0,59.04,Uso medio,Adulto
12830,Sofia,Lopez,18.0,CDMX,2024-02-14 21:44:57.974493624,Basico,,5.0,2.0,1.0899999999999999,Uso medio,Joven
12831,Luis,Torres,18.0,MTY,2024-02-15 04:19:15.888972248,Premium,,6.0,7.0,34.470000000000006,Uso medio,Joven
12832,Sofia,Gomez,64.0,Cali,2024-02-15 10:53:33.803450864,Basico,,6.0,5.0,31.740000000000006,Uso medio,Adulto Mayor
12833,Carlos,Lopez,50.0,MTY,2024-02-15 17:27:51.717929488,Basico,,3.0,7.0,43.67,Uso medio,Adulto
12834,Mateo,Garcia,55.0,Medellín,2024-02-16 00:02:09.632408104,Basico,,2.0,1.0,0.67,Bajo uso,Adulto
12835,Mariana,Ramirez,42.0,CDMX,2024-02-16 06:36:27.546886728,Premium,"1,71867E+18",8.0,2.0,22.52,Uso medio,Adulto
12836,Sofia,Lopez,43.0,Medellín,2024-02-16 13:10:45.461365344,Premium,,6.0,3.0,19.729999999999997,Uso medio,Adulto
12837,Mateo,Gomez,30.0,MTY,2024-02-16 19:45:03.375843968,Basico,"1,73163E+18",10.0,2.0,5.66,Alto uso,Adulto
12838,Mateo,Lopez,76.0,Medellín,2024-02-17 02:19:21.290322584,Premium,"1,71763E+18",6.0,3.0,31.299999999999997,Uso medio,Adulto Mayor
12839,Ana,Ramirez,45.0,CDMX,2024-02-17 08:53:39.204801208,Basico,,5.0,4.0,6.03,Uso medio,Adulto
12840,Sofia,Gomez,50.0,,2024-02-17 15:27:57.119279824,Basico,,5.0,5.0,16.509999999999998,Uso medio,Adulto
12841,Mariana,Torres,54.0,GDL,2024-02-17 22:02:15.033758440,Premium,,7.0,5.0,25.56,Uso medio,Adulto
12842,Sofia,Gomez,48.0,MTY,2024-02-18 04:36:32.948237064,Basico,,2.0,6.0,16.71,Uso medio,Adulto
12843,Mateo,Torres,58.0,,2024-02-18 11:10:50.862715680,Basico,,3.0,8.0,37.150000000000006,Uso medio,Adulto
12844,Mariana,Gomez,47.0,Bogotá,2024-02-18 17:45:08.777194304,Premium,,4.0,3.0,4.3,Bajo uso,Adulto
12845,Carlos,Ramirez,74.0,MTY,2024-02-19 00:19:26.691672920,Premium,,5.0,4.0,23.380000000000003,Uso medio,Adulto Mayor
12846,Ana,Ramirez,66.0,,2024-02-19 06:53:44.606151544,Basico,,3.0,7.0,39.27,Uso medio,Adulto Mayor
12847,Mateo,Gomez,65.0,MTY,2024-02-19 13:28:02.520630160,Premium,,5.0,1.0,1.18,Uso medio,Adulto Mayor
12848,Luis,Lopez,25.0,CDMX,2024-02-19 20:02:20.435108784,Basico,,3.0,5.0,18.17,Uso medio,Joven
12849,Luis,Ramirez,66.0,,2024-02-20 02:36:38.349587400,Basico,,6.0,7.0,28.05,Uso medio,Adulto Mayor
12850,Ana,Torres,64.0,GDL,2024-02-20 09:10:56.264066024,Basico,,9.0,6.0,21.599999999999998,Uso medio,Adulto Mayor
12851,Carlos,Torres,73.0,,2024-02-20 15:45:14.178544640,Basico,,4.0,3.0,13.25,Bajo uso,Adulto Mayor
12852,Mateo,Garcia,18.0,CDMX,2024-02-20 22:19:32.093023256,Premium,,8.0,8.0,40.550000000000004,Uso medio,Joven
12853,Sofia,Torres,29.0,Medellín,2024-02-21 04:53:50.007501880,Basico,,6.0,4.0,20.550000000000004,Uso medio,Joven
12854,Ana,Garcia,22.0,Bogotá,2024-02-21 11:28:07.921980496,Basico,,4.0,9.0,44.300000000000004,Uso medio,Joven
12855,Carlos,Gomez,41.0,,2024-02-21 18:02:25.836459120,Basico,,4.0,5.0,14.440000000000001,Uso medio,Adulto
12856,Sofia,Gomez,23.0,Bogotá,2024-02-22 00:36:43.750937736,Basico,"1,73172E+18",3.0,5.0,9.89,Uso medio,Joven
12857,Luis,Gomez,42.0,CDMX,2024-02-22 07:11:01.665416360,Basico,,10.0,3.0,13.64,Alto uso,Adulto
12858,Luis,Lopez,18.0,Medellín,2024-02-22 13:45:19.579894976,Premium,,8.0,1.0,1.59,Uso medio,Joven
12859,Sofia,Lopez,42.0,CDMX,2024-02-22 20:19:37.494373600,Basico,,8.0,2.0,8.59,Uso medio,Adulto
12860,Ana,Garcia,18.0,Cali,2024-02-23 02:53:55.408852216,Basico,,2.0,3.0,8.9,Bajo uso,Joven
12861,Luis,Torres,49.0,,2024-02-23 09:28:13.323330840,Basico,,3.0,6.0,39.39,Uso medio,Adulto
12862,Mateo,Torres,59.0,Bogotá,2024-02-23 16:02:31.237809456,Premium,,6.0,3.0,11.830000000000002,Uso medio,Adulto
12863,Mariana,Gomez,59.0,Cali,2024-02-23 22:36:49.152288072,Basico,"1,72489E+18",5.0,4.0,8.0,Uso medio,Adulto
12864,Sofia,Ramirez,20.0,CDMX,2024-02-24 05:11:07.066766696,Basico,,4.0,6.0,27.750000000000004,Uso medio,Joven
12865,Sofia,Lopez,66.0,Bogotá,2024-02-24 11:45:24.981245312,Basico,,10.0,4.0,18.0,Alto uso,Adulto Mayor
12866,Luis,Lopez,36.0,MTY,2024-02-24 18:19:42.895723936,Basico,,8.0,6.0,48.41,Uso medio,Adulto
12867,Ana,Gomez,77.0,Medellín,2024-02-25 00:54:00.810202552,Basico,,7.0,4.0,35.73,Uso medio,Adulto Mayor
12868,Mateo,Lopez,60.0,CDMX,2024-02-25 07:28:18.724681176,Premium,,5.0,6.0,40.53,Uso medio,Adulto Mayor
12869,Ana,Gomez,46.0,Cali,2024-02-25 14:02:36.639159792,Premium,,3.0,4.0,24.259999999999998,Bajo uso,Adulto
12870,Carlos,Garcia,67.0,CDMX,2024-02-25 20:36:54.553638416,Basico,,4.0,3.0,30.41,Bajo uso,Adulto Mayor
12871,Carlos,Torres,19.0,Medellín,2024-02-26 03:11:12.468117032,Premium,,5.0,6.0,37.86,Uso medio,Joven
12872,Mariana,Ramirez,26.0,CDMX,2024-02-26 09:45:30.382595656,Premium,,6.0,9.0,43.58,Uso medio,Joven
12873,Luis,Torres,73.0,Cali,2024-02-26 16:19:48.297074272,Premium,,8.0,3.0,17.61,Uso medio,Adulto Mayor
12874,Luis,Torres,34.0,CDMX,2024-02-26 22:54:06.211552896,Premium,,6.0,2.0,13.84,Uso medio,Adulto
12875,Luis,Garcia,77.0,Bogotá,2024-02-27 05:28:24.126031512,Premium,,4.0,4.0,14.379999999999999,Bajo uso,Adulto Mayor
12876,Mariana,Lopez,63.0,GDL,2024-02-27 12:02:42.040510128,Basico,,5.0,7.0,18.880000000000003,Uso medio,Adulto Mayor
12877,Carlos,Ramirez,53.0,Medellín,2024-02-27 18:36:59.954988752,Basico,"1,72601E+18",7.0,9.0,61.800000000000004,Uso medio,Adulto
12878,Ana,Lopez,78.0,MTY,2024-02-28 01:11:17.869467368,Basico,,2.0,5.0,15.9,Uso medio,Adulto Mayor
12879,Mariana,Torres,34.0,Medellín,2024-02-28 07:45:35.783945992,Premium,,7.0,7.0,20.16,Uso medio,Adulto
12880,Mariana,Gomez,66.0,GDL,2024-02-28 14:19:53.698424608,Basico,"1,72031E+18",9.0,4.0,16.65,Uso medio,Adulto Mayor
12881,Ana,Torres,29.0,Cali,2024-02-28 20:54:11.612903232,Basico,,7.0,5.0,45.07,Uso medio,Joven
12882,Luis,Lopez,77.0,CDMX,2024-02-29 03:28:29.527381848,Basico,,7.0,2.0,8.71,Uso medio,Adulto Mayor
12883,Mateo,Torres,37.0,GDL,2024-02-29 10:02:47.441860472,Premium,,6.0,3.0,15.41,Uso medio,Adulto
12884,Ana,Gomez,67.0,Bogotá,2024-02-29 16:37:05.356339088,Premium,,6.0,8.0,24.65,Uso medio,Adulto Mayor
12885,Carlos,Garcia,20.0,CDMX,2024-02-29 23:11:23.270817712,Basico,,5.0,8.0,25.240000000000002,Uso medio,Joven
12886,Sofia,Lopez,60.0,GDL,2024-03-01 05:45:41.185296328,Basico,,6.0,3.0,15.049999999999999,Uso medio,Adulto Mayor
12887,Sofia,Torres,74.0,,2024-03-01 12:19:59.099774944,Premium,,6.0,4.0,9.4,Uso medio,Adulto Mayor
12888,Mariana,Lopez,67.0,,2024-03-01 18:54:17.014253568,Basico,"1,73249E+18",4.0,2.0,29.89,Bajo uso,Adulto Mayor
12889,Sofia,Garcia,21.0,Medellín,2024-03-02 01:28:34.928732184,Basico,,3.0,3.0,7.57,Bajo uso,Joven
12890,Mateo,Torres,34.0,GDL,2024-03-02 08:02:52.843210808,Basico,,10.0,3.0,18.259999999999998,Alto uso,Adulto
12891,Luis,Torres,67.0,GDL,2024-03-02 14:37:10.757689424,Premium,,3.0,4.0,22.520000000000003,Bajo uso,Adulto Mayor
12892,Carlos,Lopez,54.0,Medellín,2024-03-02 21:11:28.672168048,Basico,,2.0,6.0,30.57,Uso medio,Adulto
12893,Mateo,Lopez,63.0,CDMX,2024-03-03 03:45:46.586646664,Basico,,7.0,2.0,5.0,Uso medio,Adulto Mayor
12894,Carlos,Gomez,59.0,,2024-03-03 10:20:04.501125288,Premium,"1,73189E+18",5.0,4.0,8.57,Uso medio,Adulto
12895,Carlos,Garcia,32.0,GDL,2024-03-03 16:54:22.415603904,Basico,,6.0,2.0,3.1100000000000003,Uso medio,Adulto
12896,Luis,Gomez,50.0,,2024-03-03 23:28:40.330082528,Basico,,4.0,8.0,40.129999999999995,Uso medio,Adulto
12897,Mariana,Torres,33.0,Bogotá,2024-03-04 06:02:58.244561144,Basico,,5.0,3.0,9.92,Uso medio,Adulto
12898,Sofia,Lopez,28.0,Cali,2024-03-04 12:37:16.159039760,Premium,,6.0,4.0,40.24,Uso medio,Joven
12899,Luis,Torres,72.0,CDMX,2024-03-04 19:11:34.073518384,Basico,,9.0,9.0,38.1,Uso medio,Adulto Mayor
12900,Mateo,Torres,37.0,,2024-03-05 01:45:51.987997000,Premium,,6.0,7.0,23.79,Uso medio,Adulto
12901,Mariana,Ramirez,55.0,GDL,2024-03-05 08:20:09.902475624,Premium,"1,72109E+18",7.0,3.0,18.62,Uso medio,Adulto
12902,Mateo,Ramirez,41.0,Medellín,2024-03-05 14:54:27.816954240,Premium,,6.0,4.0,16.77,Uso medio,Adulto
12903,Mariana,Torres,78.0,Cali,2024-03-05 21:28:45.731432864,Premium,,4.0,5.0,22.45,Uso medio,Adulto Mayor
12904,Mateo,Lopez,71.0,CDMX,2024-03-06 04:03:03.645911480,Premium,,2.0,3.0,21.69,Bajo uso,Adulto Mayor
12905,Luis,Torres,33.0,Bogotá,2024-03-06 10:37:21.560390104,Premium,"1,72014E+18",6.0,3.0,10.559999999999999,Uso medio,Adulto
12906,Mariana,Ramirez,47.0,Bogotá,2024-03-06 17:11:39.474868720,Premium,,4.0,6.0,21.189999999999998,Uso medio,Adulto
12907,Mariana,Lopez,51.0,MTY,2024-03-06 23:45:57.389347344,Premium,,4.0,8.0,24.990000000000002,Uso medio,Adulto
12908,Carlos,Torres,18.0,Bogotá,2024-03-07 06:20:15.303825960,Basico,,8.0,5.0,15.59,Uso medio,Joven
12909,Carlos,Garcia,41.0,MTY,2024-03-07 12:54:33.218304584,Basico,"1,72817E+18",3.0,3.0,22.689999999999998,Bajo uso,Adulto
12910,Ana,Garcia,41.0,MTY,2024-03-07 19:28:51.132783200,Basico,,5.0,6.0,28.119999999999997,Uso medio,Adulto
12911,Mateo,Torres,26.0,Medellín,2024-03-08 02:03:09.047261816,Basico,,4.0,6.0,52.96000000000001,Uso medio,Joven
12912,Carlos,Lopez,39.0,Medellín,2024-03-08 08:37:26.961740440,Premium,,5.0,7.0,24.32,Uso medio,Adulto
12913,Ana,Torres,29.0,GDL,2024-03-08 15:11:44.876219056,Premium,,4.0,2.0,17.34,Bajo uso,Joven
12914,Carlos,Torres,34.0,,2024-03-08 21:46:02.790697680,Basico,,2.0,3.0,9.73,Bajo uso,Adulto
12915,Mateo,Ramirez,79.0,,2024-03-09 04:20:20.705176296,Basico,,4.0,3.0,16.689999999999998,Bajo uso,Adulto Mayor
12916,Mariana,Garcia,42.0,Bogotá,2024-03-09 10:54:38.619654920,Basico,,4.0,5.0,27.680000000000003,Uso medio,Adulto
12917,Sofia,Ramirez,45.0,Bogotá,2024-03-09 17:28:56.534133536,Basico,,9.0,3.0,6.07,Uso medio,Adulto
12918,Mateo,Ramirez,78.0,MTY,2024-03-10 00:03:14.448612160,Premium,"1,73215E+18",4.0,2.0,7.7,Bajo uso,Adulto Mayor
12919,Luis,Torres,32.0,Medellín,2024-03-10 06:37:32.363090776,Basico,,2.0,7.0,46.39,Uso medio,Adulto
12920,Carlos,Ramirez,47.0,Medellín,2024-03-10 13:11:50.277569400,Basico,"1,72092E+18",6.0,4.0,20.919999999999998,Uso medio,Adulto
12921,Carlos,Garcia,68.0,GDL,2024-03-10 19:46:08.192048016,Basico,,3.0,8.0,66.52,Uso medio,Adulto Mayor
12922,Mariana,Ramirez,44.0,Medellín,2024-03-11 02:20:26.106526632,Basico,,4.0,5.0,15.639999999999999,Uso medio,Adulto
12923,Luis,Garcia,39.0,GDL,2024-03-11 08:54:44.021005256,Premium,"1,73033E+18",6.0,5.0,42.71,Uso medio,Adulto
12924,Mariana,Ramirez,27.0,CDMX,2024-03-11 15:29:01.935483872,Basico,,4.0,3.0,21.94,Bajo uso,Joven
12925,Luis,Garcia,78.0,Medellín,2024-03-11 22:03:19.849962496,Premium,,3.0,5.0,24.0,Uso medio,Adulto Mayor
12926,Sofia,Ramirez,75.0,Medellín,2024-03-12 04:37:37.764441112,Basico,,7.0,4.0,7.680000000000001,Uso medio,Adulto Mayor
12927,Carlos,Ramirez,48.0,Bogotá,2024-03-12 11:11:55.678919736,Basico,,8.0,4.0,16.63,Uso medio,Adulto
12928,Carlos,Lopez,44.0,Bogotá,2024-03-12 17:46:13.593398352,Basico,"1,72869E+18",3.0,8.0,47.81,Uso medio,Adulto
12929,Sofia,Garcia,29.0,,2024-03-13 00:20:31.507876976,Premium,"1,71988E+18",7.0,4.0,24.43,Uso medio,Joven
12930,Ana,Garcia,63.0,Bogotá,2024-03-13 06:54:49.422355592,Basico,,4.0,5.0,35.029999999999994,Uso medio,Adulto Mayor
12931,Mariana,Garcia,48.0,Medellín,2024-03-13 13:29:07.336834216,Basico,,1.0,5.0,14.309999999999999,Uso medio,Adulto
12932,Sofia,Gomez,49.0,CDMX,2024-03-13 20:03:25.251312832,Basico,,7.0,5.0,34.2,Uso medio,Adulto
12933,Mariana,Ramirez,49.0,CDMX,2024-03-14 02:37:43.165791448,Basico,,7.0,9.0,34.53,Uso medio,Adulto
12934,Mateo,Garcia,58.0,MTY,2024-03-14 09:12:01.080270072,Basico,,6.0,2.0,7.71,Uso medio,Adulto
12935,Carlos,Gomez,76.0,Bogotá,2024-03-14 15:46:18.994748688,Basico,,4.0,1.0,2.9,Bajo uso,Adulto Mayor
12936,Mariana,Lopez,62.0,Cali,2024-03-14 22:20:36.909227312,Premium,"1,72169E+18",3.0,2.0,130.84,Bajo uso,Adulto Mayor
12937,Luis,Garcia,52.0,MTY,2024-03-15 04:54:54.823705928,Basico,,2.0,3.0,13.05,Bajo uso,Adulto
12938,Mariana,Garcia,70.0,MTY,2024-03-15 11:29:12.738184552,Basico,,4.0,2.0,5.6499999999999995,Bajo uso,Adulto Mayor
12939,Mateo,Gomez,78.0,GDL,2024-03-15 18:03:30.652663168,Basico,,3.0,7.0,28.190000000000005,Uso medio,Adulto Mayor
12940,Carlos,Ramirez,63.0,GDL,2024-03-16 00:37:48.567141792,Premium,,4.0,5.0,30.28,Uso medio,Adulto Mayor
12941,Sofia,Lopez,38.0,,2024-03-16 07:12:06.481620408,Basico,,2.0,5.0,23.91,Uso medio,Adulto
12942,Mateo,Garcia,27.0,Medellín,2024-03-16 13:46:24.396099032,Premium,,6.0,2.0,1.26,Uso medio,Joven
12943,Carlos,Ramirez,33.0,CDMX,2024-03-16 20:20:42.310577648,Basico,,2.0,1.0,1.71,Bajo uso,Adulto
12944,Mariana,Lopez,24.0,Medellín,2024-03-17 02:55:00.225056272,Premium,,4.0,2.0,14.799999999999999,Bajo uso,Joven
12945,Ana,Torres,21.0,Medellín,2024-03-17 09:29:18.139534888,Basico,,6.0,3.0,4.74,Uso medio,Joven
12946,Ana,Torres,44.0,Medellín,2024-03-17 16:03:36.054013504,Basico,,7.0,3.0,28.57,Uso medio,Adulto
12947,Luis,Lopez,69.0,CDMX,2024-03-17 22:37:53.968492128,Premium,,4.0,3.0,2.84,Bajo uso,Adulto Mayor
12948,Carlos,Gomez,72.0,Bogotá,2024-03-18 05:12:11.882970744,Premium,,5.0,9.0,55.57000000000001,Uso medio,Adulto Mayor
12949,Ana,Lopez,42.0,CDMX,2024-03-18 11:46:29.797449368,Premium,,7.0,5.0,42.32000000000001,Uso medio,Adulto
12950,Sofia,Lopez,48.0,Cali,2024-03-18 18:20:47.711927984,Premium,,6.0,2.0,13.36,Uso medio,Adulto
12951,Carlos,Gomez,28.0,Medellín,2024-03-19 00:55:05.626406608,Basico,,7.0,3.0,7.890000000000001,Uso medio,Joven
12952,Sofia,Gomez,65.0,Bogotá,2024-03-19 07:29:23.540885224,Basico,,12.0,2.0,4.18,Alto uso,Adulto Mayor
12953,Sofia,Ramirez,37.0,MTY,2024-03-19 14:03:41.455363848,Basico,,4.0,5.0,37.64,Uso medio,Adulto
12954,Ana,Ramirez,53.0,GDL,2024-03-19 20:37:59.369842464,Premium,,2.0,7.0,17.110000000000003,Uso medio,Adulto
12955,Carlos,Gomez,71.0,CDMX,2024-03-20 03:12:17.284321088,Basico,"1,72956E+18",7.0,4.0,26.659999999999997,Uso medio,Adulto Mayor
12956,Mariana,Torres,71.0,,2024-03-20 09:46:35.198799704,Premium,,6.0,2.0,1.68,Uso medio,Adulto Mayor
12957,Mateo,Torres,72.0,GDL,2024-03-20 16:20:53.113278320,Basico,,4.0,3.0,7.28,Bajo uso,Adulto Mayor
12958,Ana,Lopez,48.0,CDMX,2024-03-20 22:55:11.027756944,Premium,,5.0,8.0,36.41,Uso medio,Adulto
12959,Ana,Garcia,34.0,,2024-03-21 05:29:28.942235560,Basico,,4.0,4.0,33.06,Bajo uso,Adulto
12960,Mariana,Lopez,62.0,Bogotá,2024-03-21 12:03:46.856714184,Basico,,4.0,1.0,14.32,Bajo uso,Adulto Mayor
12961,Carlos,Lopez,28.0,Cali,2024-03-21 18:38:04.771192800,Premium,,8.0,4.0,146.92,Uso medio,Joven
12962,Carlos,Garcia,47.0,CDMX,2024-03-22 01:12:22.685671424,Basico,,5.0,4.0,9.24,Uso medio,Adulto
12963,Sofia,Gomez,52.0,Bogotá,2024-03-22 07:46:40.600150040,Premium,,4.0,7.0,29.939999999999998,Uso medio,Adulto
12964,Mariana,Torres,58.0,MTY,2024-03-22 14:20:58.514628664,Premium,"1,72212E+18",3.0,1.0,9.92,Bajo uso,Adulto
12965,Mariana,Lopez,55.0,Cali,2024-03-22 20:55:16.429107280,Basico,,5.0,6.0,36.82,Uso medio,Adulto
12966,Carlos,Garcia,39.0,CDMX,2024-03-23 03:29:34.343585904,Premium,,8.0,1.0,0.28,Uso medio,Adulto
12967,Sofia,Ramirez,70.0,Bogotá,2024-03-23 10:03:52.258064520,Premium,,7.0,7.0,31.83,Uso medio,Adulto Mayor
12968,Ana,Lopez,60.0,Cali,2024-03-23 16:38:10.172543136,Basico,"1,72083E+18",7.0,4.0,24.92,Uso medio,Adulto Mayor
12969,Luis,Torres,65.0,Bogotá,2024-03-23 23:12:28.087021760,Basico,,8.0,1.0,3.5,Uso medio,Adulto Mayor
12970,Mateo,Gomez,68.0,Bogotá,2024-03-24 05:46:46.001500376,Basico,,8.0,4.0,12.049999999999999,Uso medio,Adulto Mayor
12971,Ana,Lopez,44.0,CDMX,2024-03-24 12:21:03.915979000,Premium,"1,72679E+18",2.0,3.0,6.9799999999999995,Bajo uso,Adulto
12972,Carlos,Lopez,54.0,CDMX,2024-03-24 18:55:21.830457616,Premium,,6.0,6.0,19.94,Uso medio,Adulto
12973,Mateo,Garcia,63.0,Medellín,2024-03-25 01:29:39.744936240,Basico,,5.0,5.0,23.7,Uso medio,Adulto Mayor
12974,Luis,Ramirez,66.0,Medellín,2024-03-25 08:03:57.659414856,Basico,,2.0,5.0,16.330000000000002,Uso medio,Adulto Mayor
12975,Luis,Ramirez,52.0,,2024-03-25 14:38:15.573893480,Basico,"1,72956E+18",6.0,4.0,11.969999999999999,Uso medio,Adulto
12976,Sofia,Gomez,21.0,Medellín,2024-03-25 21:12:33.488372096,Basico,,4.0,10.0,31.18,Alto uso,Joven
12977,Mateo,Torres,33.0,Bogotá,2024-03-26 03:46:51.402850720,Premium,,5.0,7.0,63.699999999999996,Uso medio,Adulto
12978,Sofia,Gomez,33.0,,2024-03-26 10:21:09.317329336,Premium,,3.0,5.0,33.43,Uso medio,Adulto
12979,Ana,Lopez,38.0,CDMX,2024-03-26 16:55:27.231807952,Basico,,9.0,9.0,38.02,Uso medio,Adulto
12980,Mariana,Lopez,43.0,Bogotá,2024-03-26 23:29:45.146286576,Premium,,5.0,3.0,6.27,Uso medio,Adulto
12981,Mariana,Ramirez,74.0,GDL,2024-03-27 06:04:03.060765192,Basico,,9.0,3.0,12.48,Uso medio,Adulto Mayor
12982,Mariana,Torres,53.0,CDMX,2024-03-27 12:38:20.975243816,Basico,"1,71841E+18",8.0,3.0,8.790000000000001,Uso medio,Adulto
12983,Mateo,Garcia,36.0,Cali,2024-03-27 19:12:38.889722432,Basico,,6.0,4.0,11.44,Uso medio,Adulto
12984,Mariana,Torres,75.0,Bogotá,2024-03-28 01:46:56.804201056,Basico,,4.0,4.0,26.029999999999998,Bajo uso,Adulto Mayor
12985,Ana,Lopez,34.0,Bogotá,2024-03-28 08:21:14.718679672,Premium,,6.0,2.0,6.61,Uso medio,Adulto
12986,Sofia,Garcia,62.0,Bogotá,2024-03-28 14:55:32.633158296,Basico,,10.0,5.0,24.599999999999998,Alto uso,Adulto Mayor
12987,Mateo,Torres,43.0,Bogotá,2024-03-28 21:29:50.547636912,Basico,"1,73102E+18",6.0,9.0,61.35000000000001,Uso medio,Adulto
12988,Sofia,Torres,39.0,CDMX,2024-03-29 04:04:08.462115536,Basico,,5.0,4.0,12.93,Uso medio,Adulto
12989,Mateo,Garcia,72.0,Medellín,2024-03-29 10:38:26.376594152,Basico,,4.0,1.0,4.62,Bajo uso,Adulto Mayor
12990,Sofia,Lopez,75.0,Bogotá,2024-03-29 17:12:44.291072776,Basico,,6.0,4.0,13.51,Uso medio,Adulto Mayor
12991,Luis,Torres,48.0,Cali,2024-03-29 23:47:02.205551392,Basico,,4.0,5.0,28.509999999999998,Uso medio,Adulto
12992,Sofia,Garcia,73.0,GDL,2024-03-30 06:21:20.120030008,Premium,,7.0,5.0,33.059999999999995,Uso medio,Adulto Mayor
12993,Mariana,Lopez,45.0,GDL,2024-03-30 12:55:38.034508632,Premium,,3.0,2.0,3.9299999999999997,Bajo uso,Adulto
12994,Luis,Garcia,18.0,Medellín,2024-03-30 19:29:55.948987248,Basico,"1,73439E+18",7.0,6.0,21.949999999999996,Uso medio,Joven
12995,Sofia,Garcia,61.0,Cali,2024-03-31 02:04:13.863465872,Premium,,3.0,5.0,17.05,Uso medio,Adulto Mayor
12996,Mateo,Torres,53.0,Bogotá,2024-03-31 08:38:31.777944488,Basico,,5.0,7.0,24.540000000000003,Uso medio,Adulto
12997,Mateo,Lopez,60.0,Medellín,2024-03-31 15:12:49.692423112,Basico,,8.0,7.0,25.950000000000003,Uso medio,Adulto Mayor
12998,Mateo,Torres,54.0,,2024-03-31 21:47:07.606901728,Basico,,8.0,4.0,23.94,Uso medio,Adulto
12999,Carlos,Gomez,19.0,,2024-04-01 04:21:25.521380352,Basico,,6.0,7.0,33.239999999999995,Uso medio,Joven
13000,Ana,Gomez,34.0,Medellín,2024-04-01 10:55:43.435858968,Premium,,2.0,6.0,40.51,Uso medio,Adulto
13001,Mateo,Lopez,57.0,Medellín,2024-04-01 17:30:01.350337592,Basico,,7.0,2.0,2.96,Uso medio,Adulto
13002,Luis,Garcia,55.0,GDL,2024-04-02 00:04:19.264816208,Premium,,8.0,0.0,0.0,Uso medio,Adulto
13003,Mateo,Torres,38.0,Cali,2024-04-02 06:38:37.179294824,Basico,,8.0,4.0,15.899999999999999,Uso medio,Adulto
13004,Carlos,Torres,78.0,Bogotá,2024-04-02 13:12:55.093773448,Basico,,8.0,4.0,20.18,Uso medio,Adulto Mayor
13005,Mariana,Lopez,26.0,,2024-04-02 19:47:13.008252064,Premium,,5.0,4.0,14.66,Uso medio,Joven
13006,Luis,Lopez,30.0,CDMX,2024-04-03 02:21:30.922730688,Basico,,2.0,4.0,12.73,Bajo uso,Adulto
13007,Carlos,Gomez,28.0,Bogotá,2024-04-03 08:55:48.837209304,Basico,,6.0,6.0,15.999999999999998,Uso medio,Joven
13008,Mariana,Ramirez,78.0,Bogotá,2024-04-03 15:30:06.751687928,Basico,,3.0,2.0,8.5,Bajo uso,Adulto Mayor
13009,Luis,Lopez,33.0,Bogotá,2024-04-03 22:04:24.666166544,Basico,,4.0,3.0,19.5,Bajo uso,Adulto
13010,Sofia,Ramirez,33.0,GDL,2024-04-04 04:38:42.580645168,Premium,,3.0,6.0,35.58,Uso medio,Adulto
13011,Ana,Lopez,76.0,Bogotá,2024-04-04 11:13:00.495123784,Basico,,1.0,6.0,28.5,Uso medio,Adulto Mayor
13012,Ana,Garcia,19.0,Cali,2024-04-04 17:47:18.409602408,Basico,,6.0,5.0,39.74,Uso medio,Joven
13013,Carlos,Garcia,59.0,Medellín,2024-04-05 00:21:36.324081024,Premium,,4.0,1.0,13.37,Bajo uso,Adulto
13014,Mariana,Gomez,61.0,GDL,2024-04-05 06:55:54.238559640,Basico,"1,7185E+18",5.0,4.0,12.240000000000002,Uso medio,Adulto Mayor
13015,Ana,Gomez,25.0,Medellín,2024-04-05 13:30:12.153038264,Basico,,6.0,5.0,13.08,Uso medio,Joven
13016,Mariana,Ramirez,60.0,GDL,2024-04-05 20:04:30.067516880,Basico,,7.0,6.0,27.49,Uso medio,Adulto Mayor
13017,Mariana,Lopez,79.0,CDMX,2024-04-06 02:38:47.981995504,Basico,"1,73154E+18",6.0,6.0,58.64,Uso medio,Adulto Mayor
13018,Carlos,Torres,59.0,Medellín,2024-04-06 09:13:05.896474120,Basico,,4.0,4.0,49.22,Bajo uso,Adulto
13019,Carlos,Gomez,30.0,Cali,2024-04-06 15:47:23.810952744,Basico,,7.0,4.0,25.17,Uso medio,Adulto
13020,Carlos,Torres,74.0,Bogotá,2024-04-06 22:21:41.725431360,Premium,,8.0,4.0,11.680000000000001,Uso medio,Adulto Mayor
13021,Ana,Torres,34.0,Bogotá,2024-04-07 04:55:59.639909984,Basico,,8.0,6.0,12.990000000000002,Uso medio,Adulto
13022,Carlos,Lopez,56.0,MTY,2024-04-07 11:30:17.554388600,Basico,,3.0,7.0,29.94,Uso medio,Adulto
13023,Ana,Ramirez,41.0,Bogotá,2024-04-07 18:04:35.468867224,Basico,,4.0,2.0,6.84,Bajo uso,Adulto
13024,Carlos,Lopez,20.0,CDMX,2024-04-08 00:38:53.383345840,Basico,,2.0,7.0,62.349999999999994,Uso medio,Joven
13025,Mateo,Gomez,47.0,,2024-04-08 07:13:11.297824464,Premium,,6.0,4.0,20.919999999999998,Uso medio,Adulto
13026,Mariana,Torres,69.0,Cali,2024-04-08 13:47:29.212303080,Basico,,7.0,1.0,11.35,Uso medio,Adulto Mayor
13027,Carlos,Lopez,30.0,Medellín,2024-04-08 20:21:47.126781696,Basico,,7.0,3.0,22.91,Uso medio,Adulto
13028,Luis,Lopez,36.0,Bogotá,2024-04-09 02:56:05.041260320,Basico,,10.0,7.0,53.66,Alto uso,Adulto
13029,Mariana,Lopez,24.0,Cali,2024-04-09 09:30:22.955738936,Basico,,6.0,3.0,3.66,Uso medio,Joven
13030,Mariana,Gomez,26.0,Bogotá,2024-04-09 16:04:40.870217560,Premium,"1,72912E+18",1.0,2.0,16.47,Bajo uso,Joven
13031,Carlos,Ramirez,36.0,GDL,2024-04-09 22:38:58.784696176,Basico,"1,72074E+18",2.0,5.0,34.06,Uso medio,Adulto
13032,Sofia,Lopez,62.0,CDMX,2024-04-10 05:13:16.699174800,Basico,,10.0,6.0,51.69,Alto uso,Adulto Mayor
13033,Carlos,Gomez,71.0,Medellín,2024-04-10 11:47:34.613653416,Basico,,9.0,4.0,23.5,Uso medio,Adulto Mayor
13034,Mariana,Torres,57.0,,2024-04-10 18:21:52.528132040,Basico,,5.0,5.0,12.89,Uso medio,Adulto
13035,Luis,Garcia,39.0,CDMX,,Basico,,6.0,3.0,18.73,Uso medio,Adulto
13036,Mariana,Gomez,35.0,GDL,2024-04-11 07:30:28.357089280,Basico,,7.0,4.0,25.72,Uso medio,Adulto
13037,Luis,Garcia,78.0,Bogotá,2024-04-11 14:04:46.271567896,Premium,,6.0,10.0,42.17,Alto uso,Adulto Mayor
13038,Ana,Lopez,40.0,Cali,2024-04-11 20:39:04.186046512,Basico,,6.0,5.0,28.009999999999998,Uso medio,Adulto
13039,Mateo,Lopez,19.0,GDL,2024-04-12 03:13:22.100525136,Premium,,3.0,4.0,32.61,Bajo uso,Joven
13040,Mariana,Gomez,67.0,GDL,2024-04-12 09:47:40.015003752,Basico,,6.0,4.0,26.29,Uso medio,Adulto Mayor
13041,Carlos,Garcia,67.0,Medellín,2024-04-12 16:21:57.929482376,Premium,,4.0,3.0,11.59,Bajo uso,Adulto Mayor
13042,Ana,Lopez,28.0,Bogotá,2024-04-12 22:56:15.843960992,Basico,,4.0,10.0,47.050000000000004,Alto uso,Joven
13043,Mateo,Torres,48.0,CDMX,2024-04-13 05:30:33.758439616,Premium,"1,72886E+18",4.0,5.0,22.02,Uso medio,Adulto
13044,Carlos,Ramirez,50.0,CDMX,2024-04-13 12:04:51.672918232,Basico,,5.0,6.0,32.71,Uso medio,Adulto
13045,Sofia,Ramirez,31.0,Medellín,2024-04-13 18:39:09.587396856,Basico,"1,72014E+18",5.0,12.0,96.88,Alto uso,Adulto
13046,Carlos,Lopez,33.0,Bogotá,2024-04-14 01:13:27.501875472,Premium,,7.0,1.0,6.81,Uso medio,Adulto
13047,Luis,Garcia,28.0,,2024-04-14 07:47:45.416354096,Basico,,7.0,3.0,25.26,Uso medio,Joven
13048,Luis,Lopez,50.0,Medellín,2024-04-14 14:22:03.330832720,Basico,,7.0,3.0,8.47,Uso medio,Adulto
13049,Sofia,Garcia,79.0,CDMX,2024-04-14 20:56:21.245311328,Basico,,6.0,3.0,12.93,Uso medio,Adulto Mayor
13050,Ana,Torres,24.0,Bogotá,2024-04-15 03:30:39.159789952,Basico,,11.0,1.0,6.43,Alto uso,Joven
13051,Mateo,Garcia,48.0,Bogotá,2024-04-15 10:04:57.074268576,Basico,,4.0,6.0,21.42,Uso medio,Adulto
13052,Carlos,Lopez,78.0,CDMX,2024-04-15 16:39:14.988747184,Basico,,8.0,4.0,9.3,Uso medio,Adulto Mayor
13053,Luis,Torres,65.0,,2024-04-15 23:13:32.903225808,Basico,,9.0,5.0,17.01,Uso medio,Adulto Mayor
13054,Ana,Gomez,79.0,Cali,2024-04-16 05:47:50.817704432,Basico,,3.0,3.0,12.379999999999999,Bajo uso,Adulto Mayor
13055,Sofia,Ramirez,63.0,GDL,2024-04-16 12:22:08.732183056,Basico,,8.0,5.0,42.89,Uso medio,Adulto Mayor
13056,Mariana,Lopez,64.0,GDL,2024-04-16 18:56:26.646661664,Basico,,9.0,3.0,33.199999999999996,Uso medio,Adulto Mayor
13057,Luis,Lopez,31.0,CDMX,2024-04-17 01:30:44.561140288,Basico,"1,72463E+18",5.0,3.0,6.89,Uso medio,Adulto
13058,Sofia,Lopez,45.0,GDL,2024-04-17 08:05:02.475618912,Premium,,5.0,2.0,3.71,Uso medio,Adulto
13059,Carlos,Torres,70.0,Bogotá,2024-04-17 14:39:20.390097536,Basico,,4.0,2.0,4.9399999999999995,Bajo uso,Adulto Mayor
13060,Mateo,Gomez,60.0,Bogotá,2024-04-17 21:13:38.304576144,Premium,,7.0,0.0,0.0,Uso medio,Adulto Mayor
13061,Luis,Garcia,33.0,,2024-04-18 03:47:56.219054768,Premium,,10.0,4.0,26.35,Alto uso,Adulto
13062,Luis,Gomez,36.0,CDMX,2024-04-18 10:22:14.133533392,Premium,,6.0,5.0,23.6,Uso medio,Adulto
13063,Carlos,Torres,34.0,Bogotá,2024-04-18 16:56:32.048012000,Premium,,2.0,3.0,10.56,Bajo uso,Adulto
13064,Mariana,Lopez,76.0,,2024-04-18 23:30:49.962490624,Premium,,6.0,3.0,19.009999999999998,Uso medio,Adulto Mayor
13065,Ana,Ramirez,43.0,Bogotá,2024-04-19 06:05:07.876969248,Basico,,6.0,6.0,8.61,Uso medio,Adulto
13066,Mateo,Lopez,23.0,CDMX,2024-04-19 12:39:25.791447872,Basico,,5.0,5.0,34.96,Uso medio,Joven
13067,Luis,Garcia,60.0,GDL,2024-04-19 19:13:43.705926480,Basico,"1,73483E+18",3.0,2.0,6.58,Bajo uso,Adulto Mayor
13068,Mateo,Ramirez,66.0,MTY,2024-04-20 01:48:01.620405104,Premium,,9.0,2.0,3.91,Uso medio,Adulto Mayor
13069,Luis,Lopez,26.0,,2024-04-20 08:22:19.534883728,Premium,"1,7286E+18",1.0,9.0,48.36,Uso medio,Joven
13070,Mateo,Ramirez,67.0,,2024-04-20 14:56:37.449362352,Premium,,4.0,7.0,43.57,Uso medio,Adulto Mayor
13071,Sofia,Gomez,34.0,,2024-04-20 21:30:55.363840960,Premium,,3.0,6.0,27.25,Uso medio,Adulto
13072,Luis,Torres,48.0,Cali,2024-04-21 04:05:13.278319584,Premium,,8.0,4.0,23.03,Uso medio,Adulto
13073,Mateo,Lopez,29.0,MTY,2024-04-21 10:39:31.192798208,Basico,,3.0,3.0,6.81,Bajo uso,Joven
13074,Ana,Garcia,40.0,,2024-04-21 17:13:49.107276816,Basico,,3.0,5.0,23.749999999999996,Uso medio,Adulto
13075,Sofia,Gomez,71.0,,2024-04-21 23:48:07.021755440,Basico,,7.0,4.0,34.0,Uso medio,Adulto Mayor
13076,Sofia,Lopez,71.0,MTY,2024-04-22 06:22:24.936234064,Basico,,6.0,8.0,34.69,Uso medio,Adulto Mayor
13077,Ana,Gomez,79.0,GDL,2024-04-22 12:56:42.850712688,Basico,,5.0,3.0,9.02,Uso medio,Adulto Mayor
13078,Mateo,Garcia,22.0,Bogotá,2024-04-22 19:31:00.765191296,Basico,,3.0,6.0,64.09,Uso medio,Joven
13079,Carlos,Lopez,60.0,GDL,2024-04-23 02:05:18.679669920,Premium,,6.0,3.0,26.19,Uso medio,Adulto Mayor
13080,Ana,Garcia,53.0,CDMX,2024-04-23 08:39:36.594148544,Basico,,4.0,4.0,35.7,Bajo uso,Adulto
13081,Mateo,Ramirez,76.0,,2024-04-23 15:13:54.508627168,Premium,,7.0,7.0,22.810000000000002,Uso medio,Adulto Mayor
13082,Ana,Garcia,53.0,,2024-04-23 21:48:12.423105776,Basico,,7.0,5.0,16.619999999999997,Uso medio,Adulto
13083,Ana,Ramirez,20.0,CDMX,2024-04-24 04:22:30.337584400,Basico,,2.0,7.0,40.9,Uso medio,Joven
13084,Luis,Lopez,75.0,Bogotá,2024-04-24 10:56:48.252063024,Premium,"1,73483E+18",7.0,5.0,45.089999999999996,Uso medio,Adulto Mayor
13085,Mateo,Ramirez,41.0,Cali,2024-04-24 17:31:06.166541632,Premium,,5.0,3.0,20.81,Uso medio,Adulto
13086,Carlos,Lopez,72.0,Medellín,2024-04-25 00:05:24.081020256,Basico,,4.0,4.0,31.48,Bajo uso,Adulto Mayor
13087,Luis,Lopez,74.0,MTY,2024-04-25 06:39:41.995498880,Basico,,6.0,3.0,7.0600000000000005,Uso medio,Adulto Mayor
13088,Ana,Torres,34.0,Medellín,2024-04-25 13:13:59.909977504,Basico,,4.0,8.0,38.24,Uso medio,Adulto
13089,Mariana,Lopez,56.0,,2024-04-25 19:48:17.824456112,Premium,,4.0,3.0,22.14,Bajo uso,Adulto
13090,Ana,Ramirez,43.0,,2024-04-26 02:22:35.738934736,Basico,,3.0,1.0,6.8,Bajo uso,Adulto
13091,Ana,Torres,21.0,MTY,2024-04-26 08:56:53.653413360,Basico,,6.0,5.0,23.46,Uso medio,Joven
13092,Mateo,Torres,72.0,CDMX,2024-04-26 15:31:11.567891984,Basico,,2.0,4.0,15.209999999999997,Bajo uso,Adulto Mayor
13093,Mateo,Lopez,62.0,,2024-04-26 22:05:29.482370592,Premium,"1,72809E+18",4.0,3.0,10.190000000000001,Bajo uso,Adulto Mayor
13094,Luis,Garcia,29.0,CDMX,2024-04-27 04:39:47.396849216,Premium,,12.0,3.0,10.25,Alto uso,Joven
13095,Carlos,Garcia,18.0,Medellín,2024-04-27 11:14:05.311327840,Premium,,5.0,7.0,44.9,Uso medio,Joven
13096,Luis,Torres,38.0,CDMX,2024-04-27 17:48:23.225806448,Basico,,3.0,2.0,1.64,Bajo uso,Adulto
13097,Sofia,Lopez,36.0,MTY,2024-04-28 00:22:41.140285072,Premium,,3.0,5.0,21.439999999999998,Uso medio,Adulto
13098,Ana,Garcia,38.0,Bogotá,2024-04-28 06:56:59.054763696,Premium,"1,72385E+18",6.0,2.0,4.85,Uso medio,Adulto
13099,Mariana,Lopez,69.0,CDMX,2024-04-28 13:31:16.969242320,Premium,,2.0,5.0,19.999999999999996,Uso medio,Adulto Mayor
13100,Ana,Lopez,35.0,,2024-04-28 20:05:34.883720928,Basico,,13.0,9.0,38.16,Alto uso,Adulto
13101,Ana,Torres,60.0,CDMX,2024-04-29 02:39:52.798199552,Premium,,6.0,8.0,21.279999999999998,Uso medio,Adulto Mayor
13102,Luis,Torres,69.0,,2024-04-29 09:14:10.712678176,Basico,,4.0,7.0,41.43000000000001,Uso medio,Adulto Mayor
13103,Mariana,Gomez,20.0,,2024-04-29 15:48:28.627156800,Premium,,5.0,2.0,8.030000000000001,Uso medio,Joven
13104,Mariana,Garcia,78.0,MTY,2024-04-29 22:22:46.541635408,Basico,,5.0,7.0,48.510000000000005,Uso medio,Adulto Mayor
13105,Mariana,Garcia,66.0,Medellín,2024-04-30 04:57:04.456114032,Basico,,8.0,0.0,0.0,Uso medio,Adulto Mayor
13106,Luis,Garcia,61.0,GDL,2024-04-30 11:31:22.370592656,Basico,,5.0,5.0,26.549999999999997,Uso medio,Adulto Mayor
13107,Ana,Ramirez,49.0,Cali,2024-04-30 18:05:40.285071264,Basico,,10.0,6.0,33.190000000000005,Alto uso,Adulto
13108,Luis,Lopez,27.0,Bogotá,2024-05-01 00:39:58.199549888,Basico,,7.0,3.0,27.97,Uso medio,Joven
13109,Mateo,Torres,57.0,MTY,2024-05-01 07:14:16.114028512,Basico,,2.0,7.0,38.41,Uso medio,Adulto
13110,Mateo,Garcia,32.0,Bogotá,2024-05-01 13:48:34.028507136,Basico,,2.0,7.0,24.240000000000002,Uso medio,Adulto
13111,Luis,Gomez,22.0,Medellín,2024-05-01 20:22:51.942985744,Premium,,6.0,6.0,33.269999999999996,Uso medio,Joven
13112,Mariana,Garcia,21.0,,2024-05-02 02:57:09.857464368,Basico,,6.0,7.0,17.949999999999996,Uso medio,Joven
13113,Ana,Lopez,75.0,CDMX,2024-05-02 09:31:27.771942992,Basico,,4.0,1.0,9.92,Bajo uso,Adulto Mayor
13114,Luis,Lopez,45.0,Bogotá,2024-05-02 16:05:45.686421616,Premium,,4.0,3.0,19.659999999999997,Bajo uso,Adulto
13115,Luis,Torres,70.0,GDL,2024-05-02 22:40:03.600900224,Basico,,4.0,8.0,40.75999999999999,Uso medio,Adulto Mayor
13116,Luis,Ramirez,69.0,Cali,2024-05-03 05:14:21.515378848,Basico,,6.0,3.0,20.830000000000002,Uso medio,Adulto Mayor
13117,Sofia,Torres,68.0,CDMX,2024-05-03 11:48:39.429857472,Basico,"1,72705E+18",7.0,7.0,25.36,Uso medio,Adulto Mayor
13118,Mateo,Garcia,70.0,Medellín,2024-05-03 18:22:57.344336096,Basico,"1,7286E+18",6.0,4.0,12.190000000000001,Uso medio,Adulto Mayor
13119,Mariana,Gomez,21.0,CDMX,2024-05-04 00:57:15.258814704,Basico,,5.0,2.0,2.45,Uso medio,Joven
13120,Carlos,Torres,32.0,Bogotá,2024-05-04 07:31:33.173293328,Basico,,5.0,3.0,4.33,Uso medio,Adulto
13121,Mariana,Ramirez,34.0,Cali,2024-05-04 14:05:51.087771952,Premium,,4.0,4.0,21.990000000000002,Bajo uso,Adulto
13122,Carlos,Torres,61.0,Cali,2024-05-04 20:40:09.002250560,Basico,,3.0,10.0,30.320000000000004,Alto uso,Adulto Mayor
13123,Sofia,Lopez,20.0,Cali,2024-05-05 03:14:26.916729184,Basico,,6.0,3.0,22.03,Uso medio,Joven
13124,Luis,Garcia,27.0,Bogotá,2024-05-05 09:48:44.831207808,Premium,,5.0,4.0,9.62,Uso medio,Joven
13125,Sofia,Garcia,64.0,,2024-05-05 16:23:02.745686432,Basico,,4.0,2.0,5.0,Bajo uso,Adulto Mayor
13126,Sofia,Garcia,59.0,Bogotá,2024-05-05 22:57:20.660165040,Basico,,6.0,5.0,67.32000000000001,Uso medio,Adulto
13127,Ana,Garcia,73.0,,2024-05-06 05:31:38.574643664,Premium,,4.0,5.0,31.5,Uso medio,Adulto Mayor
13128,Mateo,Garcia,40.0,Bogotá,2024-05-06 12:05:56.489122288,Basico,,4.0,3.0,22.0,Bajo uso,Adulto
13129,Carlos,Garcia,35.0,Bogotá,2024-05-06 18:40:14.403600912,Premium,"1,72999E+18",3.0,7.0,27.15,Uso medio,Adulto
13130,Luis,Gomez,18.0,GDL,2024-05-07 01:14:32.318079520,Basico,,5.0,5.0,18.57,Uso medio,Joven
13131,Carlos,Ramirez,52.0,Bogotá,2024-05-07 07:48:50.232558144,Premium,,1.0,7.0,36.72,Uso medio,Adulto
13132,Mariana,Garcia,70.0,CDMX,2024-05-07 14:23:08.147036768,Basico,,6.0,4.0,21.24,Uso medio,Adulto Mayor
13133,Carlos,Ramirez,75.0,,2024-05-07 20:57:26.061515376,Basico,,6.0,5.0,21.17,Uso medio,Adulto Mayor
13134,Mariana,Garcia,48.0,Medellín,2024-05-08 03:31:43.975994000,Premium,,10.0,3.0,29.61,Alto uso,Adulto
13135,Mateo,Torres,76.0,,2024-05-08 10:06:01.890472624,Premium,"1,7331E+18",1.0,6.0,18.52,Uso medio,Adulto Mayor
13136,Mariana,Garcia,61.0,CDMX,2024-05-08 16:40:19.804951248,Premium,,8.0,5.0,3.5300000000000002,Uso medio,Adulto Mayor
13137,Carlos,Lopez,18.0,GDL,2024-05-08 23:14:37.719429856,Basico,,7.0,1.0,17.37,Uso medio,Joven
13138,Carlos,Gomez,20.0,,2024-05-09 05:48:55.633908480,Premium,,4.0,1.0,1.83,Bajo uso,Joven
13139,Mariana,Torres,20.0,MTY,2024-05-09 12:23:13.548387104,Basico,,10.0,8.0,34.92999999999999,Alto uso,Joven
13140,Sofia,Torres,54.0,Bogotá,2024-05-09 18:57:31.462865728,Basico,,11.0,4.0,26.32,Alto uso,Adulto
13141,Mateo,Lopez,36.0,,2024-05-10 01:31:49.377344336,Basico,,3.0,7.0,18.12,Uso medio,Adulto
13142,Ana,Garcia,46.0,Bogotá,2024-05-10 08:06:07.291822960,Premium,"1,73249E+18",1.0,3.0,6.38,Bajo uso,Adulto
13143,Luis,Gomez,42.0,GDL,2024-05-10 14:40:25.206301584,Premium,,7.0,2.0,32.19,Uso medio,Adulto
13144,Carlos,Torres,50.0,,2024-05-10 21:14:43.120780192,Basico,,7.0,4.0,29.98,Uso medio,Adulto
13145,Luis,Gomez,53.0,CDMX,2024-05-11 03:49:01.035258816,Premium,,4.0,7.0,21.94,Uso medio,Adulto
13146,Ana,Torres,78.0,,2024-05-11 10:23:18.949737440,Premium,,4.0,4.0,12.76,Bajo uso,Adulto Mayor
13147,Luis,Garcia,46.0,CDMX,2024-05-11 16:57:36.864216064,Basico,,5.0,4.0,19.84,Uso medio,Adulto
13148,Ana,Torres,75.0,Medellín,2024-05-11 23:31:54.778694672,Basico,,3.0,2.0,6.99,Bajo uso,Adulto Mayor
13149,Mariana,Torres,43.0,CDMX,2024-05-12 06:06:12.693173296,Premium,"1,73007E+18",7.0,11.0,48.84,Alto uso,Adulto
13150,Sofia,Ramirez,21.0,Medellín,2024-05-12 12:40:30.607651920,Basico,,8.0,5.0,39.6,Uso medio,Joven
13151,Carlos,Garcia,66.0,CDMX,2024-05-12 19:14:48.522130544,Basico,,7.0,5.0,19.53,Uso medio,Adulto Mayor
13152,Ana,Lopez,31.0,Cali,2024-05-13 01:49:06.436609152,Basico,"1,7172E+18",6.0,3.0,8.2,Uso medio,Adulto
13153,Luis,Lopez,67.0,Bogotá,2024-05-13 08:23:24.351087776,Basico,,4.0,5.0,14.379999999999999,Uso medio,Adulto Mayor
13154,Carlos,Garcia,44.0,CDMX,2024-05-13 14:57:42.265566400,Basico,,7.0,6.0,20.55,Uso medio,Adulto
13155,Sofia,Lopez,50.0,Medellín,2024-05-13 21:32:00.180045008,Basico,,5.0,5.0,27.22,Uso medio,Adulto
13156,Mariana,Garcia,39.0,Bogotá,2024-05-14 04:06:18.094523632,Premium,,6.0,4.0,14.18,Uso medio,Adulto
13157,Carlos,Lopez,65.0,GDL,2024-05-14 10:40:36.009002256,Basico,,3.0,1.0,6.03,Bajo uso,Adulto Mayor
13158,Ana,Ramirez,20.0,CDMX,2024-05-14 17:14:53.923480880,Premium,,4.0,3.0,8.07,Bajo uso,Joven
13159,Sofia,Lopez,40.0,Bogotá,2024-05-14 23:49:11.837959488,Premium,,11.0,8.0,32.19,Alto uso,Adulto
13160,Luis,Torres,38.0,CDMX,2024-05-15 06:23:29.752438112,Premium,,7.0,5.0,22.86,Uso medio,Adulto
13161,Sofia,Garcia,58.0,CDMX,2024-05-15 12:57:47.666916736,Premium,,4.0,5.0,9.489999999999998,Uso medio,Adulto
13162,Sofia,Gomez,40.0,GDL,2024-05-15 19:32:05.581395360,Basico,"1,73102E+18",7.0,7.0,23.499999999999996,Uso medio,Adulto
13163,Mateo,Gomez,21.0,Medellín,2024-05-16 02:06:23.495873968,Basico,,5.0,6.0,26.9,Uso medio,Joven
13164,Sofia,Garcia,38.0,Bogotá,2024-05-16 08:40:41.410352592,Basico,,4.0,5.0,39.809999999999995,Uso medio,Adulto
13165,Sofia,Ramirez,54.0,CDMX,2024-05-16 15:14:59.324831216,Premium,,3.0,5.0,37.92,Uso medio,Adulto
13166,Carlos,Lopez,60.0,,2024-05-16 21:49:17.239309824,Premium,,5.0,6.0,42.39,Uso medio,Adulto Mayor
13167,Luis,Ramirez,48.0,,2024-05-17 04:23:35.153788448,Basico,,5.0,4.0,20.5,Uso medio,Adulto
13168,Carlos,Gomez,38.0,GDL,2024-05-17 10:57:53.068267072,Premium,,5.0,5.0,11.23,Uso medio,Adulto
13169,Carlos,Garcia,43.0,CDMX,2024-05-17 17:32:10.982745696,Basico,,5.0,6.0,36.36,Uso medio,Adulto
13170,Ana,Garcia,58.0,,2024-05-18 00:06:28.897224304,Basico,,3.0,4.0,32.21,Bajo uso,Adulto
13171,Carlos,Ramirez,75.0,Bogotá,2024-05-18 06:40:46.811702928,Premium,,5.0,5.0,19.549999999999997,Uso medio,Adulto Mayor
13172,Mateo,Ramirez,52.0,MTY,2024-05-18 13:15:04.726181552,Basico,,6.0,7.0,29.1,Uso medio,Adulto
13173,Mateo,Lopez,55.0,Bogotá,2024-05-18 19:49:22.640660176,Basico,,10.0,6.0,19.73,Alto uso,Adulto
13174,Ana,Torres,41.0,Cali,2024-05-19 02:23:40.555138784,Premium,,2.0,6.0,43.45,Uso medio,Adulto
13175,Mariana,Torres,28.0,CDMX,2024-05-19 08:57:58.469617408,Premium,,6.0,2.0,6.619999999999999,Uso medio,Joven
13176,Luis,Lopez,58.0,Cali,2024-05-19 15:32:16.384096032,Basico,"1,7172E+18",4.0,6.0,17.41,Uso medio,Adulto
13177,Luis,Torres,46.0,Medellín,2024-05-19 22:06:34.298574640,Basico,,3.0,3.0,15.8,Bajo uso,Adulto
13178,Carlos,Gomez,64.0,Bogotá,2024-05-20 04:40:52.213053264,Basico,,8.0,6.0,4.73,Uso medio,Adulto Mayor
13179,Carlos,Torres,72.0,,2024-05-20 11:15:10.127531888,Basico,,7.0,9.0,58.26,Uso medio,Adulto Mayor
13180,Mariana,Lopez,77.0,CDMX,2024-05-20 17:49:28.042010512,Premium,,4.0,8.0,40.08,Uso medio,Adulto Mayor
13181,Carlos,Torres,20.0,Bogotá,2024-05-21 00:23:45.956489120,Basico,"1,73007E+18",6.0,5.0,37.059999999999995,Uso medio,Joven
13182,Luis,Garcia,18.0,Bogotá,2024-05-21 06:58:03.870967744,Basico,,0.0,4.0,31.12,Bajo uso,Joven
13183,Sofia,Ramirez,69.0,Bogotá,2024-05-21 13:32:21.785446368,Basico,,6.0,5.0,53.010000000000005,Uso medio,Adulto Mayor
13184,Mateo,Gomez,78.0,GDL,2024-05-21 20:06:39.699924992,Premium,,8.0,11.0,76.69,Alto uso,Adulto Mayor
13185,Sofia,Garcia,71.0,MTY,2024-05-22 02:40:57.614403600,Basico,,3.0,3.0,14.55,Bajo uso,Adulto Mayor
13186,Sofia,Garcia,36.0,CDMX,2024-05-22 09:15:15.528882224,Basico,"1,72299E+18",9.0,3.0,36.03,Uso medio,Adulto
13187,Luis,Lopez,63.0,GDL,2024-05-22 15:49:33.443360848,Basico,"1,72981E+18",3.0,5.0,138.41,Uso medio,Adulto Mayor
13188,Sofia,Ramirez,66.0,GDL,2024-05-22 22:23:51.357839472,Basico,,7.0,6.0,51.87,Uso medio,Adulto Mayor
13189,Mariana,Ramirez,39.0,Medellín,2024-05-23 04:58:09.272318080,Basico,,8.0,1.0,11.88,Uso medio,Adulto
13190,Ana,Gomez,31.0,CDMX,2024-05-23 11:32:27.186796704,Basico,"1,72126E+18",6.0,6.0,12.12,Uso medio,Adulto
13191,Carlos,Lopez,66.0,Medellín,2024-05-23 18:06:45.101275328,Premium,,4.0,6.0,25.009999999999998,Uso medio,Adulto Mayor
13192,Ana,Gomez,74.0,GDL,2024-05-24 00:41:03.015753936,Premium,,4.0,6.0,39.97,Uso medio,Adulto Mayor
13193,Mateo,Torres,76.0,CDMX,2024-05-24 07:15:20.930232560,Premium,,2.0,4.0,23.19,Bajo uso,Adulto Mayor
13194,Carlos,Garcia,31.0,MTY,2024-05-24 13:49:38.844711184,Basico,,8.0,5.0,14.23,Uso medio,Adulto
13195,Sofia,Gomez,61.0,GDL,2024-05-24 20:23:56.759189808,Basico,,5.0,2.0,6.84,Uso medio,Adulto Mayor
13196,Mateo,Garcia,33.0,Bogotá,2024-05-25 02:58:14.673668416,Basico,,3.0,6.0,14.38,Uso medio,Adulto
13197,Carlos,Lopez,50.0,MTY,2024-05-25 09:32:32.588147040,Basico,,3.0,5.0,37.47,Uso medio,Adulto
13198,Mariana,Torres,30.0,,2024-05-25 16:06:50.502625664,Basico,,4.0,6.0,11.34,Uso medio,Adulto
13199,Mariana,Lopez,55.0,,2024-05-25 22:41:08.417104288,Premium,"1,7337E+18",1.0,6.0,18.37,Uso medio,Adulto
13200,Mariana,Torres,66.0,Bogotá,2024-05-26 05:15:26.331582896,Basico,,4.0,5.0,14.98,Uso medio,Adulto Mayor
13201,Mariana,Torres,29.0,Cali,2024-05-26 11:49:44.246061520,Basico,,9.0,5.0,8.49,Uso medio,Joven
13202,Sofia,Garcia,72.0,CDMX,2024-05-26 18:24:02.160540144,Basico,,5.0,4.0,19.84,Uso medio,Adulto Mayor
13203,Ana,Lopez,68.0,Bogotá,2024-05-27 00:58:20.075018752,Basico,,1.0,6.0,11.51,Uso medio,Adulto Mayor
13204,Carlos,Lopez,55.0,Medellín,2024-05-27 07:32:37.989497376,Premium,,6.0,4.0,24.13,Uso medio,Adulto
13205,Sofia,Gomez,56.0,GDL,2024-05-27 14:06:55.903976000,Basico,,5.0,4.0,17.09,Uso medio,Adulto
13206,Mariana,Lopez,50.0,CDMX,2024-05-27 20:41:13.818454624,Premium,,7.0,3.0,8.3,Uso medio,Adulto
13207,Ana,Gomez,50.0,CDMX,2024-05-28 03:15:31.732933232,Basico,,4.0,4.0,19.41,Bajo uso,Adulto
13208,Mateo,Ramirez,46.0,Bogotá,2024-05-28 09:49:49.647411856,Premium,,7.0,3.0,32.55,Uso medio,Adulto
13209,Mateo,Ramirez,22.0,Bogotá,2024-05-28 16:24:07.561890480,Basico,,5.0,4.0,15.54,Uso medio,Joven
13210,Mateo,Ramirez,23.0,MTY,2024-05-28 22:58:25.476369104,Premium,,8.0,1.0,4.97,Uso medio,Joven
13211,Mariana,Lopez,48.0,Bogotá,2024-05-29 05:32:43.390847712,Basico,,7.0,6.0,32.940000000000005,Uso medio,Adulto
13212,Mateo,Lopez,33.0,Bogotá,2024-05-29 12:07:01.305326336,Basico,,3.0,3.0,20.95,Bajo uso,Adulto
13213,Luis,Gomez,48.0,Cali,2024-05-29 18:41:19.219804960,Basico,,8.0,3.0,10.96,Uso medio,Adulto
13214,Carlos,Torres,42.0,CDMX,2024-05-30 01:15:37.134283568,Basico,,5.0,2.0,20.71,Uso medio,Adulto
13215,Carlos,Gomez,65.0,Cali,2024-05-30 07:49:55.048762192,Basico,,5.0,2.0,2.8600000000000003,Uso medio,Adulto Mayor
13216,Mariana,Ramirez,63.0,Medellín,2024-05-30 14:24:12.963240816,Basico,,9.0,3.0,3.99,Uso medio,Adulto Mayor
13217,Luis,Gomez,50.0,Medellín,2024-05-30 20:58:30.877719440,Basico,"1,72117E+18",6.0,5.0,31.12,Uso medio,Adulto
13218,Sofia,Torres,30.0,Medellín,2024-05-31 03:32:48.792198048,Basico,,4.0,6.0,31.939999999999998,Uso medio,Adulto
13219,Sofia,Lopez,69.0,Bogotá,2024-05-31 10:07:06.706676672,Premium,,5.0,4.0,4.6899999999999995,Uso medio,Adulto Mayor
13220,Mateo,Gomez,27.0,GDL,2024-05-31 16:41:24.621155296,Basico,,7.0,4.0,45.93000000000001,Uso medio,Joven
13221,Ana,Ramirez,41.0,Bogotá,2024-05-31 23:15:42.535633920,Basico,,5.0,5.0,24.169999999999998,Uso medio,Adulto
13222,Sofia,Ramirez,27.0,,2024-06-01 05:50:00.450112528,Premium,,7.0,6.0,50.97,Uso medio,Joven
13223,Ana,Lopez,58.0,Bogotá,2024-06-01 12:24:18.364591152,Premium,,8.0,3.0,21.17,Uso medio,Adulto
13224,Carlos,Gomez,48.0,CDMX,2024-06-01 18:58:36.279069776,Premium,,4.0,3.0,10.7,Bajo uso,Adulto
13225,Ana,Torres,30.0,CDMX,2024-06-02 01:32:54.193548384,Premium,,7.0,3.0,13.93,Uso medio,Adulto
13226,Carlos,Lopez,20.0,,2024-06-02 08:07:12.108027008,Basico,,6.0,2.0,2.42,Uso medio,Joven
13227,Luis,Gomez,76.0,CDMX,2024-06-02 14:41:30.022505632,Premium,,5.0,4.0,38.57,Uso medio,Adulto Mayor
13228,Luis,Garcia,67.0,CDMX,2024-06-02 21:15:47.936984256,Basico,,3.0,3.0,8.78,Bajo uso,Adulto Mayor
13229,Mariana,Ramirez,69.0,MTY,2024-06-03 03:50:05.851462864,Basico,,5.0,5.0,15.39,Uso medio,Adulto Mayor
13230,Mariana,Torres,51.0,,2024-06-03 10:24:23.765941488,Premium,,5.0,4.0,39.2,Uso medio,Adulto
13231,Mateo,Torres,66.0,MTY,2024-06-03 16:58:41.680420112,Basico,,6.0,4.0,14.53,Uso medio,Adulto Mayor
13232,Sofia,Torres,45.0,Bogotá,2024-06-03 23:32:59.594898736,Basico,,7.0,8.0,53.59,Uso medio,Adulto
13233,Mateo,Ramirez,36.0,Medellín,2024-06-04 06:07:17.509377344,Basico,,5.0,5.0,54.35,Uso medio,Adulto
13234,Carlos,Gomez,40.0,CDMX,2024-06-04 12:41:35.423855968,Basico,,9.0,2.0,4.5600000000000005,Uso medio,Adulto
13235,Mateo,Lopez,62.0,,2024-06-04 19:15:53.338334592,Basico,,8.0,5.0,26.700000000000003,Uso medio,Adulto Mayor
13236,Ana,Gomez,49.0,Bogotá,2024-06-05 01:50:11.252813200,Basico,,5.0,5.0,28.649999999999995,Uso medio,Adulto
13237,Carlos,Lopez,30.0,Bogotá,2024-06-05 08:24:29.167291824,Basico,,5.0,7.0,58.7,Uso medio,Adulto
13238,Mariana,Torres,50.0,,2024-06-05 14:58:47.081770448,Basico,,7.0,6.0,27.909999999999997,Uso medio,Adulto
13239,Luis,Gomez,51.0,,2024-06-05 21:33:04.996249072,Basico,,10.0,3.0,21.57,Alto uso,Adulto
13240,Mariana,Torres,50.0,Bogotá,2024-06-06 04:07:22.910727680,Basico,,5.0,2.0,13.370000000000001,Uso medio,Adulto
13241,Sofia,Garcia,73.0,CDMX,2024-06-06 10:41:40.825206304,Premium,,2.0,1.0,7.28,Bajo uso,Adulto Mayor
13242,Carlos,Torres,22.0,Cali,2024-06-06 17:15:58.739684928,Basico,,5.0,10.0,67.11,Alto uso,Joven
13243,Carlos,Torres,73.0,Bogotá,2024-06-06 23:50:16.654163552,Premium,,8.0,6.0,34.92,Uso medio,Adulto Mayor
13244,Ana,Lopez,20.0,,2024-06-07 06:24:34.568642160,Basico,,4.0,2.0,8.34,Bajo uso,Joven
13245,Sofia,Garcia,78.0,,2024-06-07 12:58:52.483120784,Basico,"1,73292E+18",7.0,2.0,7.2,Uso medio,Adulto Mayor
13246,Luis,Torres,77.0,CDMX,2024-06-07 19:33:10.397599408,Basico,"1,71996E+18",5.0,3.0,7.34,Uso medio,Adulto Mayor
13247,Carlos,Torres,24.0,,2024-06-08 02:07:28.312078016,Basico,,7.0,7.0,50.24999999999999,Uso medio,Joven
13248,Carlos,Garcia,41.0,MTY,2024-06-08 08:41:46.226556640,Basico,,7.0,3.0,18.29,Uso medio,Adulto
13249,Ana,Garcia,48.0,Medellín,2024-06-08 15:16:04.141035264,Basico,,5.0,5.0,59.96999999999999,Uso medio,Adulto
13250,Mateo,Gomez,39.0,CDMX,2024-06-08 21:50:22.055513888,Basico,,3.0,7.0,47.04,Uso medio,Adulto
13251,Luis,Lopez,62.0,,2024-06-09 04:24:39.969992496,Basico,,2.0,7.0,20.94,Uso medio,Adulto Mayor
13252,Mariana,Garcia,78.0,Medellín,2024-06-09 10:58:57.884471120,Basico,,3.0,8.0,47.77000000000001,Uso medio,Adulto Mayor
13253,Sofia,Garcia,40.0,Medellín,2024-06-09 17:33:15.798949744,Premium,,3.0,3.0,19.32,Bajo uso,Adulto
13254,Carlos,Ramirez,47.0,,2024-06-10 00:07:33.713428368,Basico,,3.0,8.0,48.18000000000001,Uso medio,Adulto
13255,Carlos,Garcia,77.0,Bogotá,2024-06-10 06:41:51.627906976,Premium,,12.0,10.0,46.160000000000004,Alto uso,Adulto Mayor
13256,Mariana,Lopez,35.0,Bogotá,2024-06-10 13:16:09.542385600,Premium,,5.0,5.0,24.61,Uso medio,Adulto
13257,Luis,Torres,49.0,,2024-06-10 19:50:27.456864224,Basico,,10.0,4.0,26.78,Alto uso,Adulto
13258,Mateo,Torres,73.0,Medellín,2024-06-11 02:24:45.371342848,Premium,,7.0,3.0,19.43,Uso medio,Adulto Mayor
13259,Carlos,Torres,70.0,,2024-06-11 08:59:03.285821456,Premium,,3.0,3.0,21.25,Bajo uso,Adulto Mayor
13260,Luis,Torres,24.0,,2024-06-11 15:33:21.200300080,Basico,,11.0,4.0,15.71,Alto uso,Joven
13261,Mariana,Ramirez,50.0,MTY,2024-06-11 22:07:39.114778704,Premium,,7.0,4.0,35.2,Uso medio,Adulto
13262,Ana,Garcia,22.0,Bogotá,2024-06-12 04:41:57.029257312,Premium,,8.0,4.0,14.26,Uso medio,Joven
13263,Mateo,Torres,66.0,GDL,2024-06-12 11:16:14.943735936,Basico,,2.0,2.0,19.85,Bajo uso,Adulto Mayor
13264,Sofia,Gomez,45.0,Medellín,2024-06-12 17:50:32.858214560,Basico,,3.0,1.0,11.41,Bajo uso,Adulto
13265,Carlos,Torres,78.0,MTY,2024-06-13 00:24:50.772693184,Premium,,5.0,6.0,147.53,Uso medio,Adulto Mayor
13266,Luis,Garcia,25.0,Cali,2024-06-13 06:59:08.687171792,Premium,,7.0,4.0,15.700000000000001,Uso medio,Joven
13267,Ana,Torres,32.0,CDMX,2024-06-13 13:33:26.601650416,Basico,,7.0,1.0,0.3,Uso medio,Adulto
13268,Sofia,Ramirez,69.0,CDMX,2024-06-13 20:07:44.516129040,Basico,,9.0,4.0,27.52,Uso medio,Adulto Mayor
13269,Luis,Lopez,21.0,GDL,2024-06-14 02:42:02.430607664,Premium,,4.0,3.0,10.71,Bajo uso,Joven
13270,Luis,Lopez,51.0,CDMX,2024-06-14 09:16:20.345086272,Basico,"1,72515E+18",6.0,6.0,15.629999999999999,Uso medio,Adulto
13271,Sofia,Garcia,22.0,Medellín,2024-06-14 15:50:38.259564896,Premium,,5.0,6.0,42.73,Uso medio,Joven
13272,Ana,Lopez,50.0,CDMX,2024-06-14 22:24:56.174043520,Basico,,5.0,5.0,24.660000000000004,Uso medio,Adulto
13273,Mariana,Lopez,74.0,CDMX,2024-06-15 04:59:14.088522128,Basico,,8.0,6.0,27.819999999999997,Uso medio,Adulto Mayor
13274,Ana,Gomez,22.0,CDMX,2024-06-15 11:33:32.003000752,Basico,,9.0,4.0,30.380000000000003,Uso medio,Joven
13275,Mateo,Garcia,55.0,Cali,2024-06-15 18:07:49.917479376,Basico,,4.0,11.0,62.11000000000001,Alto uso,Adulto
13276,Carlos,Garcia,51.0,Cali,2024-06-16 00:42:07.831958000,Basico,,9.0,5.0,39.64,Uso medio,Adulto
13277,Sofia,Lopez,75.0,CDMX,2024-06-16 07:16:25.746436608,Basico,,3.0,3.0,23.029999999999998,Bajo uso,Adulto Mayor
13278,Mariana,Lopez,43.0,Medellín,2024-06-16 13:50:43.660915232,Basico,,7.0,3.0,7.800000000000001,Uso medio,Adulto
13279,Sofia,Lopez,18.0,Bogotá,2024-06-16 20:25:01.575393856,Basico,,4.0,1.0,0.43,Bajo uso,Joven
13280,Sofia,Ramirez,21.0,GDL,2024-06-17 02:59:19.489872480,Premium,,4.0,9.0,34.11,Uso medio,Joven
13281,Ana,Torres,56.0,Medellín,2024-06-17 09:33:37.404351088,Basico,,6.0,2.0,2.01,Uso medio,Adulto
13282,Carlos,Ramirez,71.0,CDMX,2024-06-17 16:07:55.318829712,Basico,,5.0,2.0,2.8,Uso medio,Adulto Mayor
13283,Mateo,Garcia,43.0,Cali,2024-06-17 22:42:13.233308336,Basico,,7.0,3.0,13.080000000000002,Uso medio,Adulto
13284,Luis,Gomez,50.0,CDMX,2024-06-18 05:16:31.147786944,Basico,"1,71945E+18",6.0,6.0,29.169999999999998,Uso medio,Adulto
13285,Luis,Torres,50.0,,2024-06-18 11:50:49.062265568,Premium,"1,72852E+18",7.0,6.0,31.169999999999998,Uso medio,Adulto
13286,Sofia,Gomez,25.0,CDMX,2024-06-18 18:25:06.976744192,Premium,,5.0,6.0,32.23,Uso medio,Joven
13287,Carlos,Garcia,37.0,Bogotá,2024-06-19 00:59:24.891222816,Basico,"1,72126E+18",3.0,3.0,4.9799999999999995,Bajo uso,Adulto
13288,Mariana,Garcia,33.0,,2024-06-19 07:33:42.805701424,Premium,,3.0,6.0,6.53,Uso medio,Adulto
13289,Ana,Gomez,38.0,CDMX,2024-06-19 14:08:00.720180048,Basico,,9.0,9.0,53.85,Uso medio,Adulto
13290,Carlos,Gomez,62.0,Bogotá,2024-06-19 20:42:18.634658672,Basico,,9.0,2.0,7.1899999999999995,Uso medio,Adulto Mayor
13291,Carlos,Gomez,72.0,MTY,2024-06-20 03:16:36.549137296,Basico,,5.0,5.0,21.240000000000002,Uso medio,Adulto Mayor
13292,Ana,Garcia,73.0,Bogotá,2024-06-20 09:50:54.463615904,Premium,,2.0,1.0,17.49,Bajo uso,Adulto Mayor
13293,Sofia,Lopez,48.0,GDL,2024-06-20 16:25:12.378094528,Basico,,6.0,7.0,48.60000000000001,Uso medio,Adulto
13294,Carlos,Gomez,43.0,CDMX,2024-06-20 22:59:30.292573152,Premium,,4.0,2.0,9.09,Bajo uso,Adulto
13295,Luis,Torres,40.0,Medellín,2024-06-21 05:33:48.207051760,Basico,,6.0,2.0,4.57,Uso medio,Adulto
13296,Ana,Garcia,35.0,Bogotá,2024-06-21 12:08:06.121530384,Basico,"1,71893E+18",7.0,3.0,21.21,Uso medio,Adulto
13297,Mariana,Ramirez,79.0,Medellín,2024-06-21 18:42:24.036009008,Premium,,7.0,8.0,70.21,Uso medio,Adulto Mayor
13298,Mateo,Ramirez,48.0,GDL,2024-06-22 01:16:41.950487632,Basico,,10.0,2.0,130.23,Alto uso,Adulto
13299,Sofia,Torres,69.0,MTY,,Premium,,3.0,1.0,4.81,Bajo uso,Adulto Mayor
13300,Ana,Lopez,59.0,Bogotá,2024-06-22 14:25:17.779444864,Premium,,7.0,3.0,9.1,Uso medio,Adulto
13301,Mateo,Gomez,29.0,Bogotá,2024-06-22 20:59:35.693923488,Premium,,13.0,5.0,24.220000000000002,Alto uso,Joven
13302,Mateo,Garcia,18.0,MTY,2024-06-23 03:33:53.608402112,Basico,,4.0,6.0,48.42000000000001,Uso medio,Joven
13303,Mariana,Gomez,59.0,GDL,2024-06-23 10:08:11.522880720,Basico,,5.0,5.0,25.520000000000003,Uso medio,Adulto
13304,Carlos,Garcia,26.0,GDL,2024-06-23 16:42:29.437359344,Premium,,6.0,6.0,19.17,Uso medio,Joven
13305,Mariana,Ramirez,20.0,CDMX,2024-06-23 23:16:47.351837968,Basico,,8.0,7.0,24.61,Uso medio,Joven
13306,Carlos,Gomez,77.0,MTY,2024-06-24 05:51:05.266316576,Basico,,4.0,9.0,44.940000000000005,Uso medio,Adulto Mayor
13307,Carlos,Torres,68.0,GDL,2024-06-24 12:25:23.180795200,Basico,,4.0,7.0,31.229999999999997,Uso medio,Adulto Mayor
13308,Ana,Lopez,43.0,Medellín,2024-06-24 18:59:41.095273824,Basico,,5.0,3.0,11.0,Uso medio,Adulto
13309,Ana,Torres,26.0,Bogotá,2024-06-25 01:33:59.009752448,Basico,,5.0,5.0,15.120000000000001,Uso medio,Joven
13310,Sofia,Lopez,59.0,MTY,2024-06-25 08:08:16.924231056,Basico,,5.0,4.0,14.49,Uso medio,Adulto
13311,Carlos,Gomez,68.0,MTY,2024-06-25 14:42:34.838709680,Basico,,5.0,5.0,36.34,Uso medio,Adulto Mayor
13312,Mateo,Gomez,33.0,GDL,2024-06-25 21:16:52.753188304,Basico,,4.0,8.0,36.64,Uso medio,Adulto
13313,Luis,Lopez,41.0,Bogotá,2024-06-26 03:51:10.667666928,Basico,"1,72705E+18",2.0,6.0,48.519999999999996,Uso medio,Adulto
13314,Sofia,Ramirez,67.0,,2024-06-26 10:25:28.582145536,Premium,,3.0,6.0,17.38,Uso medio,Adulto Mayor
13315,Ana,Garcia,31.0,Medellín,2024-06-26 16:59:46.496624160,Premium,,6.0,5.0,31.729999999999997,Uso medio,Adulto
13316,Mariana,Torres,78.0,Medellín,2024-06-26 23:34:04.411102784,Basico,,6.0,2.0,5.82,Uso medio,Adulto Mayor
13317,Sofia,Torres,20.0,Cali,2024-06-27 06:08:22.325581392,Basico,,5.0,8.0,24.87,Uso medio,Joven
13318,Sofia,Torres,51.0,MTY,2024-06-27 12:42:40.240060016,Basico,,8.0,5.0,23.13,Uso medio,Adulto
13319,Sofia,Gomez,50.0,CDMX,2024-06-27 19:16:58.154538640,Basico,,7.0,3.0,5.16,Uso medio,Adulto
13320,Sofia,Torres,67.0,Medellín,2024-06-28 01:51:16.069017264,Premium,,4.0,8.0,40.14,Uso medio,Adulto Mayor
13321,Luis,Garcia,41.0,GDL,2024-06-28 08:25:33.983495872,Premium,,2.0,2.0,2.59,Bajo uso,Adulto
13322,Mariana,Garcia,26.0,Bogotá,2024-06-28 14:59:51.897974496,Premium,,3.0,5.0,56.85,Uso medio,Joven
13323,Mariana,Lopez,30.0,Medellín,2024-06-28 21:34:09.812453120,Basico,,1.0,3.0,16.310000000000002,Bajo uso,Adulto
13324,Mariana,Gomez,19.0,Cali,2024-06-29 04:08:27.726931744,Basico,,6.0,7.0,60.66000000000001,Uso medio,Joven
13325,Carlos,Garcia,24.0,MTY,2024-06-29 10:42:45.641410352,Basico,,4.0,7.0,143.97000000000003,Uso medio,Joven
13326,Mateo,Ramirez,65.0,Bogotá,2024-06-29 17:17:03.555888976,Basico,,2.0,8.0,31.18,Uso medio,Adulto Mayor
13327,Mariana,Gomez,48.0,Medellín,2024-06-29 23:51:21.470367600,Basico,,4.0,2.0,5.35,Bajo uso,Adulto
13328,Sofia,Gomez,38.0,Cali,2024-06-30 06:25:39.384846208,Basico,"1,72947E+18",6.0,6.0,35.03,Uso medio,Adulto
13329,Sofia,Garcia,36.0,Cali,2024-06-30 12:59:57.299324832,Basico,,1.0,6.0,35.64,Uso medio,Adulto
13330,Mariana,Ramirez,42.0,,2024-06-30 19:34:15.213803456,Basico,,10.0,4.0,18.130000000000003,Alto uso,Adulto
13331,Mariana,Lopez,64.0,CDMX,2024-07-01 02:08:33.128282080,Basico,,4.0,4.0,17.799999999999997,Bajo uso,Adulto Mayor
13332,Sofia,Garcia,39.0,Bogotá,2024-07-01 08:42:51.042760688,Basico,"1,72912E+18",5.0,6.0,15.560000000000002,Uso medio,Adulto
13333,Carlos,Ramirez,28.0,GDL,2024-07-01 15:17:08.957239312,Premium,,11.0,4.0,10.940000000000001,Alto uso,Joven
13334,Ana,Gomez,50.0,CDMX,2024-07-01 21:51:26.871717936,Basico,"1,71988E+18",11.0,3.0,7.6899999999999995,Alto uso,Adulto
13335,Ana,Ramirez,49.0,,2024-07-02 04:25:44.786196560,Basico,,4.0,3.0,8.940000000000001,Bajo uso,Adulto
13336,Mariana,Gomez,38.0,,2024-07-02 11:00:02.700675168,Basico,,6.0,4.0,14.98,Uso medio,Adulto
13337,Luis,Garcia,56.0,GDL,2024-07-02 17:34:20.615153792,Premium,,5.0,1.0,1.94,Uso medio,Adulto
13338,Mariana,Garcia,37.0,CDMX,2024-07-03 00:08:38.529632416,Basico,,3.0,6.0,11.48,Uso medio,Adulto
13339,Mariana,Torres,25.0,GDL,2024-07-03 06:42:56.444111040,Premium,,4.0,2.0,19.279999999999998,Bajo uso,Joven
13340,Ana,Torres,59.0,Cali,2024-07-03 13:17:14.358589648,Basico,,6.0,8.0,74.04999999999998,Uso medio,Adulto
13341,Sofia,Torres,54.0,GDL,2024-07-03 19:51:32.273068272,Premium,,5.0,3.0,15.690000000000001,Uso medio,Adulto
13342,Mariana,Garcia,26.0,CDMX,2024-07-04 02:25:50.187546896,Basico,,4.0,4.0,31.99,Bajo uso,Joven
13343,Sofia,Lopez,42.0,CDMX,2024-07-04 09:00:08.102025504,Basico,,5.0,4.0,21.7,Uso medio,Adulto
13344,Sofia,Garcia,42.0,Bogotá,2024-07-04 15:34:26.016504128,Basico,,6.0,3.0,19.65,Uso medio,Adulto
13345,Luis,Ramirez,50.0,,2024-07-04 22:08:43.930982752,Basico,,12.0,9.0,46.989999999999995,Alto uso,Adulto
13346,Sofia,Garcia,19.0,GDL,2024-07-05 04:43:01.845461376,Premium,,9.0,3.0,23.169999999999998,Uso medio,Joven
13347,Ana,Garcia,36.0,Bogotá,2024-07-05 11:17:19.759939984,Basico,"1,72722E+18",3.0,2.0,6.22,Bajo uso,Adulto
13348,Carlos,Gomez,63.0,CDMX,2024-07-05 17:51:37.674418608,Basico,,6.0,3.0,2.7399999999999998,Uso medio,Adulto Mayor
13349,Carlos,Gomez,37.0,Bogotá,2024-07-06 00:25:55.588897232,Premium,,4.0,3.0,9.81,Bajo uso,Adulto
13350,Mateo,Gomez,59.0,Medellín,2024-07-06 07:00:13.503375856,Basico,,4.0,7.0,82.17999999999999,Uso medio,Adulto
13351,Mariana,Garcia,58.0,GDL,2024-07-06 13:34:31.417854464,Premium,,4.0,2.0,15.169999999999998,Bajo uso,Adulto
13352,Ana,Lopez,59.0,GDL,2024-07-06 20:08:49.332333088,Basico,,8.0,3.0,25.63,Uso medio,Adulto
13353,Sofia,Ramirez,46.0,Cali,2024-07-07 02:43:07.246811712,Premium,,6.0,2.0,1.25,Uso medio,Adulto
13354,Carlos,Ramirez,23.0,CDMX,2024-07-07 09:17:25.161290320,Basico,,9.0,7.0,26.830000000000002,Uso medio,Joven
13355,Ana,Lopez,34.0,Medellín,2024-07-07 15:51:43.075768944,Basico,,7.0,2.0,2.5,Uso medio,Adulto
13356,Carlos,Lopez,77.0,MTY,2024-07-07 22:26:00.990247568,Basico,,9.0,6.0,30.32,Uso medio,Adulto Mayor
13357,Sofia,Ramirez,42.0,GDL,2024-07-08 05:00:18.904726192,Basico,,5.0,4.0,5.05,Uso medio,Adulto
13358,Carlos,Torres,55.0,Medellín,2024-07-08 11:34:36.819204800,Basico,,6.0,6.0,36.79,Uso medio,Adulto
13359,Mariana,Gomez,21.0,Cali,2024-07-08 18:08:54.733683424,Basico,,6.0,5.0,14.62,Uso medio,Joven
13360,Mariana,Gomez,47.0,Bogotá,2024-07-09 00:43:12.648162048,Premium,"1,72619E+18",8.0,6.0,16.139999999999997,Uso medio,Adulto
13361,Mateo,Ramirez,37.0,CDMX,2024-07-09 07:17:30.562640672,Premium,,4.0,5.0,41.46,Uso medio,Adulto
13362,Mateo,Lopez,20.0,Bogotá,2024-07-09 13:51:48.477119280,Premium,,4.0,4.0,24.58,Bajo uso,Joven
13363,Carlos,Torres,40.0,Bogotá,2024-07-09 20:26:06.391597904,Premium,,5.0,5.0,13.39,Uso medio,Adulto
13364,Ana,Ramirez,68.0,Bogotá,2024-07-10 03:00:24.306076528,Premium,,4.0,0.0,0.0,Bajo uso,Adulto Mayor
13365,Mariana,Gomez,35.0,Medellín,2024-07-10 09:34:42.220555136,Premium,,5.0,6.0,21.13,Uso medio,Adulto
13366,Ana,Garcia,43.0,CDMX,2024-07-10 16:09:00.135033760,Premium,,5.0,6.0,30.6,Uso medio,Adulto
13367,Ana,Lopez,73.0,Bogotá,2024-07-10 22:43:18.049512384,Basico,,6.0,7.0,40.76,Uso medio,Adulto Mayor
13368,Carlos,Garcia,53.0,Bogotá,2024-07-11 05:17:35.963991008,Premium,,2.0,3.0,9.45,Bajo uso,Adulto
13369,Ana,Ramirez,25.0,MTY,2024-07-11 11:51:53.878469616,Premium,"1,72973E+18",3.0,4.0,26.58,Bajo uso,Joven
13370,Mariana,Gomez,34.0,Medellín,2024-07-11 18:26:11.792948240,Premium,,5.0,2.0,6.540000000000001,Uso medio,Adulto
13371,Sofia,Torres,48.0,GDL,2024-07-12 01:00:29.707426864,Basico,,3.0,2.0,9.21,Bajo uso,Adulto
13372,Mateo,Garcia,54.0,MTY,2024-07-12 07:34:47.621905488,Basico,,3.0,1.0,2.19,Bajo uso,Adulto
13373,Sofia,Torres,62.0,,2024-07-12 14:09:05.536384096,Premium,,5.0,7.0,39.74,Uso medio,Adulto Mayor
13374,Ana,Gomez,74.0,MTY,2024-07-12 20:43:23.450862720,Premium,,4.0,6.0,11.900000000000002,Uso medio,Adulto Mayor
13375,Sofia,Garcia,50.0,MTY,2024-07-13 03:17:41.365341344,Basico,,4.0,0.0,0.0,Bajo uso,Adulto
13376,Mariana,Torres,44.0,Bogotá,2024-07-13 09:51:59.279819952,Basico,,3.0,5.0,22.099999999999998,Uso medio,Adulto
13377,Mariana,Torres,62.0,,2024-07-13 16:26:17.194298576,Basico,,5.0,4.0,18.86,Uso medio,Adulto Mayor
13378,Ana,Garcia,21.0,,2024-07-13 23:00:35.108777200,Basico,,10.0,2.0,5.29,Alto uso,Joven
13379,Carlos,Gomez,39.0,Bogotá,2024-07-14 05:34:53.023255824,Basico,,0.0,9.0,39.44,Uso medio,Adulto
13380,Sofia,Torres,43.0,CDMX,2024-07-14 12:09:10.937734432,Basico,,4.0,3.0,10.25,Bajo uso,Adulto
13381,Carlos,Ramirez,49.0,,2024-07-14 18:43:28.852213056,Premium,,4.0,2.0,1.48,Bajo uso,Adulto
13382,Carlos,Garcia,41.0,Bogotá,2024-07-15 01:17:46.766691680,Premium,,6.0,6.0,17.88,Uso medio,Adulto
13383,Luis,Lopez,63.0,MTY,2024-07-15 07:52:04.681170304,Basico,,2.0,4.0,26.73,Bajo uso,Adulto Mayor
13384,Ana,Lopez,52.0,Cali,2024-07-15 14:26:22.595648912,Premium,"1,71806E+18",11.0,5.0,27.880000000000003,Alto uso,Adulto
13385,Mateo,Gomez,54.0,MTY,2024-07-15 21:00:40.510127536,Basico,,5.0,5.0,64.67,Uso medio,Adulto
13386,Mariana,Ramirez,49.0,CDMX,2024-07-16 03:34:58.424606160,Basico,,6.0,3.0,11.3,Uso medio,Adulto
13387,Mariana,Torres,24.0,Cali,2024-07-16 10:09:16.339084768,Basico,,4.0,9.0,76.64999999999998,Uso medio,Joven
13388,Ana,Lopez,50.0,Bogotá,2024-07-16 16:43:34.253563392,Premium,,4.0,6.0,36.870000000000005,Uso medio,Adulto
13389,Mateo,Gomez,48.0,MTY,2024-07-16 23:17:52.168042016,Premium,,5.0,5.0,13.32,Uso medio,Adulto
13390,Mariana,Ramirez,72.0,GDL,2024-07-17 05:52:10.082520640,Premium,,3.0,2.0,2.92,Bajo uso,Adulto Mayor
13391,Ana,Ramirez,78.0,Bogotá,2024-07-17 12:26:27.996999248,Basico,"1,72031E+18",4.0,4.0,14.48,Bajo uso,Adulto Mayor
13392,Mariana,Gomez,29.0,GDL,2024-07-17 19:00:45.911477872,Basico,,6.0,5.0,9.19,Uso medio,Joven
13393,Carlos,Gomez,28.0,MTY,2024-07-18 01:35:03.825956496,Basico,,7.0,2.0,19.54,Uso medio,Joven
13394,Sofia,Torres,41.0,Medellín,2024-07-18 08:09:21.740435120,Premium,"1,72048E+18",4.0,1.0,29.59,Bajo uso,Adulto
13395,Sofia,Gomez,25.0,,2024-07-18 14:43:39.654913728,Premium,,5.0,4.0,14.86,Uso medio,Joven
13396,Mariana,Torres,49.0,Bogotá,2024-07-18 21:17:57.569392352,Basico,,4.0,4.0,18.97,Bajo uso,Adulto
13397,Luis,Torres,74.0,Cali,2024-07-19 03:52:15.483870976,Basico,,2.0,3.0,15.29,Bajo uso,Adulto Mayor
13398,Mateo,Garcia,55.0,Cali,2024-07-19 10:26:33.398349584,Premium,,5.0,5.0,26.65,Uso medio,Adulto
13399,Mateo,Ramirez,77.0,Medellín,2024-07-19 17:00:51.312828208,Premium,,7.0,8.0,70.80000000000001,Uso medio,Adulto Mayor
13400,Mateo,Ramirez,39.0,GDL,2024-07-19 23:35:09.227306832,Basico,,5.0,5.0,24.390000000000004,Uso medio,Adulto
13401,Carlos,Ramirez,51.0,,2024-07-20 06:09:27.141785456,Premium,,3.0,5.0,18.2,Uso medio,Adulto
13402,Mateo,Garcia,36.0,Bogotá,2024-07-20 12:43:45.056264064,Basico,,3.0,7.0,18.06,Uso medio,Adulto
13403,Sofia,Torres,69.0,CDMX,2024-07-20 19:18:02.970742688,Basico,,5.0,7.0,54.74999999999999,Uso medio,Adulto Mayor
13404,Carlos,Torres,37.0,GDL,2024-07-21 01:52:20.885221312,Basico,,2.0,5.0,32.08,Uso medio,Adulto
13405,Ana,Gomez,73.0,Cali,2024-07-21 08:26:38.799699936,Basico,,3.0,5.0,40.82,Uso medio,Adulto Mayor
13406,Mateo,Garcia,31.0,CDMX,2024-07-21 15:00:56.714178544,Basico,,12.0,3.0,17.11,Alto uso,Adulto
13407,Mateo,Gomez,50.0,CDMX,2024-07-21 21:35:14.628657168,Basico,,6.0,2.0,29.59,Uso medio,Adulto
13408,Ana,Garcia,27.0,Medellín,2024-07-22 04:09:32.543135792,Basico,,7.0,5.0,23.6,Uso medio,Joven
13409,Mateo,Gomez,33.0,,2024-07-22 10:43:50.457614416,Basico,,5.0,5.0,18.220000000000002,Uso medio,Adulto
13410,Ana,Lopez,79.0,Medellín,2024-07-22 17:18:08.372093024,Basico,,3.0,3.0,2.16,Bajo uso,Adulto Mayor
13411,Carlos,Ramirez,21.0,GDL,2024-07-22 23:52:26.286571648,Basico,,7.0,3.0,19.01,Uso medio,Joven
13412,Sofia,Ramirez,44.0,CDMX,2024-07-23 06:26:44.201050272,Premium,,6.0,10.0,35.19,Alto uso,Adulto
13413,Ana,Torres,45.0,Medellín,2024-07-23 13:01:02.115528880,Basico,,5.0,1.0,7.79,Uso medio,Adulto
13414,Luis,Lopez,78.0,CDMX,2024-07-23 19:35:20.030007504,Basico,,2.0,5.0,17.41,Uso medio,Adulto Mayor
13415,Ana,Ramirez,60.0,Medellín,2024-07-24 02:09:37.944486128,Premium,,5.0,6.0,35.58,Uso medio,Adulto Mayor
13416,Mateo,Torres,33.0,GDL,2024-07-24 08:43:55.858964752,Basico,,4.0,5.0,31.47,Uso medio,Adulto
13417,Carlos,Lopez,76.0,,2024-07-24 15:18:13.773443360,Basico,,5.0,5.0,36.88999999999999,Uso medio,Adulto Mayor
13418,Mariana,Ramirez,69.0,Bogotá,2024-07-24 21:52:31.687921984,Basico,,6.0,3.0,36.199999999999996,Uso medio,Adulto Mayor
13419,Carlos,Gomez,50.0,GDL,2024-07-25 04:26:49.602400608,Premium,,5.0,3.0,12.74,Uso medio,Adulto
13420,Mariana,Garcia,65.0,,2024-07-25 11:01:07.516879232,Premium,,1.0,2.0,1.17,Bajo uso,Adulto Mayor
13421,Ana,Lopez,36.0,GDL,2024-07-25 17:35:25.431357840,Basico,,5.0,5.0,19.51,Uso medio,Adulto
13422,Sofia,Torres,38.0,MTY,2024-07-26 00:09:43.345836464,Premium,"1,71755E+18",8.0,4.0,15.219999999999999,Uso medio,Adulto
13423,Luis,Lopez,39.0,Cali,2024-07-26 06:44:01.260315088,Basico,,10.0,6.0,17.7,Alto uso,Adulto
13424,Carlos,Torres,26.0,MTY,2024-07-26 13:18:19.174793696,Premium,,10.0,7.0,13.65,Alto uso,Joven
13425,Mateo,Lopez,26.0,Bogotá,2024-07-26 19:52:37.089272320,Basico,,5.0,3.0,10.850000000000001,Uso medio,Joven
13426,Mariana,Torres,26.0,MTY,2024-07-27 02:26:55.003750944,Premium,,8.0,2.0,3.77,Uso medio,Joven
13427,Mateo,Ramirez,44.0,CDMX,2024-07-27 09:01:12.918229568,Basico,,6.0,3.0,11.33,Uso medio,Adulto
13428,Sofia,Gomez,34.0,CDMX,2024-07-27 15:35:30.832708176,Basico,,2.0,6.0,31.6,Uso medio,Adulto
13429,Mariana,Ramirez,61.0,Medellín,2024-07-27 22:09:48.747186800,Premium,,4.0,4.0,10.19,Bajo uso,Adulto Mayor
13430,Carlos,Gomez,74.0,Medellín,2024-07-28 04:44:06.661665424,Premium,,8.0,3.0,21.939999999999998,Uso medio,Adulto Mayor
13431,Ana,Ramirez,62.0,GDL,2024-07-28 11:18:24.576144048,Basico,,3.0,3.0,2.31,Bajo uso,Adulto Mayor
13432,Mateo,Ramirez,25.0,GDL,2024-07-28 17:52:42.490622656,Basico,,7.0,4.0,18.4,Uso medio,Joven
13433,Sofia,Lopez,33.0,,2024-07-29 00:27:00.405101280,Basico,,11.0,3.0,17.259999999999998,Alto uso,Adulto
13434,Carlos,Garcia,35.0,,2024-07-29 07:01:18.319579904,Basico,,4.0,0.0,0.0,Bajo uso,Adulto
13435,Carlos,Torres,78.0,Bogotá,2024-07-29 13:35:36.234058512,Basico,,2.0,3.0,13.059999999999999,Bajo uso,Adulto Mayor
13436,Carlos,Torres,76.0,Cali,2024-07-29 20:09:54.148537136,Basico,"1,72575E+18",2.0,4.0,21.180000000000003,Bajo uso,Adulto Mayor
13437,Carlos,Torres,50.0,Medellín,2024-07-30 02:44:12.063015760,Basico,,5.0,1.0,1.18,Uso medio,Adulto
13438,Mariana,Gomez,18.0,GDL,2024-07-30 09:18:29.977494384,Basico,,5.0,5.0,14.940000000000001,Uso medio,Joven
13439,Carlos,Torres,29.0,CDMX,2024-07-30 15:52:47.891972992,Basico,,6.0,2.0,3.59,Uso medio,Joven
13440,Mateo,Torres,23.0,CDMX,2024-07-30 22:27:05.806451616,Basico,,5.0,5.0,45.56,Uso medio,Joven
13441,Sofia,Lopez,58.0,Cali,2024-07-31 05:01:23.720930240,Basico,,4.0,10.0,42.63999999999999,Alto uso,Adulto
13442,Mariana,Ramirez,72.0,Medellín,2024-07-31 11:35:41.635408864,Premium,"1,71901E+18",8.0,11.0,46.5,Alto uso,Adulto Mayor
13443,Carlos,Torres,22.0,Medellín,2024-07-31 18:09:59.549887472,Basico,,5.0,5.0,18.31,Uso medio,Joven
13444,Luis,Garcia,76.0,CDMX,2024-08-01 00:44:17.464366096,Basico,,6.0,6.0,24.640000000000004,Uso medio,Adulto Mayor
13445,Luis,Torres,33.0,Medellín,2024-08-01 07:18:35.378844720,Basico,"1,72472E+18",6.0,4.0,17.73,Uso medio,Adulto
13446,Sofia,Gomez,35.0,Cali,2024-08-01 13:52:53.293323328,Basico,,7.0,2.0,12.07,Uso medio,Adulto
13447,Ana,Gomez,66.0,,2024-08-01 20:27:11.207801952,Premium,,4.0,8.0,46.96000000000001,Uso medio,Adulto Mayor
13448,Ana,Gomez,35.0,CDMX,2024-08-02 03:01:29.122280576,Basico,,2.0,2.0,10.629999999999999,Bajo uso,Adulto
13449,Mariana,Torres,18.0,Medellín,2024-08-02 09:35:47.036759200,Basico,,3.0,4.0,35.980000000000004,Bajo uso,Joven
13450,Mariana,Lopez,36.0,CDMX,2024-08-02 16:10:04.951237808,Premium,"1,7261E+18",3.0,4.0,21.02,Bajo uso,Adulto
13451,Mariana,Garcia,71.0,Medellín,2024-08-02 22:44:22.865716432,Premium,,3.0,5.0,30.389999999999997,Uso medio,Adulto Mayor
13452,Ana,Torres,78.0,Medellín,2024-08-03 05:18:40.780195056,Basico,,4.0,3.0,4.1499999999999995,Bajo uso,Adulto Mayor
13453,Luis,Lopez,25.0,CDMX,2024-08-03 11:52:58.694673680,Basico,,4.0,3.0,7.38,Bajo uso,Joven
13454,Ana,Lopez,20.0,Cali,2024-08-03 18:27:16.609152288,Basico,,3.0,3.0,15.62,Bajo uso,Joven
13455,Mateo,Torres,75.0,CDMX,2024-08-04 01:01:34.523630912,Basico,,5.0,1.0,4.74,Uso medio,Adulto Mayor
13456,Carlos,Torres,42.0,Cali,2024-08-04 07:35:52.438109536,Basico,"1,7242E+18",7.0,8.0,37.99,Uso medio,Adulto
13457,Mariana,Lopez,75.0,GDL,2024-08-04 14:10:10.352588144,Basico,,7.0,4.0,10.450000000000001,Uso medio,Adulto Mayor
13458,Luis,Lopez,22.0,Medellín,2024-08-04 20:44:28.267066768,Basico,,7.0,7.0,53.64,Uso medio,Joven
13459,Sofia,Lopez,72.0,,2024-08-05 03:18:46.181545392,Premium,,6.0,6.0,18.68,Uso medio,Adulto Mayor
13460,Sofia,Torres,57.0,MTY,2024-08-05 09:53:04.096024016,Basico,,8.0,10.0,50.07,Alto uso,Adulto
13461,Carlos,Lopez,36.0,Bogotá,2024-08-05 16:27:22.010502624,Basico,,5.0,4.0,8.45,Uso medio,Adulto
13462,Luis,Gomez,35.0,Bogotá,2024-08-05 23:01:39.924981248,Premium,,4.0,3.0,3.2199999999999998,Bajo uso,Adulto
13463,Ana,Torres,67.0,CDMX,2024-08-06 05:35:57.839459872,Basico,,4.0,2.0,5.699999999999999,Bajo uso,Adulto Mayor
13464,Ana,Gomez,70.0,Bogotá,2024-08-06 12:10:15.753938496,Basico,,7.0,3.0,15.91,Uso medio,Adulto Mayor
13465,Mateo,Ramirez,48.0,Medellín,2024-08-06 18:44:33.668417104,Basico,,2.0,3.0,21.5,Bajo uso,Adulto
13466,Mateo,Torres,50.0,,2024-08-07 01:18:51.582895728,Basico,,4.0,2.0,4.41,Bajo uso,Adulto
13467,Ana,Ramirez,64.0,,2024-08-07 07:53:09.497374352,Basico,"1,72282E+18",6.0,1.0,7.19,Uso medio,Adulto Mayor
13468,Sofia,Lopez,35.0,Bogotá,2024-08-07 14:27:27.411852960,Basico,,9.0,6.0,39.510000000000005,Uso medio,Adulto
13469,Mariana,Lopez,78.0,Medellín,2024-08-07 21:01:45.326331584,Basico,,7.0,1.0,0.44,Uso medio,Adulto Mayor
13470,Sofia,Garcia,74.0,Cali,2024-08-08 03:36:03.240810208,Basico,,8.0,6.0,38.53,Uso medio,Adulto Mayor
13471,Mateo,Lopez,56.0,Bogotá,2024-08-08 10:10:21.155288832,Premium,,5.0,4.0,19.0,Uso medio,Adulto
13472,Carlos,Ramirez,33.0,CDMX,2024-08-08 16:44:39.069767440,Basico,,9.0,7.0,42.87,Uso medio,Adulto
13473,Ana,Lopez,48.0,Bogotá,2024-08-08 23:18:56.984246064,Basico,,6.0,4.0,21.069999999999997,Uso medio,Adulto
13474,Mateo,Torres,33.0,Cali,2024-08-09 05:53:14.898724688,Premium,,8.0,1.0,4.76,Uso medio,Adulto
13475,Mateo,Lopez,64.0,Bogotá,2024-08-09 12:27:32.813203312,Basico,,14.0,7.0,19.68,Alto uso,Adulto Mayor
13476,Mariana,Garcia,55.0,Medellín,2024-08-09 19:01:50.727681920,Basico,,12.0,7.0,42.059999999999995,Alto uso,Adulto
13477,Ana,Lopez,58.0,GDL,2024-08-10 01:36:08.642160544,Basico,,3.0,4.0,20.189999999999998,Bajo uso,Adulto
13478,Mariana,Ramirez,24.0,,2024-08-10 08:10:26.556639168,Premium,,4.0,5.0,20.68,Uso medio,Joven
13479,Ana,Ramirez,31.0,Bogotá,2024-08-10 14:44:44.471117792,Basico,,7.0,5.0,63.14,Uso medio,Adulto
13480,Mariana,Lopez,60.0,Medellín,2024-08-10 21:19:02.385596400,Premium,,3.0,3.0,9.7,Bajo uso,Adulto Mayor
13481,Sofia,Ramirez,70.0,CDMX,2024-08-11 03:53:20.300075024,Premium,,4.0,3.0,17.3,Bajo uso,Adulto Mayor
13482,Carlos,Ramirez,48.0,CDMX,2024-08-11 10:27:38.214553648,Basico,,2.0,6.0,43.8,Uso medio,Adulto
13483,Carlos,Garcia,65.0,Cali,2024-08-11 17:01:56.129032256,Basico,,2.0,1.0,0.98,Bajo uso,Adulto Mayor
13484,Ana,Torres,42.0,,2024-08-11 23:36:14.043510880,Basico,,1.0,3.0,36.02,Bajo uso,Adulto
13485,Luis,Garcia,49.0,MTY,2024-08-12 06:10:31.957989504,Basico,,9.0,1.0,6.11,Uso medio,Adulto
13486,Mateo,Gomez,55.0,CDMX,2024-08-12 12:44:49.872468128,Basico,"1,73457E+18",4.0,1.0,5.58,Bajo uso,Adulto
13487,Mateo,Garcia,39.0,MTY,2024-08-12 19:19:07.786946736,Basico,,3.0,4.0,19.87,Bajo uso,Adulto
13488,Ana,Lopez,76.0,CDMX,2024-08-13 01:53:25.701425360,Premium,,4.0,3.0,8.27,Bajo uso,Adulto Mayor
13489,Mariana,Torres,33.0,GDL,2024-08-13 08:27:43.615903984,Basico,,6.0,6.0,39.769999999999996,Uso medio,Adulto
13490,Luis,Lopez,69.0,Cali,2024-08-13 15:02:01.530382608,Premium,"1,73448E+18",4.0,4.0,14.559999999999999,Bajo uso,Adulto Mayor
13491,Sofia,Gomez,46.0,,2024-08-13 21:36:19.444861216,Premium,,6.0,6.0,36.65,Uso medio,Adulto
13492,Mariana,Torres,33.0,CDMX,2024-08-14 04:10:37.359339840,Basico,,8.0,4.0,22.9,Uso medio,Adulto
13493,Mariana,Ramirez,29.0,Bogotá,2024-08-14 10:44:55.273818464,Premium,"1,71815E+18",6.0,4.0,131.88,Uso medio,Joven
13494,Ana,Garcia,34.0,GDL,2024-08-14 17:19:13.188297072,Basico,,5.0,5.0,25.470000000000002,Uso medio,Adulto
13495,Ana,Lopez,54.0,CDMX,2024-08-14 23:53:31.102775696,Premium,,7.0,3.0,21.650000000000002,Uso medio,Adulto
13496,Mateo,Gomez,44.0,GDL,2024-08-15 06:27:49.017254320,Basico,,5.0,6.0,24.51,Uso medio,Adulto
13497,Ana,Ramirez,42.0,Bogotá,2024-08-15 13:02:06.931732944,Basico,,7.0,10.0,47.059999999999995,Alto uso,Adulto
13498,Ana,Garcia,30.0,CDMX,2024-08-15 19:36:24.846211552,Premium,,3.0,6.0,32.78,Uso medio,Adulto
13499,Ana,Ramirez,25.0,Bogotá,2024-08-16 02:10:42.760690176,Basico,,7.0,7.0,37.24,Uso medio,Joven
13500,Mateo,Garcia,73.0,CDMX,2024-08-16 08:45:00.675168800,Premium,,7.0,5.0,11.17,Uso medio,Adulto Mayor
13501,Sofia,Torres,22.0,GDL,2024-08-16 15:19:18.589647424,Basico,,5.0,3.0,2.75,Uso medio,Joven
13502,Sofia,Ramirez,29.0,GDL,2024-08-16 21:53:36.504126032,Basico,,5.0,4.0,24.63,Uso medio,Joven
13503,Ana,Ramirez,58.0,,2024-08-17 04:27:54.418604656,Basico,,2.0,3.0,6.78,Bajo uso,Adulto
13504,Mateo,Ramirez,20.0,Medellín,2024-08-17 11:02:12.333083280,Premium,,3.0,6.0,35.61,Uso medio,Joven
13505,Sofia,Torres,52.0,,2024-08-17 17:36:30.247561888,Basico,,7.0,1.0,1.06,Uso medio,Adulto
13506,Mariana,Gomez,50.0,MTY,2024-08-18 00:10:48.162040512,Premium,,2.0,2.0,4.1,Bajo uso,Adulto
13507,Sofia,Garcia,74.0,MTY,2024-08-18 06:45:06.076519136,Premium,,5.0,7.0,33.11,Uso medio,Adulto Mayor
13508,Sofia,Ramirez,39.0,MTY,2024-08-18 13:19:23.990997760,Premium,,5.0,6.0,30.520000000000003,Uso medio,Adulto
13509,Mateo,Torres,67.0,CDMX,2024-08-18 19:53:41.905476368,Premium,"1,7312E+18",2.0,4.0,6.57,Bajo uso,Adulto Mayor
13510,Mariana,Gomez,73.0,Medellín,2024-08-19 02:27:59.819954992,Basico,,3.0,2.0,6.88,Bajo uso,Adulto Mayor
13511,Mateo,Garcia,61.0,MTY,2024-08-19 09:02:17.734433616,Premium,"1,73094E+18",8.0,6.0,13.200000000000001,Uso medio,Adulto Mayor
13512,Ana,Torres,26.0,MTY,2024-08-19 15:36:35.648912240,Premium,,3.0,2.0,2.34,Bajo uso,Joven
13513,Carlos,Garcia,58.0,Bogotá,2024-08-19 22:10:53.563390848,Premium,,8.0,3.0,9.629999999999999,Uso medio,Adulto
13514,Sofia,Ramirez,35.0,Bogotá,2024-08-20 04:45:11.477869472,Basico,,8.0,8.0,54.56999999999999,Uso medio,Adulto
13515,Carlos,Gomez,67.0,,2024-08-20 11:19:29.392348096,Basico,,8.0,9.0,77.74,Uso medio,Adulto Mayor
13516,Mateo,Torres,46.0,MTY,2024-08-20 17:53:47.306826704,Basico,,3.0,4.0,38.92,Bajo uso,Adulto
13517,Mateo,Gomez,56.0,Medellín,2024-08-21 00:28:05.221305328,Basico,,6.0,4.0,15.989999999999998,Uso medio,Adulto
13518,Mateo,Ramirez,44.0,MTY,2024-08-21 07:02:23.135783952,Basico,,3.0,1.0,3.17,Bajo uso,Adulto
13519,Carlos,Gomez,53.0,,2024-08-21 13:36:41.050262576,Basico,,7.0,6.0,23.28,Uso medio,Adulto
13520,Mateo,Gomez,62.0,Bogotá,2024-08-21 20:10:58.964741184,Basico,,10.0,4.0,14.91,Alto uso,Adulto Mayor
13521,Ana,Lopez,34.0,Medellín,2024-08-22 02:45:16.879219808,Basico,,8.0,7.0,26.719999999999995,Uso medio,Adulto
13522,Mateo,Gomez,73.0,CDMX,2024-08-22 09:19:34.793698432,Basico,"1,73284E+18",8.0,5.0,16.75,Uso medio,Adulto Mayor
13523,Luis,Garcia,51.0,Medellín,2024-08-22 15:53:52.708177056,Basico,"1,7318E+18",5.0,2.0,8.940000000000001,Uso medio,Adulto
13524,Carlos,Torres,63.0,GDL,2024-08-22 22:28:10.622655664,Premium,,6.0,4.0,28.68,Uso medio,Adulto Mayor
13525,Luis,Lopez,20.0,Bogotá,2024-08-23 05:02:28.537134288,Basico,,8.0,1.0,3.1,Uso medio,Joven
13526,Mateo,Torres,22.0,,2024-08-23 11:36:46.451612912,Basico,,7.0,9.0,20.07,Uso medio,Joven
13527,Ana,Torres,31.0,,2024-08-23 18:11:04.366091520,Basico,,6.0,8.0,28.75,Uso medio,Adulto
13528,Sofia,Ramirez,20.0,Bogotá,2024-08-24 00:45:22.280570144,Basico,,11.0,8.0,41.260000000000005,Alto uso,Joven
13529,Mariana,Ramirez,40.0,Cali,2024-08-24 07:19:40.195048768,Premium,,2.0,3.0,10.440000000000001,Bajo uso,Adulto
13530,Mariana,Lopez,56.0,CDMX,2024-08-24 13:53:58.109527392,Premium,,8.0,5.0,7.49,Uso medio,Adulto
13531,Mateo,Ramirez,47.0,Cali,2024-08-24 20:28:16.024006000,Basico,,4.0,4.0,12.809999999999999,Bajo uso,Adulto
13532,Ana,Ramirez,67.0,Medellín,2024-08-25 03:02:33.938484624,Basico,,8.0,4.0,20.33,Uso medio,Adulto Mayor
13533,Carlos,Ramirez,62.0,Bogotá,2024-08-25 09:36:51.852963248,Premium,,8.0,3.0,11.24,Uso medio,Adulto Mayor
13534,Luis,Torres,78.0,,2024-08-25 16:11:09.767441872,Basico,,9.0,5.0,21.99,Uso medio,Adulto Mayor
13535,Luis,Lopez,40.0,Cali,2024-08-25 22:45:27.681920480,Basico,,4.0,6.0,34.36,Uso medio,Adulto
13536,Luis,Torres,44.0,GDL,2024-08-26 05:19:45.596399104,Basico,,7.0,8.0,38.400000000000006,Uso medio,Adulto
13537,Carlos,Garcia,71.0,Cali,2024-08-26 11:54:03.510877728,Basico,,3.0,1.0,4.77,Bajo uso,Adulto Mayor
13538,Mariana,Torres,27.0,CDMX,2024-08-26 18:28:21.425356336,Basico,"1,7223E+18",6.0,2.0,2.66,Uso medio,Joven
13539,Ana,Garcia,42.0,Cali,2024-08-27 01:02:39.339834960,Basico,"1,72256E+18",6.0,2.0,18.939999999999998,Uso medio,Adulto
13540,Carlos,Gomez,30.0,Medellín,2024-08-27 07:36:57.254313584,Basico,,7.0,4.0,33.4,Uso medio,Adulto
13541,Luis,Gomez,33.0,CDMX,2024-08-27 14:11:15.168792208,Basico,"1,73543E+18",3.0,3.0,21.58,Bajo uso,Adulto
13542,Mateo,Garcia,58.0,Medellín,2024-08-27 20:45:33.083270816,Basico,,4.0,6.0,43.24,Uso medio,Adulto
13543,Sofia,Garcia,51.0,Bogotá,2024-08-28 03:19:50.997749440,Basico,,4.0,3.0,11.34,Bajo uso,Adulto
13544,Carlos,Torres,72.0,Bogotá,2024-08-28 09:54:08.912228064,Basico,,7.0,2.0,8.620000000000001,Uso medio,Adulto Mayor
13545,Carlos,Garcia,54.0,GDL,2024-08-28 16:28:26.826706688,Basico,,8.0,2.0,15.91,Uso medio,Adulto
13546,Ana,Lopez,78.0,GDL,2024-08-28 23:02:44.741185296,Basico,,6.0,4.0,21.09,Uso medio,Adulto Mayor
13547,Ana,Gomez,39.0,Cali,2024-08-29 05:37:02.655663920,Premium,,9.0,3.0,24.689999999999998,Uso medio,Adulto
13548,Carlos,Gomez,34.0,GDL,2024-08-29 12:11:20.570142544,Basico,,7.0,6.0,17.18,Uso medio,Adulto
13549,Luis,Garcia,40.0,Bogotá,2024-08-29 18:45:38.484621168,Basico,,4.0,2.0,1.25,Bajo uso,Adulto
13550,Sofia,Ramirez,71.0,Medellín,2024-08-30 01:19:56.399099776,Basico,,3.0,4.0,47.02,Bajo uso,Adulto Mayor
13551,Ana,Ramirez,53.0,CDMX,2024-08-30 07:54:14.313578400,Basico,,7.0,2.0,4.68,Uso medio,Adulto
13552,Luis,Garcia,66.0,Bogotá,2024-08-30 14:28:32.228057024,Basico,,7.0,4.0,16.29,Uso medio,Adulto Mayor
13553,Mateo,Lopez,26.0,Bogotá,2024-08-30 21:02:50.142535632,Basico,,7.0,6.0,22.05,Uso medio,Joven
13554,Ana,Ramirez,69.0,Medellín,2024-08-31 03:37:08.057014256,Premium,,3.0,4.0,9.75,Bajo uso,Adulto Mayor
13555,Luis,Garcia,19.0,MTY,2024-08-31 10:11:25.971492880,Premium,,7.0,2.0,12.92,Uso medio,Joven
13556,Luis,Lopez,49.0,Bogotá,2024-08-31 16:45:43.885971504,Basico,,4.0,2.0,5.7,Bajo uso,Adulto
13557,Sofia,Lopez,73.0,MTY,2024-08-31 23:20:01.800450112,Basico,,3.0,2.0,14.72,Bajo uso,Adulto Mayor
13558,Sofia,Torres,67.0,Cali,2024-09-01 05:54:19.714928736,Premium,,5.0,8.0,32.58,Uso medio,Adulto Mayor
13559,Mateo,Lopez,70.0,CDMX,2024-09-01 12:28:37.629407360,Basico,,4.0,7.0,37.83,Uso medio,Adulto Mayor
13560,Luis,Ramirez,76.0,,2024-09-01 19:02:55.543885984,Premium,,4.0,8.0,34.03,Uso medio,Adulto Mayor
13561,Mariana,Ramirez,39.0,Medellín,2024-09-02 01:37:13.458364592,Basico,,4.0,4.0,15.82,Bajo uso,Adulto
13562,Luis,Garcia,60.0,,2024-09-02 08:11:31.372843216,Basico,,4.0,1.0,6.41,Bajo uso,Adulto Mayor
13563,Sofia,Garcia,30.0,Bogotá,2024-09-02 14:45:49.287321840,Basico,,5.0,6.0,24.829999999999995,Uso medio,Adulto
13564,Mariana,Lopez,25.0,MTY,2024-09-02 21:20:07.201800448,Premium,,4.0,5.0,30.15,Uso medio,Joven
13565,Ana,Gomez,76.0,,2024-09-03 03:54:25.116279072,Premium,,3.0,5.0,15.46,Uso medio,Adulto Mayor
13566,Ana,Torres,18.0,CDMX,2024-09-03 10:28:43.030757696,Basico,,6.0,8.0,26.93,Uso medio,Joven
13567,Carlos,Gomez,34.0,CDMX,2024-09-03 17:03:00.945236320,Premium,,5.0,3.0,17.78,Uso medio,Adulto
13568,Sofia,Lopez,29.0,GDL,2024-09-03 23:37:18.859714928,Basico,,6.0,4.0,25.9,Uso medio,Joven
13569,Carlos,Lopez,21.0,,2024-09-04 06:11:36.774193552,Premium,,7.0,3.0,11.530000000000001,Uso medio,Joven
13570,Mariana,Gomez,70.0,Medellín,2024-09-04 12:45:54.688672176,Premium,,5.0,5.0,32.52,Uso medio,Adulto Mayor
13571,Sofia,Torres,30.0,Bogotá,2024-09-04 19:20:12.603150800,Basico,,3.0,5.0,15.45,Uso medio,Adulto
13572,Mateo,Gomez,48.0,Medellín,2024-09-05 01:54:30.517629408,Basico,,10.0,2.0,7.1000000000000005,Alto uso,Adulto
13573,Luis,Garcia,78.0,Bogotá,2024-09-05 08:28:48.432108032,Premium,,6.0,6.0,28.080000000000002,Uso medio,Adulto Mayor
13574,Mateo,Ramirez,58.0,Cali,2024-09-05 15:03:06.346586656,Premium,,3.0,7.0,20.52,Uso medio,Adulto
13575,Mariana,Garcia,76.0,MTY,2024-09-05 21:37:24.261065264,Basico,,6.0,4.0,17.34,Uso medio,Adulto Mayor
13576,Sofia,Ramirez,79.0,Cali,2024-09-06 04:11:42.175543888,Basico,,4.0,1.0,1.07,Bajo uso,Adulto Mayor
13577,Mariana,Lopez,24.0,GDL,2024-09-06 10:46:00.090022512,Premium,,5.0,4.0,19.71,Uso medio,Joven
13578,Luis,Torres,40.0,GDL,2024-09-06 17:20:18.004501136,Basico,,3.0,3.0,6.87,Bajo uso,Adulto
13579,Ana,Gomez,41.0,Bogotá,2024-09-06 23:54:35.918979744,Basico,"1,71936E+18",5.0,7.0,32.72,Uso medio,Adulto
13580,Ana,Torres,48.0,Bogotá,2024-09-07 06:28:53.833458368,Basico,,3.0,7.0,15.040000000000001,Uso medio,Adulto
13581,Mariana,Gomez,22.0,Medellín,2024-09-07 13:03:11.747936992,Premium,,11.0,4.0,14.299999999999999,Alto uso,Joven
13582,Carlos,Garcia,22.0,MTY,2024-09-07 19:37:29.662415616,Basico,,11.0,8.0,34.92,Alto uso,Joven
13583,Sofia,Garcia,34.0,GDL,2024-09-08 02:11:47.576894224,Basico,,6.0,6.0,39.86,Uso medio,Adulto
13584,Sofia,Gomez,47.0,Bogotá,2024-09-08 08:46:05.491372848,Basico,,8.0,7.0,43.559999999999995,Uso medio,Adulto
13585,Ana,Torres,26.0,Bogotá,2024-09-08 15:20:23.405851472,Premium,"1,73076E+18",9.0,7.0,23.639999999999997,Uso medio,Joven
13586,Mateo,Gomez,23.0,CDMX,2024-09-08 21:54:41.320330080,Premium,,7.0,3.0,7.619999999999999,Uso medio,Joven
13587,Luis,Lopez,42.0,Bogotá,2024-09-09 04:28:59.234808704,Premium,,10.0,4.0,12.1,Alto uso,Adulto
13588,Mateo,Garcia,36.0,MTY,2024-09-09 11:03:17.149287328,Basico,,4.0,3.0,20.55,Bajo uso,Adulto
13589,Mateo,Lopez,33.0,MTY,2024-09-09 17:37:35.063765952,Premium,,5.0,5.0,2.62,Uso medio,Adulto
13590,Mariana,Garcia,38.0,GDL,2024-09-10 00:11:52.978244560,Premium,,3.0,5.0,22.24,Uso medio,Adulto
13591,Ana,Garcia,19.0,,2024-09-10 06:46:10.892723184,Premium,,5.0,8.0,48.75,Uso medio,Joven
13592,Ana,Ramirez,27.0,Medellín,2024-09-10 13:20:28.807201808,Premium,,5.0,4.0,22.779999999999998,Uso medio,Joven
13593,Ana,Lopez,33.0,GDL,2024-09-10 19:54:46.721680432,Basico,,3.0,5.0,10.36,Uso medio,Adulto
13594,Mariana,Lopez,54.0,Medellín,2024-09-11 02:29:04.636159040,Basico,,3.0,4.0,9.73,Bajo uso,Adulto
13595,Carlos,Ramirez,32.0,Cali,2024-09-11 09:03:22.550637664,Premium,,3.0,4.0,21.16,Bajo uso,Adulto
13596,Mateo,Torres,30.0,Bogotá,2024-09-11 15:37:40.465116288,Premium,,7.0,2.0,13.0,Uso medio,Adulto
13597,Mariana,Lopez,30.0,Cali,2024-09-11 22:11:58.379594896,Basico,,6.0,5.0,23.76,Uso medio,Adulto
13598,Sofia,Gomez,49.0,CDMX,2024-09-12 04:46:16.294073520,Basico,,6.0,6.0,33.949999999999996,Uso medio,Adulto
13599,Luis,Ramirez,62.0,Cali,2024-09-12 11:20:34.208552144,Premium,"1,73076E+18",5.0,3.0,17.22,Uso medio,Adulto Mayor
13600,Carlos,Lopez,64.0,Bogotá,2024-09-12 17:54:52.123030768,Basico,,7.0,1.0,0.76,Uso medio,Adulto Mayor
13601,Sofia,Torres,63.0,GDL,2024-09-13 00:29:10.037509376,Basico,,6.0,6.0,57.199999999999996,Uso medio,Adulto Mayor
13602,Mateo,Lopez,25.0,Bogotá,2024-09-13 07:03:27.951988000,Premium,,7.0,3.0,14.67,Uso medio,Joven
13603,Ana,Garcia,60.0,,2024-09-13 13:37:45.866466624,Basico,,8.0,3.0,12.850000000000001,Uso medio,Adulto Mayor
13604,Mateo,Gomez,35.0,Cali,2024-09-13 20:12:03.780945248,Basico,,8.0,3.0,17.26,Uso medio,Adulto
13605,Mariana,Ramirez,73.0,Bogotá,2024-09-14 02:46:21.695423856,Premium,,6.0,4.0,4.529999999999999,Uso medio,Adulto Mayor
13606,Luis,Garcia,53.0,CDMX,2024-09-14 09:20:39.609902480,Basico,,7.0,4.0,20.77,Uso medio,Adulto
13607,Mariana,Torres,43.0,Bogotá,2024-09-14 15:54:57.524381104,Basico,,1.0,6.0,20.16,Uso medio,Adulto
13608,Carlos,Garcia,27.0,GDL,2024-09-14 22:29:15.438859712,Basico,,8.0,5.0,34.59,Uso medio,Joven
13609,Carlos,Garcia,48.0,CDMX,2024-09-15 05:03:33.353338336,Basico,,6.0,6.0,16.7,Uso medio,Adulto
13610,Luis,Torres,50.0,Bogotá,2024-09-15 11:37:51.267816960,Basico,,8.0,3.0,6.99,Uso medio,Adulto
13611,Sofia,Garcia,46.0,,2024-09-15 18:12:09.182295584,Basico,,3.0,3.0,17.25,Bajo uso,Adulto
13612,Sofia,Ramirez,22.0,Medellín,2024-09-16 00:46:27.096774192,Basico,,5.0,9.0,105.54000000000002,Uso medio,Joven
13613,Carlos,Lopez,30.0,GDL,2024-09-16 07:20:45.011252816,Basico,,10.0,6.0,23.34,Alto uso,Adulto
13614,Carlos,Garcia,18.0,Bogotá,2024-09-16 13:55:02.925731440,Basico,,6.0,5.0,22.55,Uso medio,Joven
13615,Ana,Ramirez,40.0,,2024-09-16 20:29:20.840210064,Premium,,2.0,4.0,25.98,Bajo uso,Adulto
13616,Sofia,Lopez,57.0,Medellín,2024-09-17 03:03:38.754688672,Basico,,5.0,5.0,31.259999999999998,Uso medio,Adulto
13617,Luis,Lopez,20.0,Medellín,2024-09-17 09:37:56.669167296,Premium,,3.0,3.0,20.96,Bajo uso,Joven
13618,Sofia,Garcia,20.0,,2024-09-17 16:12:14.583645920,Basico,,6.0,2.0,11.0,Uso medio,Joven
13619,Ana,Ramirez,24.0,Cali,2024-09-17 22:46:32.498124528,Premium,,9.0,3.0,30.71,Uso medio,Joven
13620,Mariana,Garcia,53.0,CDMX,2024-09-18 05:20:50.412603152,Basico,,1.0,4.0,3.6999999999999997,Bajo uso,Adulto
13621,Carlos,Torres,52.0,MTY,2024-09-18 11:55:08.327081776,Basico,,7.0,2.0,7.04,Uso medio,Adulto
13622,Carlos,Lopez,32.0,,2024-09-18 18:29:26.241560400,Basico,,5.0,5.0,19.61,Uso medio,Adulto
13623,Ana,Garcia,57.0,Bogotá,2024-09-19 01:03:44.156039008,Basico,,9.0,6.0,19.01,Uso medio,Adulto
13624,Luis,Lopez,20.0,CDMX,2024-09-19 07:38:02.070517632,Basico,,5.0,2.0,12.57,Uso medio,Joven
13625,Carlos,Ramirez,46.0,Bogotá,2024-09-19 14:12:19.984996256,Basico,,5.0,0.0,0.0,Uso medio,Adulto
13626,Mateo,Gomez,47.0,Medellín,2024-09-19 20:46:37.899474880,Premium,,3.0,5.0,16.55,Uso medio,Adulto
13627,Carlos,Garcia,56.0,,2024-09-20 03:20:55.813953488,Basico,,7.0,1.0,0.41,Uso medio,Adulto
13628,Mateo,Garcia,35.0,MTY,2024-09-20 09:55:13.728432112,Basico,,4.0,5.0,8.969999999999999,Uso medio,Adulto
13629,Ana,Lopez,28.0,Bogotá,2024-09-20 16:29:31.642910736,Basico,,12.0,5.0,45.800000000000004,Alto uso,Joven
13630,Ana,Ramirez,60.0,,2024-09-20 23:03:49.557389360,Premium,,9.0,5.0,24.77,Uso medio,Adulto Mayor
13631,Carlos,Torres,66.0,MTY,2024-09-21 05:38:07.471867968,Basico,,10.0,3.0,40.76,Alto uso,Adulto Mayor
13632,Sofia,Ramirez,77.0,CDMX,2024-09-21 12:12:25.386346592,Basico,,3.0,5.0,52.160000000000004,Uso medio,Adulto Mayor
13633,Mateo,Garcia,55.0,,2024-09-21 18:46:43.300825216,Basico,,5.0,3.0,19.2,Uso medio,Adulto
13634,Luis,Torres,57.0,Bogotá,2024-09-22 01:21:01.215303824,Basico,,6.0,7.0,26.73,Uso medio,Adulto
13635,Carlos,Ramirez,18.0,Bogotá,2024-09-22 07:55:19.129782448,Premium,,3.0,5.0,34.69,Uso medio,Joven
13636,Luis,Gomez,46.0,Medellín,2024-09-22 14:29:37.044261072,Premium,"1,73163E+18",3.0,11.0,52.08,Alto uso,Adulto
13637,Carlos,Lopez,27.0,CDMX,2024-09-22 21:03:54.958739696,Basico,,3.0,8.0,35.99,Uso medio,Joven
13638,Sofia,Ramirez,45.0,,2024-09-23 03:38:12.873218304,Basico,,8.0,4.0,9.870000000000001,Uso medio,Adulto
13639,Sofia,Ramirez,74.0,MTY,2024-09-23 10:12:30.787696928,Basico,,9.0,6.0,12.719999999999999,Uso medio,Adulto Mayor
13640,Sofia,Gomez,48.0,MTY,2024-09-23 16:46:48.702175552,Basico,,4.0,3.0,5.65,Bajo uso,Adulto
13641,Mariana,Garcia,36.0,CDMX,2024-09-23 23:21:06.616654176,Premium,"1,72999E+18",7.0,7.0,35.11,Uso medio,Adulto
13642,Sofia,Lopez,20.0,MTY,2024-09-24 05:55:24.531132784,Basico,,3.0,13.0,81.58999999999999,Alto uso,Joven
13643,Ana,Ramirez,53.0,Cali,2024-09-24 12:29:42.445611408,Basico,,6.0,3.0,9.72,Uso medio,Adulto
13644,Ana,Torres,60.0,Cali,2024-09-24 19:04:00.360090032,Premium,,7.0,4.0,24.98,Uso medio,Adulto Mayor
13645,Mariana,Ramirez,32.0,,2024-09-25 01:38:18.274568640,Basico,,3.0,4.0,10.79,Bajo uso,Adulto
13646,Mateo,Lopez,50.0,Bogotá,2024-09-25 08:12:36.189047264,Premium,,5.0,2.0,4.78,Uso medio,Adulto
13647,Luis,Ramirez,58.0,Medellín,2024-09-25 14:46:54.103525888,Premium,"1,728E+18",11.0,6.0,60.669999999999995,Alto uso,Adulto
13648,Carlos,Gomez,60.0,Bogotá,2024-09-25 21:21:12.018004512,Premium,,4.0,4.0,13.66,Bajo uso,Adulto Mayor
13649,Carlos,Ramirez,68.0,Cali,2024-09-26 03:55:29.932483120,Basico,,7.0,7.0,25.1,Uso medio,Adulto Mayor
13650,Mariana,Ramirez,62.0,Medellín,2024-09-26 10:29:47.846961744,Premium,,3.0,3.0,28.34,Bajo uso,Adulto Mayor
13651,Ana,Torres,43.0,MTY,2024-09-26 17:04:05.761440368,Premium,"1,72524E+18",5.0,5.0,11.31,Uso medio,Adulto
13652,Carlos,Gomez,33.0,MTY,2024-09-26 23:38:23.675918992,Basico,,2.0,4.0,20.96,Bajo uso,Adulto
13653,Ana,Gomez,53.0,GDL,2024-09-27 06:12:41.590397600,Basico,,5.0,3.0,19.81,Uso medio,Adulto
13654,Mateo,Ramirez,50.0,Bogotá,2024-09-27 12:46:59.504876224,Basico,,3.0,4.0,20.37,Bajo uso,Adulto
13655,Luis,Torres,37.0,,2024-09-27 19:21:17.419354848,Premium,,6.0,4.0,26.16,Uso medio,Adulto
13656,Mateo,Ramirez,30.0,GDL,2024-09-28 01:55:35.333833456,Premium,,5.0,7.0,42.89,Uso medio,Adulto
13657,Mariana,Ramirez,50.0,CDMX,2024-09-28 08:29:53.248312080,Premium,"1,73474E+18",6.0,6.0,27.490000000000002,Uso medio,Adulto
13658,Sofia,Lopez,22.0,CDMX,2024-09-28 15:04:11.162790704,Premium,"1,72843E+18",3.0,5.0,13.24,Uso medio,Joven
13659,Sofia,Lopez,54.0,Cali,2024-09-28 21:38:29.077269328,Basico,,10.0,1.0,12.46,Alto uso,Adulto
13660,Sofia,Torres,31.0,MTY,2024-09-29 04:12:46.991747936,Basico,,3.0,4.0,33.43000000000001,Bajo uso,Adulto
13661,Mateo,Garcia,44.0,GDL,2024-09-29 10:47:04.906226560,Basico,,5.0,3.0,12.190000000000001,Uso medio,Adulto
13662,Carlos,Lopez,40.0,MTY,2024-09-29 17:21:22.820705184,Basico,"1,72152E+18",6.0,3.0,20.779999999999998,Uso medio,Adulto
13663,Luis,Garcia,31.0,Medellín,2024-09-29 23:55:40.735183808,Basico,"1,72627E+18",5.0,7.0,31.590000000000003,Uso medio,Adulto
13664,Sofia,Gomez,57.0,Bogotá,2024-09-30 06:29:58.649662416,Premium,,7.0,8.0,72.16000000000001,Uso medio,Adulto
13665,Mariana,Lopez,21.0,Medellín,2024-09-30 13:04:16.564141040,Premium,,5.0,1.0,8.49,Uso medio,Joven
13666,Mariana,Lopez,56.0,MTY,2024-09-30 19:38:34.478619664,Basico,"1,72714E+18",9.0,7.0,63.05,Uso medio,Adulto
13667,Sofia,Torres,69.0,Bogotá,2024-10-01 02:12:52.393098272,Premium,,7.0,4.0,20.97,Uso medio,Adulto Mayor
13668,Sofia,Garcia,36.0,CDMX,2024-10-01 08:47:10.307576896,Basico,,6.0,5.0,28.669999999999998,Uso medio,Adulto
13669,Luis,Lopez,64.0,CDMX,2024-10-01 15:21:28.222055520,Basico,"1,72152E+18",1.0,2.0,16.67,Bajo uso,Adulto Mayor
13670,Sofia,Lopez,71.0,Bogotá,2024-10-01 21:55:46.136534144,Premium,"1,72351E+18",7.0,4.0,22.009999999999998,Uso medio,Adulto Mayor
13671,Luis,Torres,21.0,MTY,2024-10-02 04:30:04.051012752,Basico,,6.0,1.0,4.93,Uso medio,Joven
13672,Mariana,Torres,47.0,Medellín,2024-10-02 11:04:21.965491376,Premium,"1,72238E+18",3.0,9.0,35.22,Uso medio,Adulto
13673,Sofia,Garcia,36.0,CDMX,2024-10-02 17:38:39.879970000,Premium,,6.0,3.0,10.62,Uso medio,Adulto
13674,Mateo,Gomez,48.0,CDMX,2024-10-03 00:12:57.794448624,Premium,,8.0,5.0,37.79,Uso medio,Adulto
13675,Mateo,Gomez,48.0,,2024-10-03 06:47:15.708927232,Basico,,2.0,3.0,3.59,Bajo uso,Adulto
13676,Mariana,Ramirez,26.0,Bogotá,2024-10-03 13:21:33.623405856,Basico,,5.0,2.0,13.13,Uso medio,Joven
13677,Luis,Lopez,70.0,Medellín,2024-10-03 19:55:51.537884480,Basico,,6.0,10.0,31.91,Alto uso,Adulto Mayor
13678,Mateo,Garcia,30.0,Cali,2024-10-04 02:30:09.452363088,Premium,,5.0,5.0,10.379999999999999,Uso medio,Adulto
13679,Luis,Lopez,31.0,Bogotá,2024-10-04 09:04:27.366841712,Premium,,7.0,6.0,35.290000000000006,Uso medio,Adulto
13680,Mateo,Garcia,72.0,Cali,2024-10-04 15:38:45.281320336,Basico,,9.0,5.0,32.69,Uso medio,Adulto Mayor
13681,Mateo,Garcia,77.0,Bogotá,2024-10-04 22:13:03.195798960,Premium,"1,73457E+18",5.0,5.0,23.060000000000002,Uso medio,Adulto Mayor
13682,Luis,Garcia,63.0,GDL,2024-10-05 04:47:21.110277568,Basico,,11.0,5.0,26.869999999999997,Alto uso,Adulto Mayor
13683,Carlos,Lopez,71.0,MTY,2024-10-05 11:21:39.024756192,Basico,,4.0,3.0,12.17,Bajo uso,Adulto Mayor
13684,Mateo,Torres,27.0,Bogotá,2024-10-05 17:55:56.939234816,Premium,,8.0,5.0,12.620000000000001,Uso medio,Joven
13685,Sofia,Lopez,65.0,MTY,2024-10-06 00:30:14.853713440,Premium,,6.0,11.0,30.330000000000002,Alto uso,Adulto Mayor
13686,Mariana,Garcia,48.0,MTY,2024-10-06 07:04:32.768192048,Basico,,2.0,3.0,27.97,Bajo uso,Adulto
13687,Carlos,Ramirez,54.0,MTY,2024-10-06 13:38:50.682670672,Basico,,8.0,6.0,19.07,Uso medio,Adulto
13688,Luis,Gomez,40.0,CDMX,2024-10-06 20:13:08.597149296,Basico,,6.0,3.0,11.83,Uso medio,Adulto
13689,Carlos,Garcia,44.0,CDMX,2024-10-07 02:47:26.511627904,Basico,,4.0,4.0,6.53,Bajo uso,Adulto
13690,Ana,Ramirez,23.0,CDMX,2024-10-07 09:21:44.426106528,Premium,,3.0,5.0,21.830000000000002,Uso medio,Joven
13691,Ana,Torres,43.0,CDMX,2024-10-07 15:56:02.340585152,Basico,,7.0,4.0,6.75,Uso medio,Adulto
13692,Mateo,Garcia,19.0,MTY,2024-10-07 22:30:20.255063776,Basico,,3.0,3.0,14.370000000000001,Bajo uso,Joven
13693,Mateo,Ramirez,62.0,Bogotá,2024-10-08 05:04:38.169542384,Basico,,11.0,4.0,18.58,Alto uso,Adulto Mayor
13694,Sofia,Garcia,78.0,GDL,2024-10-08 11:38:56.084021008,Premium,,6.0,5.0,54.69,Uso medio,Adulto Mayor
13695,Mariana,Lopez,30.0,,2024-10-08 18:13:13.998499632,Premium,,5.0,8.0,38.75,Uso medio,Adulto
13696,Carlos,Ramirez,68.0,Cali,2024-10-09 00:47:31.912978256,Premium,,5.0,0.0,0.0,Uso medio,Adulto Mayor
13697,Ana,Lopez,67.0,Bogotá,2024-10-09 07:21:49.827456864,Basico,,3.0,4.0,20.919999999999998,Bajo uso,Adulto Mayor
13698,Mateo,Lopez,77.0,Medellín,2024-10-09 13:56:07.741935488,Premium,,6.0,6.0,57.269999999999996,Uso medio,Adulto Mayor
13699,Mariana,Ramirez,36.0,MTY,2024-10-09 20:30:25.656414112,Basico,,6.0,5.0,19.07,Uso medio,Adulto
13700,Carlos,Gomez,18.0,CDMX,2024-10-10 03:04:43.570892736,Premium,,9.0,9.0,42.14,Uso medio,Joven
13701,Mateo,Ramirez,57.0,,2024-10-10 09:39:01.485371344,Premium,,8.0,3.0,7.949999999999999,Uso medio,Adulto
13702,Mateo,Gomez,49.0,CDMX,2024-10-10 16:13:19.399849968,Basico,,7.0,6.0,8.71,Uso medio,Adulto
13703,Ana,Garcia,39.0,,2024-10-10 22:47:37.314328592,Basico,,6.0,5.0,22.89,Uso medio,Adulto
13704,Ana,Garcia,65.0,Bogotá,2024-10-11 05:21:55.228807200,Basico,"1,71971E+18",7.0,3.0,16.849999999999998,Uso medio,Adulto Mayor
13705,Mateo,Ramirez,46.0,MTY,2024-10-11 11:56:13.143285824,Basico,"1,7229E+18",4.0,4.0,38.56,Bajo uso,Adulto
13706,Luis,Garcia,19.0,Bogotá,2024-10-11 18:30:31.057764448,Basico,,4.0,2.0,29.61,Bajo uso,Joven
13707,Mateo,Torres,57.0,Bogotá,2024-10-12 01:04:48.972243072,Premium,"1,71919E+18",4.0,8.0,46.2,Uso medio,Adulto
13708,Mariana,Lopez,55.0,CDMX,2024-10-12 07:39:06.886721680,Basico,"1,72584E+18",3.0,6.0,29.719999999999995,Uso medio,Adulto
13709,Mateo,Lopez,65.0,MTY,2024-10-12 14:13:24.801200304,Basico,,1.0,6.0,22.35,Uso medio,Adulto Mayor
13710,Sofia,Gomez,72.0,Medellín,2024-10-12 20:47:42.715678928,Premium,,4.0,2.0,7.73,Bajo uso,Adulto Mayor
13711,Sofia,Garcia,28.0,Bogotá,2024-10-13 03:22:00.630157552,Premium,,5.0,3.0,16.29,Uso medio,Joven
13712,Sofia,Gomez,34.0,GDL,2024-10-13 09:56:18.544636160,Basico,,11.0,3.0,10.530000000000001,Alto uso,Adulto
13713,Luis,Lopez,72.0,MTY,2024-10-13 16:30:36.459114784,Basico,,4.0,3.0,19.830000000000002,Bajo uso,Adulto Mayor
13714,Luis,Lopez,68.0,,2024-10-13 23:04:54.373593408,Basico,,4.0,6.0,12.549999999999999,Uso medio,Adulto Mayor
13715,Mateo,Garcia,60.0,Bogotá,2024-10-14 05:39:12.288072016,Basico,,3.0,7.0,35.68,Uso medio,Adulto Mayor
13716,Sofia,Torres,77.0,Bogotá,2024-10-14 12:13:30.202550640,Basico,,5.0,3.0,19.59,Uso medio,Adulto Mayor
13717,Luis,Torres,25.0,,2024-10-14 18:47:48.117029264,Basico,,4.0,3.0,21.17,Bajo uso,Joven
13718,Ana,Garcia,39.0,MTY,2024-10-15 01:22:06.031507888,Basico,,2.0,3.0,12.74,Bajo uso,Adulto
13719,Mateo,Garcia,21.0,Bogotá,2024-10-15 07:56:23.945986496,Basico,,3.0,5.0,34.59,Uso medio,Joven
13720,Mariana,Gomez,28.0,Cali,2024-10-15 14:30:41.860465120,Basico,,8.0,4.0,20.6,Uso medio,Joven
13721,Carlos,Garcia,25.0,Cali,2024-10-15 21:04:59.774943744,Basico,,10.0,5.0,45.54,Alto uso,Joven
13722,Mateo,Torres,26.0,GDL,2024-10-16 03:39:17.689422368,Basico,,3.0,2.0,7.26,Bajo uso,Joven
13723,Carlos,Garcia,43.0,CDMX,2024-10-16 10:13:35.603900976,Basico,,5.0,3.0,8.790000000000001,Uso medio,Adulto
13724,Sofia,Gomez,19.0,Medellín,2024-10-16 16:47:53.518379600,Basico,,5.0,4.0,15.639999999999999,Uso medio,Joven
13725,Carlos,Gomez,33.0,GDL,2024-10-16 23:22:11.432858224,Premium,,5.0,6.0,18.739999999999995,Uso medio,Adulto
13726,Sofia,Gomez,48.0,,2024-10-17 05:56:29.347336832,Basico,,7.0,6.0,15.2,Uso medio,Adulto
13727,Ana,Gomez,23.0,CDMX,2024-10-17 12:30:47.261815456,Premium,,5.0,6.0,29.95,Uso medio,Joven
13728,Carlos,Ramirez,70.0,MTY,2024-10-17 19:05:05.176294080,Basico,,8.0,4.0,28.56,Uso medio,Adulto Mayor
13729,Mateo,Garcia,38.0,CDMX,2024-10-18 01:39:23.090772704,Basico,,7.0,6.0,24.35,Uso medio,Adulto
13730,Sofia,Lopez,43.0,Medellín,2024-10-18 08:13:41.005251312,Basico,,4.0,2.0,2.37,Bajo uso,Adulto
13731,Mateo,Garcia,76.0,,2024-10-18 14:47:58.919729936,Basico,,4.0,6.0,32.32,Uso medio,Adulto Mayor
13732,Luis,Ramirez,36.0,Medellín,2024-10-18 21:22:16.834208560,Premium,,9.0,9.0,50.44,Uso medio,Adulto
13733,Sofia,Gomez,45.0,,2024-10-19 03:56:34.748687184,Basico,,3.0,4.0,17.77,Bajo uso,Adulto
13734,Carlos,Ramirez,25.0,CDMX,2024-10-19 10:30:52.663165792,Basico,,9.0,6.0,64.77,Uso medio,Joven
13735,Sofia,Torres,31.0,CDMX,2024-10-19 17:05:10.577644416,Basico,,8.0,5.0,16.35,Uso medio,Adulto
13736,Mateo,Torres,41.0,Cali,2024-10-19 23:39:28.492123040,Premium,"1,72895E+18",6.0,4.0,2.2800000000000002,Uso medio,Adulto
13737,Ana,Garcia,65.0,,2024-10-20 06:13:46.406601648,Premium,,3.0,5.0,51.959999999999994,Uso medio,Adulto Mayor
13738,Sofia,Garcia,61.0,Cali,2024-10-20 12:48:04.321080272,Premium,,5.0,5.0,20.18,Uso medio,Adulto Mayor
13739,Carlos,Lopez,54.0,Cali,2024-10-20 19:22:22.235558896,Basico,,7.0,8.0,36.58,Uso medio,Adulto
13740,Luis,Lopez,73.0,MTY,2024-10-21 01:56:40.150037520,Premium,,6.0,5.0,9.799999999999999,Uso medio,Adulto Mayor
13741,Mariana,Torres,43.0,GDL,2024-10-21 08:30:58.064516128,Premium,,7.0,4.0,12.14,Uso medio,Adulto
13742,Ana,Gomez,48.0,,2024-10-21 15:05:15.978994752,Basico,,10.0,5.0,25.75,Alto uso,Adulto
13743,Luis,Ramirez,73.0,MTY,2024-10-21 21:39:33.893473376,Basico,,3.0,8.0,36.58,Uso medio,Adulto Mayor
13744,Sofia,Lopez,68.0,MTY,2024-10-22 04:13:51.807952000,Basico,,5.0,1.0,7.77,Uso medio,Adulto Mayor
13745,Mateo,Lopez,49.0,Medellín,2024-10-22 10:48:09.722430608,Basico,,8.0,9.0,48.36,Uso medio,Adulto
13746,Mateo,Gomez,67.0,GDL,2024-10-22 17:22:27.636909232,Basico,,3.0,0.0,0.0,Bajo uso,Adulto Mayor
13747,Carlos,Gomez,58.0,Cali,2024-10-22 23:56:45.551387856,Basico,,3.0,3.0,10.22,Bajo uso,Adulto
13748,Mateo,Garcia,19.0,CDMX,2024-10-23 06:31:03.465866464,Premium,,4.0,2.0,5.56,Bajo uso,Joven
13749,Ana,Ramirez,42.0,Cali,2024-10-23 13:05:21.380345088,Basico,,5.0,6.0,37.33,Uso medio,Adulto
13750,Mateo,Gomez,69.0,Medellín,2024-10-23 19:39:39.294823712,Premium,,3.0,6.0,49.71000000000001,Uso medio,Adulto Mayor
13751,Carlos,Lopez,61.0,Bogotá,2024-10-24 02:13:57.209302336,Basico,,6.0,5.0,23.46,Uso medio,Adulto Mayor
13752,Mariana,Lopez,78.0,Bogotá,2024-10-24 08:48:15.123780944,Premium,,9.0,4.0,3.68,Uso medio,Adulto Mayor
13753,Sofia,Torres,19.0,GDL,2024-10-24 15:22:33.038259568,Basico,,6.0,2.0,14.01,Uso medio,Joven
13754,Sofia,Gomez,59.0,Bogotá,2024-10-24 21:56:50.952738192,Basico,,5.0,2.0,5.65,Uso medio,Adulto
13755,Mateo,Garcia,18.0,Bogotá,2024-10-25 04:31:08.867216816,Basico,,9.0,3.0,26.13,Uso medio,Joven
13756,Luis,Ramirez,53.0,Bogotá,2024-10-25 11:05:26.781695424,Basico,,6.0,5.0,10.99,Uso medio,Adulto
13757,Sofia,Garcia,74.0,GDL,2024-10-25 17:39:44.696174048,Premium,,10.0,6.0,42.739999999999995,Alto uso,Adulto Mayor
13758,Mariana,Lopez,29.0,CDMX,2024-10-26 00:14:02.610652672,Basico,,7.0,5.0,49.23,Uso medio,Joven
13759,Mateo,Garcia,26.0,CDMX,2024-10-26 06:48:20.525131280,Basico,,6.0,1.0,1.24,Uso medio,Joven
13760,Carlos,Lopez,53.0,Medellín,2024-10-26 13:22:38.439609904,Basico,,5.0,4.0,16.919999999999998,Uso medio,Adulto
13761,Mariana,Lopez,58.0,CDMX,2024-10-26 19:56:56.354088528,Premium,,4.0,4.0,17.240000000000002,Bajo uso,Adulto
13762,Mateo,Lopez,48.0,,2024-10-27 02:31:14.268567152,Basico,,6.0,7.0,17.97,Uso medio,Adulto
13763,Mariana,Lopez,45.0,Medellín,2024-10-27 09:05:32.183045760,Basico,,6.0,4.0,29.169999999999998,Uso medio,Adulto
13764,Sofia,Lopez,55.0,Cali,2024-10-27 15:39:50.097524384,Basico,,3.0,4.0,17.68,Bajo uso,Adulto
13765,Carlos,Torres,50.0,Cali,2024-10-27 22:14:08.012003008,Basico,,6.0,4.0,38.199999999999996,Uso medio,Adulto
13766,Mateo,Garcia,59.0,CDMX,2024-10-28 04:48:25.926481632,Premium,,6.0,2.0,34.16,Uso medio,Adulto
13767,Ana,Torres,78.0,Cali,2024-10-28 11:22:43.840960240,Basico,,3.0,4.0,16.650000000000002,Bajo uso,Adulto Mayor
13768,Carlos,Torres,63.0,Bogotá,2024-10-28 17:57:01.755438864,Premium,"1,71876E+18",2.0,10.0,50.949999999999996,Alto uso,Adulto Mayor
13769,Ana,Gomez,39.0,,2024-10-29 00:31:19.669917488,Basico,,5.0,5.0,20.2,Uso medio,Adulto
13770,Mariana,Gomez,42.0,,2024-10-29 07:05:37.584396112,Basico,,5.0,5.0,26.98,Uso medio,Adulto
13771,Luis,Gomez,78.0,CDMX,2024-10-29 13:39:55.498874720,Basico,,8.0,3.0,8.77,Uso medio,Adulto Mayor
13772,Carlos,Ramirez,35.0,MTY,2024-10-29 20:14:13.413353344,Basico,,14.0,8.0,38.59,Alto uso,Adulto
13773,Mariana,Gomez,23.0,Bogotá,2024-10-30 02:48:31.327831968,Basico,,7.0,4.0,9.59,Uso medio,Joven
13774,Ana,Garcia,35.0,Medellín,2024-10-30 09:22:49.242310576,Basico,,7.0,4.0,22.42,Uso medio,Adulto
13775,Sofia,Torres,69.0,GDL,2024-10-30 15:57:07.156789200,Basico,,7.0,3.0,13.2,Uso medio,Adulto Mayor
13776,Sofia,Garcia,33.0,GDL,2024-10-30 22:31:25.071267824,Basico,,2.0,5.0,17.959999999999997,Uso medio,Adulto
13777,Luis,Gomez,32.0,MTY,2024-10-31 05:05:42.985746448,Basico,,8.0,4.0,35.98,Uso medio,Adulto
13778,Carlos,Ramirez,65.0,Bogotá,2024-10-31 11:40:00.900225056,Premium,,6.0,9.0,57.47,Uso medio,Adulto Mayor
13779,Carlos,Ramirez,25.0,,2024-10-31 18:14:18.814703680,Premium,,5.0,4.0,4.5600000000000005,Uso medio,Joven
13780,Carlos,Torres,30.0,Cali,2024-11-01 00:48:36.729182304,Basico,,8.0,2.0,4.45,Uso medio,Adulto
13781,Mariana,Garcia,72.0,Bogotá,2024-11-01 07:22:54.643660928,Basico,,4.0,4.0,15.599999999999998,Bajo uso,Adulto Mayor
13782,Luis,Lopez,60.0,CDMX,2024-11-01 13:57:12.558139536,Basico,,7.0,5.0,29.459999999999997,Uso medio,Adulto Mayor
13783,Carlos,Garcia,77.0,CDMX,2024-11-01 20:31:30.472618160,Premium,"1,7331E+18",8.0,1.0,1.44,Uso medio,Adulto Mayor
13784,Mariana,Gomez,78.0,Bogotá,2024-11-02 03:05:48.387096784,Premium,,7.0,6.0,20.24,Uso medio,Adulto Mayor
13785,Sofia,Lopez,74.0,Cali,2024-11-02 09:40:06.301575392,Basico,,5.0,10.0,52.84,Alto uso,Adulto Mayor
13786,Ana,Ramirez,24.0,MTY,2024-11-02 16:14:24.216054016,Basico,,4.0,6.0,18.55,Uso medio,Joven
13787,Mariana,Torres,34.0,Bogotá,2024-11-02 22:48:42.130532640,Basico,,2.0,4.0,8.25,Bajo uso,Adulto
13788,Sofia,Torres,67.0,,2024-11-03 05:23:00.045011264,Basico,,2.0,5.0,14.84,Uso medio,Adulto Mayor
13789,Sofia,Ramirez,49.0,,2024-11-03 11:57:17.959489872,Premium,,4.0,3.0,12.01,Bajo uso,Adulto
13790,Ana,Gomez,39.0,GDL,2024-11-03 18:31:35.873968496,Basico,,10.0,4.0,23.5,Alto uso,Adulto
13791,Sofia,Ramirez,72.0,CDMX,2024-11-04 01:05:53.788447120,Premium,,6.0,3.0,6.91,Uso medio,Adulto Mayor
13792,Luis,Gomez,68.0,MTY,2024-11-04 07:40:11.702925744,Basico,,5.0,5.0,29.520000000000003,Uso medio,Adulto Mayor
13793,Ana,Lopez,74.0,Medellín,2024-11-04 14:14:29.617404352,Basico,,7.0,2.0,19.61,Uso medio,Adulto Mayor
13794,Sofia,Ramirez,30.0,,2024-11-04 20:48:47.531882976,Basico,,10.0,5.0,20.279999999999998,Alto uso,Adulto
13795,Mateo,Gomez,64.0,CDMX,2024-11-05 03:23:05.446361600,Basico,"1,7274E+18",10.0,3.0,10.719999999999999,Alto uso,Adulto Mayor
13796,Mariana,Lopez,40.0,CDMX,2024-11-05 09:57:23.360840208,Premium,,3.0,4.0,5.01,Bajo uso,Adulto
13797,Sofia,Ramirez,79.0,,2024-11-05 16:31:41.275318832,Basico,,6.0,5.0,39.94,Uso medio,Adulto Mayor
13798,Luis,Torres,71.0,Medellín,2024-11-05 23:05:59.189797456,Basico,,2.0,4.0,21.58,Bajo uso,Adulto Mayor
13799,Carlos,Ramirez,46.0,,2024-11-06 05:40:17.104276080,Premium,,5.0,3.0,7.470000000000001,Uso medio,Adulto
13800,Sofia,Garcia,39.0,MTY,2024-11-06 12:14:35.018754688,Basico,,4.0,5.0,21.67,Uso medio,Adulto
13801,Carlos,Ramirez,18.0,Bogotá,2024-11-06 18:48:52.933233312,Basico,,4.0,4.0,15.0,Bajo uso,Joven
13802,Mateo,Garcia,46.0,CDMX,2024-11-07 01:23:10.847711936,Premium,"1,71962E+18",8.0,4.0,22.09,Uso medio,Adulto
13803,Sofia,Lopez,65.0,CDMX,2024-11-07 07:57:28.762190560,Basico,"1,72904E+18",1.0,4.0,16.830000000000002,Bajo uso,Adulto Mayor
13804,Ana,Ramirez,22.0,Bogotá,2024-11-07 14:31:46.676669168,Basico,,5.0,4.0,24.11,Uso medio,Joven
13805,Carlos,Lopez,75.0,MTY,2024-11-07 21:06:04.591147792,Premium,,5.0,5.0,37.06,Uso medio,Adulto Mayor
13806,Mateo,Lopez,52.0,CDMX,2024-11-08 03:40:22.505626416,Basico,"1,71824E+18",6.0,3.0,14.04,Uso medio,Adulto
13807,Ana,Gomez,72.0,,2024-11-08 10:14:40.420105024,Basico,,4.0,5.0,18.700000000000003,Uso medio,Adulto Mayor
13808,Ana,Lopez,27.0,GDL,2024-11-08 16:48:58.334583648,Basico,,5.0,7.0,26.960000000000004,Uso medio,Joven
13809,Ana,Lopez,36.0,Medellín,2024-11-08 23:23:16.249062272,Basico,,5.0,2.0,4.859999999999999,Uso medio,Adulto
13810,Ana,Ramirez,54.0,GDL,2024-11-09 05:57:34.163540896,Premium,,6.0,2.0,8.129999999999999,Uso medio,Adulto
13811,Sofia,Ramirez,24.0,Cali,2024-11-09 12:31:52.078019504,Basico,,6.0,4.0,49.51,Uso medio,Joven
13812,Mariana,Torres,63.0,CDMX,2024-11-09 19:06:09.992498128,Basico,"1,72843E+18",8.0,6.0,16.06,Uso medio,Adulto Mayor
13813,Sofia,Gomez,52.0,Cali,2024-11-10 01:40:27.906976752,Basico,,7.0,6.0,27.669999999999998,Uso medio,Adulto
13814,Sofia,Lopez,62.0,CDMX,2024-11-10 08:14:45.821455376,Basico,,8.0,4.0,15.98,Uso medio,Adulto Mayor
13815,Mateo,Gomez,30.0,Bogotá,2024-11-10 14:49:03.735933984,Basico,,6.0,2.0,4.14,Uso medio,Adulto
13816,Mateo,Garcia,27.0,Medellín,2024-11-10 21:23:21.650412608,Basico,,8.0,6.0,52.05,Uso medio,Joven
13817,Mariana,Lopez,19.0,CDMX,2024-11-11 03:57:39.564891232,Premium,,6.0,7.0,46.91,Uso medio,Joven
13818,Mateo,Gomez,23.0,GDL,2024-11-11 10:31:57.479369840,Basico,,6.0,3.0,27.47,Uso medio,Joven
13819,Luis,Torres,25.0,,2024-11-11 17:06:15.393848464,Premium,,16.0,11.0,47.800000000000004,Alto uso,Joven
13820,Mariana,Torres,53.0,,2024-11-11 23:40:33.308327088,Basico,,6.0,5.0,17.490000000000002,Uso medio,Adulto
13821,Mateo,Lopez,42.0,CDMX,2024-11-12 06:14:51.222805712,Basico,,8.0,3.0,6.36,Uso medio,Adulto
13822,Mariana,Garcia,61.0,CDMX,2024-11-12 12:49:09.137284320,Basico,,6.0,3.0,22.62,Uso medio,Adulto Mayor
13823,Sofia,Torres,77.0,CDMX,2024-11-12 19:23:27.051762944,Basico,"1,72817E+18",8.0,3.0,16.619999999999997,Uso medio,Adulto Mayor
13824,Sofia,Torres,64.0,CDMX,2024-11-13 01:57:44.966241568,Basico,,9.0,6.0,17.650000000000002,Uso medio,Adulto Mayor
13825,Mariana,Garcia,57.0,,2024-11-13 08:32:02.880720192,Basico,,6.0,4.0,18.08,Uso medio,Adulto
13826,Luis,Gomez,24.0,Bogotá,2024-11-13 15:06:20.795198800,Basico,,6.0,7.0,42.75,Uso medio,Joven
13827,Luis,Torres,63.0,Bogotá,2024-11-13 21:40:38.709677424,Premium,,1.0,4.0,11.45,Bajo uso,Adulto Mayor
13828,Mariana,Ramirez,40.0,,2024-11-14 04:14:56.624156048,Basico,,3.0,3.0,12.84,Bajo uso,Adulto
13829,Mateo,Torres,36.0,Bogotá,2024-11-14 10:49:14.538634656,Premium,,7.0,2.0,27.26,Uso medio,Adulto
13830,Carlos,Gomez,63.0,Medellín,2024-11-14 17:23:32.453113280,Basico,,7.0,4.0,14.809999999999999,Uso medio,Adulto Mayor
13831,Luis,Gomez,39.0,MTY,2024-11-14 23:57:50.367591904,Premium,,5.0,6.0,34.82,Uso medio,Adulto
13832,Ana,Lopez,30.0,MTY,2024-11-15 06:32:08.282070528,Basico,,6.0,4.0,5.84,Uso medio,Adulto
13833,Sofia,Ramirez,78.0,Bogotá,2024-11-15 13:06:26.196549136,Premium,,6.0,6.0,23.799999999999997,Uso medio,Adulto Mayor
13834,Mariana,Gomez,38.0,CDMX,2024-11-15 19:40:44.111027760,Basico,,3.0,3.0,30.82,Bajo uso,Adulto
13835,Ana,Garcia,18.0,GDL,2024-11-16 02:15:02.025506384,Basico,,5.0,3.0,13.28,Uso medio,Joven
13836,Mariana,Ramirez,76.0,GDL,2024-11-16 08:49:19.939985008,Premium,,3.0,3.0,2.1599999999999997,Bajo uso,Adulto Mayor
13837,Sofia,Ramirez,36.0,CDMX,2024-11-16 15:23:37.854463616,Basico,,6.0,4.0,20.96,Uso medio,Adulto
13838,Sofia,Garcia,78.0,Bogotá,2024-11-16 21:57:55.768942240,Basico,,8.0,5.0,26.520000000000003,Uso medio,Adulto Mayor
13839,Luis,Torres,77.0,Bogotá,2024-11-17 04:32:13.683420864,Premium,,8.0,5.0,31.51,Uso medio,Adulto Mayor
13840,Luis,Garcia,50.0,MTY,2024-11-17 11:06:31.597899488,Basico,,5.0,3.0,12.14,Uso medio,Adulto
13841,Ana,Garcia,21.0,GDL,2024-11-17 17:40:49.512378096,Basico,,4.0,4.0,24.35,Bajo uso,Joven
13842,Mariana,Torres,59.0,Medellín,2024-11-18 00:15:07.426856720,Basico,,3.0,5.0,21.71,Uso medio,Adulto
13843,Sofia,Torres,20.0,CDMX,2024-11-18 06:49:25.341335344,Premium,,6.0,7.0,15.620000000000001,Uso medio,Joven
13844,Ana,Torres,44.0,Bogotá,2024-11-18 13:23:43.255813952,Basico,,4.0,5.0,49.35,Uso medio,Adulto
13845,Carlos,Torres,69.0,Cali,2024-11-18 19:58:01.170292576,Premium,,5.0,4.0,12.700000000000001,Uso medio,Adulto Mayor
13846,Ana,Torres,58.0,CDMX,2024-11-19 02:32:19.084771200,Premium,,9.0,5.0,32.519999999999996,Uso medio,Adulto
13847,Mateo,Garcia,52.0,Cali,2024-11-19 09:06:36.999249824,Premium,,5.0,3.0,13.36,Uso medio,Adulto
13848,Ana,Lopez,45.0,Cali,2024-11-19 15:40:54.913728432,Basico,,7.0,6.0,36.019999999999996,Uso medio,Adulto
13849,Mateo,Lopez,23.0,CDMX,2024-11-19 22:15:12.828207056,Premium,,6.0,5.0,14.350000000000001,Uso medio,Joven
13850,Mateo,Gomez,23.0,CDMX,2024-11-20 04:49:30.742685680,Basico,,7.0,4.0,142.84,Uso medio,Joven
13851,Mateo,Lopez,72.0,,2024-11-20 11:23:48.657164304,Premium,,10.0,3.0,16.18,Alto uso,Adulto Mayor
13852,Carlos,Lopez,74.0,GDL,2024-11-20 17:58:06.571642912,Basico,,9.0,3.0,20.16,Uso medio,Adulto Mayor
13853,Ana,Garcia,61.0,Cali,2024-11-21 00:32:24.486121536,Premium,,6.0,6.0,30.689999999999998,Uso medio,Adulto Mayor
13854,Ana,Torres,40.0,Bogotá,2024-11-21 07:06:42.400600160,Basico,,9.0,9.0,55.88000000000001,Uso medio,Adulto
13855,Carlos,Torres,79.0,GDL,2024-11-21 13:41:00.315078768,Basico,,4.0,4.0,9.06,Bajo uso,Adulto Mayor
13856,Sofia,Garcia,50.0,CDMX,2024-11-21 20:15:18.229557392,Basico,,4.0,4.0,31.990000000000002,Bajo uso,Adulto
13857,Luis,Lopez,33.0,Bogotá,2024-11-22 02:49:36.144036016,Basico,,4.0,1.0,7.03,Bajo uso,Adulto
13858,Ana,Garcia,48.0,Bogotá,2024-11-22 09:23:54.058514640,Basico,,7.0,5.0,33.49,Uso medio,Adulto
13859,Luis,Gomez,41.0,Medellín,2024-11-22 15:58:11.972993248,Basico,,4.0,5.0,36.64,Uso medio,Adulto
13860,Mariana,Torres,22.0,,2024-11-22 22:32:29.887471872,Basico,,6.0,7.0,34.730000000000004,Uso medio,Joven
13861,Mariana,Ramirez,58.0,Cali,2024-11-23 05:06:47.801950496,Basico,,5.0,4.0,32.85,Uso medio,Adulto
13862,Carlos,Gomez,59.0,GDL,2024-11-23 11:41:05.716429120,Basico,,8.0,11.0,33.66,Alto uso,Adulto
13863,Mariana,Gomez,30.0,,2024-11-23 18:15:23.630907728,Basico,,6.0,3.0,6.98,Uso medio,Adulto
13864,Mariana,Garcia,64.0,Cali,2024-11-24 00:49:41.545386352,Premium,,7.0,1.0,5.05,Uso medio,Adulto Mayor
13865,Sofia,Lopez,29.0,,2024-11-24 07:23:59.459864976,Premium,,5.0,6.0,48.35,Uso medio,Joven
13866,Sofia,Torres,22.0,Bogotá,2024-11-24 13:58:17.374343584,Basico,,11.0,4.0,15.29,Alto uso,Joven
13867,Sofia,Ramirez,54.0,Cali,2024-11-24 20:32:35.288822208,Basico,,1.0,4.0,20.74,Bajo uso,Adulto
13868,Mariana,Gomez,48.0,Bogotá,2024-11-25 03:06:53.203300832,Basico,"1,72212E+18",2.0,3.0,17.189999999999998,Bajo uso,Adulto
13869,Carlos,Ramirez,45.0,MTY,2024-11-25 09:41:11.117779456,Premium,,6.0,8.0,34.37,Uso medio,Adulto
13870,Mateo,Lopez,45.0,,2024-11-25 16:15:29.032258064,Premium,,5.0,4.0,37.870000000000005,Uso medio,Adulto
13871,Mateo,Lopez,47.0,CDMX,2024-11-25 22:49:46.946736688,Basico,"1,73344E+18",6.0,6.0,16.229999999999997,Uso medio,Adulto
13872,Luis,Ramirez,35.0,CDMX,2024-11-26 05:24:04.861215312,Basico,"1,71876E+18",6.0,2.0,10.11,Uso medio,Adulto
13873,Mateo,Torres,61.0,,2024-11-26 11:58:22.775693936,Premium,"1,71953E+18",14.0,4.0,24.199999999999996,Alto uso,Adulto Mayor
13874,Mateo,Lopez,44.0,CDMX,2024-11-26 18:32:40.690172544,Basico,,3.0,5.0,25.919999999999998,Uso medio,Adulto
13875,Sofia,Ramirez,52.0,,2024-11-27 01:06:58.604651168,Basico,"1,721E+18",7.0,3.0,18.76,Uso medio,Adulto
13876,Sofia,Gomez,43.0,Medellín,2024-11-27 07:41:16.519129792,Basico,,6.0,4.0,21.53,Uso medio,Adulto
13877,Mariana,Ramirez,74.0,CDMX,2024-11-27 14:15:34.433608400,Basico,,6.0,2.0,4.11,Uso medio,Adulto Mayor
13878,Luis,Ramirez,56.0,Bogotá,2024-11-27 20:49:52.348087024,Basico,,8.0,4.0,21.959999999999997,Uso medio,Adulto
13879,Ana,Garcia,66.0,Cali,2024-11-28 03:24:10.262565648,Premium,"1,73362E+18",5.0,2.0,15.96,Uso medio,Adulto Mayor
13880,Luis,Lopez,68.0,Bogotá,2024-11-28 09:58:28.177044272,Premium,,6.0,4.0,38.33,Uso medio,Adulto Mayor
13881,Luis,Torres,77.0,,2024-11-28 16:32:46.091522880,Basico,,7.0,7.0,24.0,Uso medio,Adulto Mayor
13882,Carlos,Torres,35.0,,2024-11-28 23:07:04.006001504,Premium,,4.0,4.0,13.159999999999998,Bajo uso,Adulto
13883,Mariana,Garcia,50.0,MTY,2024-11-29 05:41:21.920480128,Premium,,1.0,2.0,1.95,Bajo uso,Adulto
13884,Carlos,Torres,42.0,CDMX,2024-11-29 12:15:39.834958752,Basico,,5.0,9.0,22.34,Uso medio,Adulto
13885,Luis,Ramirez,73.0,,2024-11-29 18:49:57.749437360,Premium,,3.0,5.0,25.72,Uso medio,Adulto Mayor
13886,Luis,Garcia,48.0,Bogotá,2024-11-30 01:24:15.663915984,Premium,,4.0,9.0,30.46,Uso medio,Adulto
13887,Luis,Gomez,54.0,CDMX,2024-11-30 07:58:33.578394608,Basico,,4.0,3.0,5.19,Bajo uso,Adulto
13888,Mateo,Lopez,76.0,Cali,2024-11-30 14:32:51.492873216,Premium,,2.0,2.0,12.760000000000002,Bajo uso,Adulto Mayor
13889,Carlos,Lopez,77.0,,2024-11-30 21:07:09.407351840,Premium,,8.0,6.0,37.12,Uso medio,Adulto Mayor
13890,Luis,Lopez,19.0,Medellín,2024-12-01 03:41:27.321830464,Premium,,9.0,3.0,9.559999999999999,Uso medio,Joven
13891,Sofia,Ramirez,50.0,Bogotá,2024-12-01 10:15:45.236309088,Premium,,7.0,5.0,38.39,Uso medio,Adulto
13892,Mariana,Gomez,56.0,Medellín,2024-12-01 16:50:03.150787696,Basico,"1,72403E+18",7.0,6.0,26.889999999999997,Uso medio,Adulto
13893,Mariana,Garcia,78.0,Medellín,2024-12-01 23:24:21.065266320,Premium,,12.0,6.0,37.1,Alto uso,Adulto Mayor
13894,Sofia,Garcia,60.0,,2024-12-02 05:58:38.979744944,Premium,,5.0,6.0,9.479999999999999,Uso medio,Adulto Mayor
13895,Mariana,Lopez,60.0,,2024-12-02 12:32:56.894223568,Basico,"1,72636E+18",4.0,4.0,15.25,Bajo uso,Adulto Mayor
13896,Mateo,Gomez,48.0,Bogotá,2024-12-02 19:07:14.808702176,Basico,,7.0,1.0,1.66,Uso medio,Adulto
13897,Mateo,Gomez,49.0,Cali,2024-12-03 01:41:32.723180800,Premium,,8.0,4.0,36.42,Uso medio,Adulto
13898,Ana,Gomez,35.0,,2024-12-03 08:15:50.637659424,Basico,,1.0,3.0,12.8,Bajo uso,Adulto
13899,Ana,Torres,34.0,CDMX,2024-12-03 14:50:08.552138032,Premium,,4.0,4.0,20.66,Bajo uso,Adulto
13900,Ana,Torres,51.0,CDMX,2024-12-03 21:24:26.466616656,Premium,,5.0,6.0,62.11999999999999,Uso medio,Adulto
13901,Mariana,Lopez,56.0,,2024-12-04 03:58:44.381095280,Basico,,9.0,8.0,31.890000000000004,Uso medio,Adulto
13902,Mateo,Gomez,24.0,GDL,2024-12-04 10:33:02.295573904,Basico,,3.0,4.0,18.43,Bajo uso,Joven
13903,Mateo,Gomez,59.0,CDMX,2024-12-04 17:07:20.210052512,Basico,,4.0,1.0,1.11,Bajo uso,Adulto
13904,Mateo,Garcia,71.0,CDMX,2024-12-04 23:41:38.124531136,Basico,,9.0,7.0,59.20000000000001,Uso medio,Adulto Mayor
13905,Sofia,Garcia,70.0,MTY,2024-12-05 06:15:56.039009760,Premium,,7.0,6.0,36.33,Uso medio,Adulto Mayor
13906,Mateo,Lopez,52.0,GDL,2024-12-05 12:50:13.953488384,Basico,,8.0,4.0,11.879999999999999,Uso medio,Adulto
13907,Sofia,Gomez,47.0,MTY,2024-12-05 19:24:31.867966992,Basico,,7.0,2.0,4.609999999999999,Uso medio,Adulto
13908,Ana,Lopez,29.0,,2024-12-06 01:58:49.782445616,Basico,,5.0,7.0,27.520000000000007,Uso medio,Joven
13909,Ana,Garcia,52.0,Medellín,2024-12-06 08:33:07.696924240,Premium,,7.0,4.0,8.83,Uso medio,Adulto
13910,Mariana,Garcia,28.0,Medellín,2024-12-06 15:07:25.611402848,Basico,,7.0,3.0,36.28,Uso medio,Joven
13911,Ana,Torres,78.0,CDMX,2024-12-06 21:41:43.525881472,Premium,,2.0,5.0,29.0,Uso medio,Adulto Mayor
13912,Mariana,Lopez,61.0,Medellín,2024-12-07 04:16:01.440360096,Basico,,4.0,2.0,16.5,Bajo uso,Adulto Mayor
13913,Luis,Lopez,74.0,Medellín,2024-12-07 10:50:19.354838720,Premium,,2.0,6.0,26.119999999999997,Uso medio,Adulto Mayor
13914,Luis,Gomez,21.0,Medellín,2024-12-07 17:24:37.269317328,Basico,,3.0,9.0,31.35,Uso medio,Joven
13915,Carlos,Gomez,42.0,GDL,2024-12-07 23:58:55.183795952,Basico,,1.0,6.0,23.779999999999998,Uso medio,Adulto
13916,Mariana,Torres,65.0,Bogotá,2024-12-08 06:33:13.098274576,Premium,,6.0,3.0,9.24,Uso medio,Adulto Mayor
13917,Carlos,Ramirez,49.0,Cali,2024-12-08 13:07:31.012753200,Basico,,5.0,2.0,10.23,Uso medio,Adulto
13918,Carlos,Ramirez,37.0,Medellín,2024-12-08 19:41:48.927231808,Basico,,1.0,3.0,15.219999999999999,Bajo uso,Adulto
13919,Luis,Ramirez,67.0,Medellín,2024-12-09 02:16:06.841710432,Premium,,12.0,3.0,7.26,Alto uso,Adulto Mayor
13920,Mariana,Lopez,48.0,Bogotá,2024-12-09 08:50:24.756189056,Premium,,4.0,5.0,132.72,Uso medio,Adulto
13921,Luis,Lopez,21.0,Bogotá,2024-12-09 15:24:42.670667680,Basico,,9.0,2.0,9.61,Uso medio,Joven
13922,Carlos,Garcia,71.0,Cali,2024-12-09 21:59:00.585146288,Basico,,1.0,6.0,39.72,Uso medio,Adulto Mayor
13923,Mariana,Lopez,55.0,CDMX,2024-12-10 04:33:18.499624912,Premium,,1.0,1.0,7.94,Bajo uso,Adulto
13924,Carlos,Lopez,70.0,Medellín,2024-12-10 11:07:36.414103536,Premium,,3.0,2.0,11.100000000000001,Bajo uso,Adulto Mayor
13925,Mateo,Lopez,48.0,,2024-12-10 17:41:54.328582144,Basico,,11.0,4.0,22.09,Alto uso,Adulto
13926,Mariana,Torres,64.0,Cali,2024-12-11 00:16:12.243060768,Basico,,6.0,6.0,16.400000000000002,Uso medio,Adulto Mayor
13927,Mariana,Lopez,18.0,GDL,2024-12-11 06:50:30.157539392,Basico,"1,72549E+18",8.0,4.0,135.96,Uso medio,Joven
13928,Carlos,Gomez,20.0,GDL,2024-12-11 13:24:48.072018016,Premium,,5.0,3.0,7.41,Uso medio,Joven
13929,Mateo,Gomez,54.0,Medellín,2024-12-11 19:59:05.986496624,Basico,,3.0,2.0,9.29,Bajo uso,Adulto
13930,Sofia,Garcia,39.0,,2024-12-12 02:33:23.900975248,Premium,,7.0,7.0,42.05,Uso medio,Adulto
13931,Luis,Torres,79.0,Bogotá,2024-12-12 09:07:41.815453872,Basico,,6.0,3.0,25.06,Uso medio,Adulto Mayor
13932,Carlos,Gomez,34.0,Bogotá,2024-12-12 15:41:59.729932496,Premium,,11.0,3.0,5.6499999999999995,Alto uso,Adulto
13933,Mariana,Torres,79.0,CDMX,2024-12-12 22:16:17.644411104,Premium,,3.0,9.0,31.020000000000003,Uso medio,Adulto Mayor
13934,Luis,Torres,31.0,Medellín,2024-12-13 04:50:35.558889728,Basico,,5.0,2.0,8.05,Uso medio,Adulto
13935,Luis,Garcia,58.0,Medellín,2024-12-13 11:24:53.473368352,Basico,"1,73016E+18",5.0,8.0,19.63,Uso medio,Adulto
13936,Luis,Torres,79.0,,2024-12-13 17:59:11.387846960,Basico,,3.0,4.0,12.27,Bajo uso,Adulto Mayor
13937,Sofia,Lopez,52.0,MTY,2024-12-14 00:33:29.302325584,Premium,"1,72212E+18",8.0,2.0,16.54,Uso medio,Adulto
13938,Ana,Torres,75.0,Cali,2024-12-14 07:07:47.216804208,Basico,,2.0,2.0,11.129999999999999,Bajo uso,Adulto Mayor
13939,Carlos,Garcia,30.0,Bogotá,2024-12-14 13:42:05.131282832,Premium,,6.0,6.0,34.3,Uso medio,Adulto
13940,Ana,Garcia,52.0,Bogotá,2024-12-14 20:16:23.045761440,Premium,,7.0,3.0,3.78,Uso medio,Adulto
13941,Ana,Garcia,60.0,Cali,2024-12-15 02:50:40.960240064,Premium,,5.0,4.0,12.620000000000001,Uso medio,Adulto Mayor
13942,Ana,Gomez,19.0,GDL,2024-12-15 09:24:58.874718688,Premium,,7.0,7.0,37.94,Uso medio,Joven
13943,Luis,Lopez,73.0,MTY,2024-12-15 15:59:16.789197312,Basico,,5.0,6.0,36.36,Uso medio,Adulto Mayor
13944,Mateo,Gomez,64.0,Cali,2024-12-15 22:33:34.703675920,Premium,,7.0,8.0,46.47,Uso medio,Adulto Mayor
13945,Luis,Ramirez,30.0,Bogotá,2024-12-16 05:07:52.618154544,Basico,,7.0,3.0,133.97,Uso medio,Adulto
13946,Luis,Lopez,68.0,CDMX,2024-12-16 11:42:10.532633168,Basico,,6.0,6.0,26.85,Uso medio,Adulto Mayor
13947,Mariana,Torres,71.0,Bogotá,2024-12-16 18:16:28.447111776,Basico,"1,71858E+18",5.0,4.0,21.630000000000003,Uso medio,Adulto Mayor
13948,Mariana,Garcia,33.0,Bogotá,2024-12-17 00:50:46.361590400,Premium,,4.0,5.0,9.879999999999999,Uso medio,Adulto
13949,Ana,Ramirez,35.0,,2024-12-17 07:25:04.276069024,Premium,,4.0,6.0,35.85,Uso medio,Adulto
13950,Luis,Lopez,24.0,GDL,2024-12-17 13:59:22.190547648,Basico,,3.0,5.0,25.94,Uso medio,Joven
13951,Ana,Gomez,62.0,Cali,2024-12-17 20:33:40.105026256,Premium,,9.0,6.0,18.73,Uso medio,Adulto Mayor
13952,Mariana,Garcia,53.0,CDMX,2024-12-18 03:07:58.019504880,Premium,,3.0,7.0,24.61,Uso medio,Adulto
13953,Mateo,Gomez,58.0,GDL,2024-12-18 09:42:15.933983504,Basico,,0.0,7.0,155.69,Uso medio,Adulto
13954,Carlos,Lopez,47.0,GDL,2024-12-18 16:16:33.848462128,Premium,,6.0,4.0,25.29,Uso medio,Adulto
13955,Ana,Lopez,59.0,,2024-12-18 22:50:51.762940736,Basico,,3.0,6.0,45.89000000000001,Uso medio,Adulto
13956,Mateo,Ramirez,58.0,GDL,2024-12-19 05:25:09.677419360,Basico,,5.0,1.0,4.07,Uso medio,Adulto
13957,Carlos,Torres,24.0,Cali,2024-12-19 11:59:27.591897984,Premium,,5.0,3.0,12.19,Uso medio,Joven
13958,Sofia,Gomez,32.0,Bogotá,2024-12-19 18:33:45.506376592,Basico,,4.0,6.0,41.21,Uso medio,Adulto
13959,Ana,Ramirez,77.0,,2024-12-20 01:08:03.420855216,Basico,,10.0,5.0,16.95,Alto uso,Adulto Mayor
13960,Ana,Garcia,57.0,Cali,2024-12-20 07:42:21.335333840,Premium,,5.0,5.0,18.009999999999998,Uso medio,Adulto
13961,Sofia,Torres,36.0,Medellín,2024-12-20 14:16:39.249812464,Premium,,11.0,9.0,53.28,Alto uso,Adulto
13962,Sofia,Ramirez,60.0,,2024-12-20 20:50:57.164291072,Basico,"1,72238E+18",5.0,3.0,7.36,Uso medio,Adulto Mayor
13963,Ana,Gomez,54.0,Medellín,2024-12-21 03:25:15.078769696,Basico,,8.0,4.0,12.84,Uso medio,Adulto
13964,Sofia,Lopez,19.0,Cali,2024-12-21 09:59:32.993248320,Basico,,6.0,5.0,24.55,Uso medio,Joven
13965,Luis,Garcia,59.0,GDL,2024-12-21 16:33:50.907726944,Premium,,5.0,1.0,12.32,Uso medio,Adulto
13966,Carlos,Gomez,65.0,CDMX,2024-12-21 23:08:08.822205552,Basico,,4.0,7.0,57.92999999999999,Uso medio,Adulto Mayor
13967,Carlos,Torres,72.0,Medellín,2024-12-22 05:42:26.736684176,Basico,,9.0,10.0,71.76,Alto uso,Adulto Mayor
13968,Carlos,Torres,30.0,Bogotá,2024-12-22 12:16:44.651162800,Basico,,8.0,4.0,26.990000000000002,Uso medio,Adulto
13969,Luis,Lopez,57.0,Bogotá,2024-12-22 18:51:02.565641408,Basico,,2.0,2.0,12.59,Bajo uso,Adulto
13970,Sofia,Lopez,58.0,Bogotá,2024-12-23 01:25:20.480120032,Basico,,6.0,3.0,10.74,Uso medio,Adulto
13971,Mateo,Garcia,60.0,MTY,2024-12-23 07:59:38.394598656,Basico,,2.0,4.0,10.48,Bajo uso,Adulto Mayor
13972,Sofia,Garcia,60.0,Medellín,2024-12-23 14:33:56.309077280,Basico,,3.0,6.0,44.62,Uso medio,Adulto Mayor
13973,Ana,Lopez,72.0,CDMX,2024-12-23 21:08:14.223555888,Basico,,7.0,5.0,21.34,Uso medio,Adulto Mayor
13974,Mariana,Lopez,75.0,,2024-12-24 03:42:32.138034512,Basico,,7.0,5.0,44.279999999999994,Uso medio,Adulto Mayor
13975,Carlos,Torres,48.0,,2024-12-24 10:16:50.052513136,Basico,,6.0,4.0,7.390000000000001,Uso medio,Adulto
13976,Sofia,Lopez,33.0,,2024-12-24 16:51:07.966991760,Basico,,5.0,4.0,17.499999999999996,Uso medio,Adulto
13977,Mateo,Ramirez,59.0,MTY,2024-12-24 23:25:25.881470368,Basico,,0.0,7.0,48.339999999999996,Uso medio,Adulto
13978,Ana,Gomez,78.0,Bogotá,2024-12-25 05:59:43.795948992,Basico,"1,72264E+18",3.0,9.0,54.3,Uso medio,Adulto Mayor
13979,Luis,Lopez,73.0,,2024-12-25 12:34:01.710427616,Basico,"1,73508E+18",8.0,3.0,9.3,Uso medio,Adulto Mayor
13980,Luis,Garcia,61.0,,2024-12-25 19:08:19.624906224,Basico,,6.0,4.0,8.74,Uso medio,Adulto Mayor
13981,Mateo,Ramirez,74.0,Cali,2024-12-26 01:42:37.539384848,Basico,,6.0,3.0,14.600000000000001,Uso medio,Adulto Mayor
13982,Ana,Garcia,23.0,Bogotá,2024-12-26 08:16:55.453863472,Basico,,6.0,5.0,19.279999999999998,Uso medio,Joven
13983,Carlos,Ramirez,45.0,Bogotá,2024-12-26 14:51:13.368342096,Basico,,6.0,3.0,8.9,Uso medio,Adulto
13984,Sofia,Lopez,49.0,Cali,2024-12-26 21:25:31.282820704,Premium,,4.0,8.0,17.720000000000002,Uso medio,Adulto
13985,Ana,Gomez,61.0,GDL,2024-12-27 03:59:49.197299328,Basico,,2.0,4.0,6.719999999999999,Bajo uso,Adulto Mayor
13986,Luis,Garcia,27.0,Medellín,2024-12-27 10:34:07.111777952,Premium,"1,72636E+18",3.0,8.0,30.61,Uso medio,Joven
13987,Mateo,Ramirez,67.0,Cali,2024-12-27 17:08:25.026256576,Basico,,3.0,8.0,33.230000000000004,Uso medio,Adulto Mayor
13988,Mateo,Torres,35.0,Medellín,,Basico,,9.0,3.0,12.98,Uso medio,Adulto
13989,Sofia,Lopez,21.0,Bogotá,2024-12-28 06:17:00.855213808,Premium,,9.0,2.0,5.83,Uso medio,Joven
13990,Mateo,Gomez,48.0,Bogotá,2024-12-28 12:51:18.769692432,Basico,,5.0,7.0,29.56,Uso medio,Adulto
13991,Mateo,Lopez,26.0,,2024-12-28 19:25:36.684171056,Basico,,3.0,4.0,12.7,Bajo uso,Joven
13992,Ana,Torres,24.0,Medellín,2024-12-29 01:59:54.598649664,Premium,,9.0,3.0,24.060000000000002,Uso medio,Joven
13993,Carlos,Gomez,67.0,Cali,2024-12-29 08:34:12.513128288,Basico,"1,73172E+18",5.0,7.0,23.7,Uso medio,Adulto Mayor
13994,Sofia,Torres,25.0,Medellín,2024-12-29 15:08:30.427606912,Basico,"1,72109E+18",5.0,7.0,16.09,Uso medio,Joven
13995,Ana,Lopez,60.0,Medellín,2024-12-29 21:42:48.342085520,Basico,,6.0,3.0,21.24,Uso medio,Adulto Mayor
13996,Carlos,Ramirez,24.0,Medellín,2024-12-30 04:17:06.256564144,Premium,,4.0,3.0,2.81,Bajo uso,Joven
13997,Ana,Lopez,58.0,Bogotá,2024-12-30 10:51:24.171042768,Premium,,5.0,3.0,11.34,Uso medio,Adulto
13998,Mariana,Lopez,57.0,Bogotá,2024-12-30 17:25:42.085521392,Basico,,6.0,6.0,22.95,Uso medio,Adulto
13999,Ana,Lopez,20.0,Bogotá,2024-12-31 00:00:00.000000000,Basico,,3.0,6.0,26.459999999999997,Uso medio,Joven
